ticket_id,customer_id,issue_type,priority,resolution_days,satisfaction_score
1,13560,Refund,High,10,4
2,3131,Refund,Low,3,2
3,3222,Billing,High,6,2
4,8337,Billing,High,20,2
5,12705,Refund,Medium,12,3
6,4013,Refund,Low,19,3
7,6973,Login,High,15,3
8,3901,Technical,Low,6,3
9,297,Network,Low,10,1
10,9740,Speed,High,18,1
11,4103,Refund,High,12,3
12,13911,Network,Medium,3,5
13,12180,Billing,Low,16,5
14,8823,Refund,Medium,16,3
15,10451,Network,Low,16,4
16,11667,Speed,Low,4,5
17,11615,Speed,Medium,13,1
18,10015,Login,High,4,4
19,1146,Speed,High,18,5
20,8733,Technical,Low,2,3
21,643,Network,Medium,11,2
22,9750,Speed,High,1,3
23,4451,Login,Medium,12,1
24,7844,Refund,Medium,20,5
25,2776,Speed,Medium,1,4
26,11427,Billing,High,20,2
27,9528,Speed,Low,20,1
28,4955,Login,Low,16,5
29,10080,Refund,Low,19,4
30,13103,Technical,High,10,5
31,7301,Refund,Medium,3,2
32,6600,Billing,High,3,3
33,2913,Login,Low,1,2
34,13825,Refund,Low,19,2
35,12194,Network,High,18,3
36,4722,Refund,High,15,2
37,7919,Speed,Low,8,4
38,5481,Network,Low,13,5
39,2296,Login,High,19,2
40,10851,Speed,Medium,7,1
41,12818,Network,Low,6,2
42,9207,Network,Low,1,4
43,6492,Login,High,10,2
44,2621,Billing,High,3,2
45,12487,Technical,Low,8,3
46,10345,Login,Low,10,5
47,3763,Speed,High,16,1
48,2771,Speed,Low,3,3
49,11842,Billing,Low,10,1
50,13877,Speed,Medium,2,5
51,10343,Refund,Medium,7,2
52,14586,Billing,High,13,3
53,11382,Technical,Medium,13,2
54,10534,Network,Medium,13,4
55,4263,Login,Low,8,1
56,4969,Refund,Medium,15,2
57,10757,Refund,Low,4,2
58,10233,Speed,Low,12,1
59,10921,Network,Medium,15,2
60,10281,Network,Medium,12,1
61,557,Billing,Low,1,3
62,10626,Refund,Medium,18,1
63,12241,Network,High,18,5
64,11326,Billing,Medium,11,1
65,2341,Login,Low,7,3
66,5642,Login,Low,6,4
67,3037,Network,Low,1,2
68,14813,Network,Medium,14,5
69,11399,Speed,Medium,15,5
70,1783,Technical,Low,9,4
71,14775,Refund,Low,11,2
72,11369,Billing,High,8,1
73,14352,Speed,Medium,14,3
74,4909,Speed,Low,13,1
75,227,Speed,Medium,12,5
76,5005,Login,High,9,2
77,14056,Network,High,2,4
78,8692,Billing,Medium,5,5
79,3967,Billing,Medium,9,4
80,1958,Login,Medium,6,2
81,326,Speed,High,12,3
82,13903,Technical,High,7,4
83,12390,Refund,Medium,5,1
84,7169,Login,Low,18,1
85,12782,Speed,High,12,4
86,13180,Login,Medium,14,5
87,5470,Login,Medium,7,1
88,10372,Technical,Medium,20,4
89,8188,Technical,Medium,9,4
90,3962,Speed,High,15,2
91,8980,Refund,Medium,2,2
92,1604,Login,Medium,13,3
93,10768,Refund,Low,17,4
94,4445,Technical,Medium,8,5
95,14697,Network,High,2,1
96,8499,Technical,Low,3,2
97,1499,Speed,High,20,5
98,10232,Billing,Low,7,1
99,11351,Billing,High,13,2
100,9336,Technical,Low,19,1
101,3562,Refund,Medium,10,2
102,14213,Refund,High,12,3
103,4480,Login,Low,10,2
104,9189,Network,Medium,3,3
105,330,Speed,High,13,4
106,4775,Billing,Low,13,1
107,8660,Refund,High,17,4
108,7362,Login,Low,14,3
109,13272,Network,Low,11,2
110,7866,Technical,Low,6,5
111,10097,Speed,Medium,18,5
112,9630,Network,Medium,6,1
113,12531,Speed,High,2,1
114,9703,Login,Low,6,5
115,4257,Speed,Medium,15,4
116,12805,Login,Medium,5,2
117,14813,Refund,Low,14,5
118,10409,Refund,Medium,11,2
119,5761,Login,High,20,2
120,6394,Technical,High,20,2
121,6465,Speed,Medium,20,3
122,6844,Network,Medium,8,3
123,4533,Speed,Low,13,3
124,7616,Speed,Low,4,1
125,14473,Billing,Low,15,3
126,10926,Technical,Medium,16,1
127,1240,Technical,High,15,4
128,2800,Technical,Low,18,5
129,10869,Technical,High,10,1
130,6441,Speed,Medium,6,2
131,13211,Login,Medium,8,2
132,9766,Network,High,6,1
133,13424,Network,Medium,15,4
134,62,Network,Medium,20,3
135,5114,Speed,Medium,1,5
136,2086,Technical,High,10,5
137,8761,Network,High,11,4
138,14333,Login,High,8,3
139,4711,Refund,High,19,1
140,9717,Technical,High,13,3
141,2249,Billing,High,3,4
142,9572,Billing,Medium,18,2
143,14869,Speed,Medium,20,2
144,3789,Billing,Low,5,5
145,12481,Refund,Medium,3,4
146,8090,Refund,High,12,2
147,9509,Speed,Medium,8,4
148,14882,Login,Low,18,1
149,5358,Login,Medium,10,2
150,2294,Refund,High,5,1
151,9834,Network,High,15,4
152,1728,Refund,Medium,5,3
153,14669,Speed,Low,2,3
154,12832,Network,High,8,4
155,920,Refund,Medium,14,5
156,12675,Technical,High,20,5
157,2699,Billing,High,16,1
158,11039,Billing,Low,17,4
159,3212,Speed,Medium,5,2
160,11066,Speed,Medium,19,1
161,405,Refund,High,10,2
162,2842,Billing,Low,14,2
163,12514,Billing,Medium,8,2
164,7103,Network,High,13,5
165,1942,Login,Medium,10,4
166,6176,Technical,Medium,16,2
167,9577,Network,Low,13,1
168,4145,Refund,Low,11,3
169,7030,Billing,High,3,2
170,4510,Speed,Low,8,2
171,10544,Network,Low,14,2
172,5493,Billing,Medium,13,5
173,6824,Refund,Low,11,3
174,6326,Network,Low,16,3
175,6173,Speed,High,20,3
176,7463,Speed,Low,17,2
177,9004,Login,Low,19,5
178,11069,Technical,Medium,3,2
179,599,Technical,Medium,6,4
180,12001,Network,Low,10,4
181,6910,Speed,High,2,3
182,5073,Technical,Medium,9,4
183,10783,Billing,Low,6,2
184,8524,Speed,Low,12,3
185,5371,Speed,Low,11,1
186,12560,Login,Medium,8,3
187,11752,Technical,Low,19,2
188,2356,Speed,High,5,4
189,697,Login,Low,8,2
190,13905,Refund,Medium,10,4
191,3282,Speed,High,19,5
192,13293,Login,Medium,17,1
193,2888,Technical,Medium,16,2
194,48,Network,Low,6,2
195,1623,Network,Medium,3,3
196,10720,Login,High,15,1
197,2285,Refund,Low,12,2
198,7044,Network,Low,7,1
199,13773,Network,Low,18,1
200,11167,Speed,Medium,18,5
201,4024,Login,High,4,3
202,11797,Speed,Medium,12,1
203,11415,Refund,Low,4,2
204,5495,Speed,Medium,13,5
205,4418,Billing,Low,18,4
206,9985,Login,Medium,20,3
207,5708,Speed,High,5,1
208,1332,Billing,Medium,13,3
209,8566,Technical,High,20,3
210,11236,Refund,Low,7,5
211,14837,Network,High,15,5
212,8239,Speed,High,5,5
213,11894,Refund,Medium,20,2
214,4632,Refund,Medium,3,5
215,12829,Billing,Medium,14,3
216,10628,Login,Medium,17,4
217,9162,Network,Low,3,5
218,1215,Refund,Low,7,1
219,110,Billing,High,11,3
220,9431,Network,Medium,18,4
221,4804,Speed,Medium,4,1
222,11099,Network,Low,13,4
223,8825,Login,Low,6,4
224,4542,Speed,Low,8,3
225,11895,Billing,High,16,2
226,920,Refund,Low,12,1
227,9942,Login,Low,4,2
228,3568,Billing,Low,8,4
229,5593,Network,Low,9,2
230,5407,Technical,High,17,3
231,13745,Billing,High,14,5
232,10380,Billing,High,3,5
233,12437,Refund,Medium,9,4
234,2035,Billing,Low,20,4
235,11102,Refund,Medium,7,5
236,2651,Refund,Medium,14,2
237,9046,Billing,High,7,3
238,11873,Login,Medium,9,2
239,8517,Login,Low,9,3
240,1669,Network,Medium,16,3
241,11472,Technical,Medium,2,2
242,1560,Speed,Medium,6,5
243,12207,Speed,Medium,1,1
244,3697,Speed,High,3,1
245,1385,Speed,Low,10,5
246,14386,Speed,Low,14,2
247,8017,Technical,Low,11,4
248,1719,Login,Low,13,2
249,4503,Speed,Medium,7,2
250,3381,Speed,Low,3,3
251,12993,Login,Low,11,2
252,6257,Refund,Medium,16,3
253,686,Technical,Medium,12,1
254,14014,Refund,Medium,2,3
255,7942,Speed,Medium,2,4
256,5309,Billing,Low,18,1
257,10637,Technical,Medium,16,4
258,8924,Technical,High,7,4
259,12228,Login,High,10,5
260,12565,Technical,Low,15,4
261,10993,Technical,Low,17,2
262,13001,Speed,High,1,3
263,12188,Network,Medium,16,5
264,13327,Network,High,13,5
265,6804,Technical,High,14,2
266,2633,Billing,Low,1,2
267,13304,Technical,Low,15,5
268,12260,Speed,Low,12,3
269,14127,Login,High,3,3
270,2748,Network,High,15,2
271,5358,Technical,Low,17,4
272,611,Technical,High,3,3
273,9042,Speed,Low,7,2
274,14211,Refund,Medium,18,3
275,6975,Billing,Medium,1,2
276,10114,Refund,Medium,18,3
277,5758,Technical,High,14,3
278,8406,Technical,High,11,1
279,14640,Speed,Medium,16,1
280,3553,Technical,Low,7,3
281,2888,Technical,Medium,2,1
282,1435,Login,Low,20,1
283,8398,Technical,High,14,3
284,10005,Network,Medium,5,1
285,7206,Login,High,5,5
286,7638,Login,High,16,4
287,14618,Login,High,5,2
288,9603,Technical,High,10,2
289,10651,Speed,Low,11,1
290,8288,Refund,Low,5,1
291,12543,Network,Medium,17,1
292,98,Technical,Medium,10,1
293,9837,Billing,Low,3,2
294,5115,Login,Low,14,3
295,6411,Network,Low,14,2
296,3978,Network,High,3,2
297,7810,Technical,High,2,4
298,12864,Network,Low,8,5
299,12922,Technical,High,8,2
300,11939,Login,Low,9,4
301,2740,Billing,Medium,15,3
302,1164,Technical,Low,14,4
303,3371,Billing,Medium,3,1
304,1679,Speed,Low,12,1
305,13107,Network,Medium,8,5
306,11339,Billing,Medium,8,5
307,3087,Technical,Medium,16,2
308,1279,Speed,High,5,5
309,3025,Refund,Medium,17,2
310,14178,Login,Low,15,2
311,3533,Billing,Low,4,3
312,2225,Technical,High,5,4
313,63,Billing,High,17,5
314,13095,Technical,Low,2,3
315,12334,Network,High,2,4
316,12703,Billing,Medium,6,1
317,1994,Technical,Medium,5,2
318,12066,Refund,Low,9,1
319,10664,Login,High,18,4
320,2029,Technical,Low,11,3
321,8787,Technical,Low,11,5
322,5727,Network,High,8,1
323,14461,Refund,Low,3,2
324,6674,Speed,Medium,20,5
325,9556,Technical,Medium,10,5
326,12575,Billing,High,16,3
327,13895,Login,High,8,3
328,14,Network,High,1,4
329,8690,Network,Medium,6,3
330,13585,Billing,High,7,1
331,3713,Billing,High,3,4
332,12777,Billing,Low,10,2
333,1691,Login,Low,3,4
334,6419,Login,High,3,1
335,4062,Billing,Low,20,4
336,1080,Speed,High,18,4
337,3329,Billing,Low,8,4
338,8962,Network,Low,14,4
339,8799,Speed,Medium,8,1
340,8009,Refund,High,14,1
341,9054,Technical,High,19,5
342,3800,Network,High,12,5
343,11855,Technical,Medium,18,1
344,14727,Technical,Medium,13,4
345,10144,Speed,High,17,3
346,10737,Technical,Medium,6,3
347,13131,Speed,High,16,2
348,7018,Speed,High,8,4
349,6246,Network,Medium,8,5
350,9264,Login,Low,9,1
351,5150,Login,Medium,19,5
352,13019,Technical,High,2,4
353,1011,Refund,Low,12,4
354,9437,Speed,Medium,6,5
355,13627,Billing,High,14,3
356,7468,Login,Medium,17,1
357,6624,Billing,Medium,15,1
358,11897,Network,Low,4,2
359,1239,Technical,Medium,1,3
360,11845,Network,Low,13,1
361,6976,Refund,Low,9,5
362,671,Login,Low,12,4
363,8579,Login,High,15,4
364,8629,Refund,Low,2,5
365,6049,Login,Medium,7,2
366,11792,Billing,Low,5,4
367,1836,Billing,High,14,1
368,4018,Refund,High,7,4
369,7256,Network,Low,7,3
370,11317,Speed,High,13,1
371,8819,Login,Low,16,4
372,13797,Speed,High,4,5
373,10013,Billing,High,3,2
374,1370,Technical,Low,16,3
375,10629,Network,Medium,9,5
376,9248,Refund,Low,17,1
377,12512,Speed,Medium,11,1
378,14166,Technical,Medium,17,2
379,14469,Refund,High,2,4
380,9611,Network,Low,9,4
381,6740,Login,Medium,14,3
382,8314,Technical,High,12,4
383,12477,Speed,Low,20,5
384,2308,Speed,Medium,5,3
385,8485,Billing,Medium,10,3
386,8089,Billing,Low,16,1
387,4370,Network,High,19,4
388,867,Refund,Medium,19,3
389,10790,Login,Low,4,3
390,2834,Speed,High,3,3
391,13257,Refund,Medium,12,3
392,5515,Speed,Low,20,4
393,3885,Login,Low,5,1
394,7229,Refund,Medium,3,4
395,4374,Technical,Low,7,4
396,9651,Login,Medium,6,5
397,9776,Speed,High,18,5
398,14085,Network,High,14,4
399,11468,Refund,Medium,9,2
400,14712,Refund,Low,18,1
401,2210,Billing,Low,19,1
402,3490,Billing,Medium,3,2
403,7979,Login,High,9,2
404,5378,Billing,Medium,10,4
405,12930,Login,Medium,3,5
406,5905,Speed,Medium,4,1
407,11251,Speed,Low,18,3
408,667,Refund,High,6,2
409,14591,Refund,High,11,1
410,4674,Login,Low,5,3
411,7397,Login,Low,19,3
412,4865,Technical,Medium,8,3
413,11197,Network,Low,7,2
414,1399,Speed,Medium,17,3
415,12743,Login,Medium,18,5
416,6637,Network,High,20,2
417,12052,Refund,Low,19,1
418,13240,Billing,Medium,11,3
419,8573,Technical,Low,1,2
420,12749,Refund,Medium,10,3
421,12767,Billing,Low,14,2
422,5332,Technical,Medium,15,3
423,5439,Speed,Low,14,1
424,3642,Speed,High,4,5
425,13866,Network,High,16,3
426,2710,Billing,Medium,10,4
427,7935,Billing,High,13,3
428,9714,Refund,Medium,1,1
429,14664,Network,Low,16,2
430,325,Refund,Medium,10,2
431,8483,Network,High,11,4
432,14958,Technical,High,11,1
433,693,Refund,Low,5,3
434,7829,Speed,Low,13,3
435,3393,Speed,High,4,4
436,8828,Login,Medium,12,3
437,2695,Login,Medium,4,3
438,7938,Billing,Low,12,3
439,6341,Login,High,18,2
440,3319,Login,Medium,6,5
441,14171,Network,High,13,4
442,12451,Billing,Low,9,4
443,4847,Refund,Medium,12,4
444,11407,Speed,High,2,4
445,4299,Speed,High,7,5
446,2453,Network,Low,16,2
447,3347,Billing,Low,17,1
448,14110,Network,Medium,16,1
449,14008,Speed,Medium,8,3
450,11701,Billing,Low,20,1
451,12028,Network,Low,15,1
452,10660,Network,Medium,9,2
453,14797,Speed,High,18,1
454,422,Network,Medium,12,3
455,5537,Billing,Low,7,4
456,14694,Refund,Medium,19,2
457,1868,Billing,Medium,11,2
458,14430,Billing,Medium,16,4
459,11603,Speed,High,19,2
460,14927,Network,High,4,2
461,7279,Refund,High,7,3
462,13841,Login,Medium,8,2
463,5291,Technical,Medium,14,3
464,8618,Refund,Medium,8,5
465,6803,Network,Medium,20,5
466,5326,Refund,Medium,11,4
467,6859,Technical,High,7,3
468,5517,Speed,Medium,11,3
469,8795,Speed,High,19,4
470,9163,Technical,Low,9,1
471,10679,Billing,High,1,5
472,7127,Refund,High,17,5
473,4216,Technical,Medium,17,1
474,14718,Login,High,11,1
475,10573,Billing,High,10,2
476,8845,Billing,Medium,20,2
477,2561,Network,High,1,4
478,9108,Login,Medium,10,4
479,10373,Login,High,8,2
480,2471,Speed,Medium,6,1
481,12926,Login,High,7,2
482,10732,Speed,High,14,5
483,1276,Billing,High,11,4
484,7766,Refund,Low,12,3
485,6608,Billing,Low,15,1
486,6285,Billing,Medium,14,4
487,10517,Speed,High,12,5
488,6933,Login,Low,2,5
489,9356,Speed,Medium,8,5
490,11316,Speed,High,12,3
491,10617,Speed,Medium,15,2
492,9873,Login,High,7,1
493,6068,Network,Low,10,3
494,13574,Billing,High,19,3
495,7407,Speed,Medium,3,1
496,3068,Billing,Medium,19,4
497,544,Billing,High,7,4
498,4031,Speed,Medium,1,5
499,3705,Login,Medium,1,4
500,11089,Login,High,5,3
501,7410,Technical,Medium,19,1
502,12168,Network,Low,8,2
503,14102,Refund,Medium,7,1
504,6070,Technical,Low,13,2
505,13415,Refund,Low,20,2
506,11798,Refund,Medium,8,5
507,6187,Speed,Medium,17,2
508,8339,Technical,Medium,1,4
509,1006,Speed,High,20,4
510,7148,Refund,High,15,1
511,3639,Speed,Medium,6,3
512,953,Login,Low,16,2
513,12176,Billing,Low,14,3
514,9539,Billing,Medium,12,4
515,10422,Network,Low,11,4
516,12202,Network,Medium,20,3
517,2057,Billing,High,4,4
518,11081,Billing,High,1,1
519,5800,Speed,High,13,3
520,13812,Billing,Medium,19,4
521,14630,Technical,High,6,5
522,6697,Login,Medium,7,3
523,10758,Login,Medium,1,1
524,5402,Technical,Low,1,2
525,2334,Technical,Medium,15,3
526,9197,Technical,High,20,3
527,1880,Login,Low,2,5
528,3533,Billing,Medium,17,1
529,2972,Billing,Low,7,2
530,208,Network,High,4,2
531,10950,Billing,High,7,2
532,9477,Refund,Medium,1,4
533,9655,Billing,Medium,15,2
534,9612,Billing,High,4,4
535,8490,Billing,Medium,8,3
536,254,Network,High,4,4
537,494,Billing,Medium,4,5
538,2659,Login,High,12,5
539,10107,Billing,High,10,2
540,1606,Refund,Low,14,1
541,1469,Refund,Medium,6,1
542,9382,Billing,Low,1,5
543,3608,Technical,Low,5,1
544,10823,Technical,High,8,5
545,7888,Refund,Medium,7,1
546,6499,Billing,Low,2,4
547,965,Billing,Medium,6,5
548,4717,Login,High,15,1
549,4048,Billing,Medium,8,5
550,2442,Billing,Medium,6,1
551,8584,Technical,Medium,17,4
552,11002,Billing,High,17,4
553,5116,Speed,High,8,5
554,3322,Speed,Low,5,5
555,1631,Billing,Medium,8,3
556,6592,Login,Medium,8,4
557,6591,Speed,High,8,2
558,1905,Login,Low,1,5
559,10996,Network,Medium,4,3
560,6967,Login,Medium,11,1
561,2554,Network,Low,14,3
562,953,Network,High,17,4
563,11929,Speed,High,5,3
564,8224,Refund,Medium,16,1
565,10396,Network,Medium,6,4
566,8002,Refund,Medium,16,3
567,9966,Technical,High,9,5
568,3973,Refund,Medium,1,2
569,4005,Speed,Medium,13,4
570,11158,Login,High,4,5
571,3531,Technical,Medium,4,4
572,13953,Login,Low,5,1
573,2332,Login,Medium,6,2
574,10836,Login,High,17,3
575,2926,Speed,Low,20,3
576,653,Login,Low,20,2
577,9455,Network,High,17,4
578,8063,Login,High,9,3
579,3786,Technical,Low,8,2
580,8032,Billing,Low,10,2
581,12429,Technical,Medium,16,2
582,4675,Technical,High,7,1
583,14928,Login,Medium,10,3
584,14608,Refund,High,15,2
585,12384,Refund,High,11,1
586,6714,Billing,Low,2,1
587,3498,Login,Low,14,2
588,4049,Network,High,16,1
589,7516,Login,Medium,16,4
590,8436,Login,Medium,6,1
591,10132,Technical,High,6,3
592,10332,Login,Low,8,2
593,2041,Technical,Medium,17,4
594,12282,Technical,Low,20,4
595,4996,Speed,Medium,19,1
596,7428,Login,High,20,2
597,4459,Billing,Low,3,4
598,10325,Billing,Medium,5,3
599,14775,Refund,High,5,2
600,2013,Network,Medium,17,1
601,10271,Refund,Medium,18,2
602,3429,Login,Low,16,3
603,10249,Network,Medium,19,3
604,1171,Network,High,13,2
605,13648,Network,Medium,7,5
606,9807,Refund,Medium,18,2
607,10772,Billing,Medium,19,3
608,3439,Network,Medium,15,1
609,2185,Billing,High,3,4
610,10197,Refund,Medium,5,2
611,14021,Refund,Low,16,1
612,13586,Network,High,6,5
613,476,Login,Medium,4,4
614,11280,Login,High,5,5
615,11048,Login,High,17,3
616,14746,Refund,Low,9,3
617,12691,Refund,Medium,19,5
618,13084,Refund,High,17,2
619,12735,Login,Medium,1,3
620,4584,Billing,High,2,2
621,3142,Speed,High,11,4
622,6134,Technical,High,8,4
623,1826,Billing,Low,7,4
624,13882,Login,High,1,2
625,9567,Login,Medium,17,5
626,3528,Technical,High,12,4
627,2134,Technical,Medium,14,2
628,6351,Network,High,4,2
629,10358,Refund,Medium,15,5
630,1810,Billing,High,17,5
631,7301,Login,Medium,6,2
632,8033,Network,High,2,3
633,5288,Login,Low,2,4
634,10346,Network,Medium,12,4
635,14448,Speed,Medium,13,1
636,14830,Refund,High,19,3
637,419,Speed,Low,14,2
638,3873,Billing,High,9,1
639,5196,Network,High,19,4
640,9703,Login,High,16,1
641,7204,Refund,Low,20,3
642,13071,Speed,High,7,1
643,11464,Speed,Low,19,5
644,11597,Refund,Medium,3,2
645,2023,Technical,High,10,4
646,12265,Refund,Low,8,2
647,13012,Network,High,19,4
648,6146,Billing,High,8,4
649,8658,Refund,Medium,8,3
650,472,Billing,Medium,18,3
651,83,Speed,Low,6,3
652,8656,Speed,Low,11,4
653,13013,Login,Medium,9,5
654,9012,Speed,High,13,2
655,11305,Network,Medium,10,5
656,440,Technical,Medium,5,3
657,12173,Billing,Medium,11,5
658,7351,Technical,High,7,4
659,13276,Login,High,20,5
660,2779,Billing,High,9,3
661,924,Billing,Low,13,3
662,12561,Network,Low,5,4
663,9421,Refund,High,6,2
664,10642,Billing,Low,4,1
665,5580,Technical,Medium,1,2
666,5548,Network,High,15,3
667,10323,Speed,Medium,17,5
668,13817,Login,Low,12,5
669,14092,Billing,High,5,1
670,2000,Technical,Medium,18,4
671,12869,Network,Medium,7,5
672,1248,Speed,Medium,4,2
673,5615,Speed,Medium,9,2
674,13782,Speed,High,10,1
675,10054,Technical,Medium,3,5
676,7899,Billing,Medium,12,4
677,9872,Billing,Low,6,4
678,8186,Refund,Medium,15,1
679,10852,Speed,Low,17,5
680,9410,Login,Low,9,4
681,2478,Technical,High,13,4
682,2652,Billing,Medium,17,3
683,2485,Speed,High,6,5
684,3339,Technical,Medium,5,5
685,715,Speed,High,5,1
686,8963,Refund,Low,8,3
687,13198,Refund,High,1,3
688,14668,Billing,Low,9,3
689,2374,Refund,Medium,3,3
690,12334,Refund,Low,4,5
691,14769,Refund,Low,17,5
692,7011,Billing,Low,1,1
693,38,Login,Medium,8,1
694,9407,Refund,Medium,18,5
695,10729,Login,High,19,1
696,3661,Refund,High,4,5
697,1533,Refund,Low,12,3
698,9762,Billing,Low,14,2
699,13021,Refund,Low,7,1
700,11472,Network,Low,9,3
701,9766,Speed,Low,15,5
702,9468,Refund,High,13,5
703,2277,Login,Medium,1,3
704,5145,Billing,High,4,2
705,10239,Billing,High,12,2
706,6650,Billing,Medium,13,2
707,9694,Network,High,14,1
708,11470,Network,Medium,10,1
709,1430,Speed,High,9,3
710,10851,Speed,Low,9,3
711,4483,Billing,High,18,1
712,14422,Network,High,2,5
713,3659,Technical,High,16,4
714,4212,Login,Medium,10,2
715,6775,Network,Low,14,5
716,10425,Network,Low,14,5
717,13687,Speed,High,16,3
718,6281,Speed,High,11,2
719,11511,Speed,Medium,7,5
720,8407,Billing,Medium,17,5
721,5710,Billing,Medium,2,1
722,8313,Billing,Medium,12,3
723,1439,Technical,Low,10,5
724,3849,Network,Medium,13,2
725,1857,Technical,Medium,11,1
726,14002,Billing,Medium,8,5
727,3631,Network,High,20,4
728,12314,Refund,Low,13,5
729,9749,Network,High,14,5
730,6890,Technical,Medium,8,3
731,5665,Speed,High,10,5
732,751,Refund,Low,14,3
733,4638,Billing,High,2,3
734,10740,Speed,High,5,2
735,5980,Billing,High,17,2
736,12775,Billing,High,15,2
737,9189,Speed,Low,10,3
738,958,Network,Low,13,4
739,2180,Network,Low,7,2
740,12104,Speed,Medium,2,1
741,14502,Refund,Low,9,1
742,2353,Speed,Low,12,3
743,14678,Technical,Medium,13,5
744,14354,Refund,Low,7,2
745,12356,Network,Low,17,1
746,2036,Speed,High,2,3
747,3127,Network,High,17,3
748,1695,Speed,Medium,13,3
749,5423,Technical,High,2,5
750,8093,Login,Low,6,3
751,13293,Network,High,4,1
752,9335,Login,Low,16,5
753,5879,Billing,High,1,1
754,5909,Login,Medium,19,3
755,5042,Login,High,14,1
756,6226,Network,Low,3,4
757,13603,Billing,High,14,2
758,10852,Login,High,10,3
759,6246,Billing,High,16,4
760,10280,Billing,Medium,18,2
761,1633,Speed,Low,19,1
762,10876,Speed,Low,13,4
763,558,Login,High,15,2
764,10858,Login,Medium,3,2
765,6382,Network,Low,1,5
766,6635,Billing,Medium,2,1
767,4263,Login,Medium,15,1
768,11546,Speed,Low,16,3
769,5279,Speed,Low,8,5
770,4349,Refund,Medium,13,5
771,7528,Billing,High,19,5
772,1857,Login,Medium,8,3
773,3175,Technical,Low,2,2
774,11667,Login,Low,6,2
775,5680,Speed,Low,5,2
776,8903,Refund,High,4,4
777,8737,Technical,High,20,2
778,8869,Login,High,13,3
779,12866,Refund,Low,15,4
780,3400,Speed,Medium,12,5
781,12192,Speed,High,3,5
782,8356,Billing,Low,14,2
783,12398,Speed,High,16,4
784,6511,Network,Medium,7,3
785,44,Billing,High,12,5
786,1328,Billing,Low,10,1
787,4182,Technical,Low,15,3
788,6531,Billing,Medium,15,5
789,14710,Refund,Low,9,2
790,1482,Network,Low,3,4
791,7852,Login,Low,6,1
792,8900,Network,Medium,14,5
793,2771,Billing,High,9,5
794,13054,Network,Low,8,3
795,2534,Network,High,11,5
796,6270,Network,High,17,4
797,367,Speed,High,18,5
798,5951,Speed,High,12,3
799,14367,Network,Medium,7,5
800,960,Speed,High,6,5
801,831,Refund,High,7,4
802,14604,Billing,High,10,1
803,10661,Billing,Medium,1,5
804,10249,Billing,Low,5,1
805,4546,Network,High,9,3
806,13226,Network,Low,6,2
807,3911,Refund,High,6,2
808,7547,Technical,Medium,2,5
809,5744,Speed,High,5,4
810,10492,Billing,Medium,18,3
811,3632,Speed,Medium,10,3
812,1319,Technical,Medium,7,5
813,8257,Network,High,18,4
814,9009,Technical,Low,19,1
815,4357,Refund,High,14,5
816,12945,Login,Low,18,2
817,4123,Network,Medium,12,1
818,6676,Refund,Medium,18,4
819,5783,Refund,Low,4,5
820,5568,Speed,Medium,16,1
821,914,Login,Medium,17,2
822,7828,Billing,Low,13,1
823,8010,Technical,Low,17,1
824,1228,Network,Low,14,4
825,11990,Speed,High,10,4
826,5096,Login,High,8,2
827,8061,Network,Medium,9,5
828,10770,Technical,Medium,14,4
829,14634,Network,Medium,18,3
830,12957,Speed,Medium,6,4
831,8090,Refund,Low,3,2
832,14865,Login,Low,10,4
833,14341,Billing,Medium,17,3
834,12172,Speed,High,18,1
835,14557,Technical,Low,3,1
836,5164,Network,Low,15,2
837,11330,Refund,High,8,5
838,13408,Network,High,16,4
839,13654,Speed,High,7,5
840,13703,Technical,Medium,12,1
841,507,Refund,Low,8,4
842,11382,Technical,Medium,11,5
843,6987,Speed,Low,20,2
844,300,Speed,High,6,3
845,13913,Network,High,3,2
846,12014,Billing,Medium,3,1
847,11943,Billing,Medium,17,3
848,684,Billing,High,7,1
849,615,Billing,Medium,20,3
850,10651,Technical,High,1,4
851,8305,Network,High,11,3
852,13456,Billing,High,19,1
853,26,Technical,High,5,4
854,9997,Speed,Low,10,4
855,5173,Network,Medium,1,4
856,2335,Login,Low,6,3
857,3582,Refund,Low,2,3
858,14483,Refund,Medium,9,2
859,6663,Speed,Medium,2,4
860,7201,Network,High,20,5
861,7499,Billing,Medium,19,4
862,1393,Login,Low,4,2
863,2736,Network,Low,16,5
864,7188,Refund,Low,20,5
865,14356,Login,Medium,14,2
866,1640,Speed,High,10,2
867,2025,Network,Low,1,3
868,5996,Login,High,1,4
869,3437,Network,Low,8,2
870,2320,Technical,Low,16,2
871,10510,Refund,Low,14,1
872,784,Speed,Medium,18,1
873,4776,Refund,Low,19,2
874,13691,Technical,Medium,18,1
875,4099,Speed,High,18,2
876,5011,Technical,Low,12,5
877,10926,Network,Low,14,3
878,13755,Technical,Medium,2,4
879,3167,Speed,Medium,3,3
880,2924,Technical,Low,2,5
881,6158,Billing,High,11,1
882,10773,Refund,Medium,20,5
883,122,Technical,Low,19,5
884,12972,Technical,High,18,5
885,9057,Technical,Medium,7,5
886,11268,Technical,Low,16,4
887,12530,Refund,Low,6,1
888,8659,Speed,Medium,20,2
889,12897,Billing,Low,18,2
890,9118,Network,Medium,6,3
891,8190,Login,Low,1,2
892,325,Billing,Low,13,4
893,3127,Refund,Low,19,1
894,4221,Technical,High,8,1
895,12554,Technical,Low,13,2
896,11760,Speed,High,1,1
897,14656,Refund,High,9,3
898,2901,Network,High,18,3
899,9515,Network,High,19,3
900,13370,Refund,Medium,14,3
901,4817,Speed,Medium,8,4
902,8562,Technical,Low,13,2
903,11316,Network,High,16,3
904,11715,Speed,High,4,2
905,14134,Billing,Low,3,5
906,4285,Speed,Medium,5,3
907,11330,Refund,Low,9,2
908,14597,Network,Low,11,5
909,6614,Refund,Medium,12,4
910,13076,Network,High,12,5
911,8449,Speed,High,3,5
912,1143,Network,High,17,1
913,13289,Billing,Medium,10,2
914,1351,Technical,High,20,1
915,6752,Speed,High,4,2
916,4423,Login,Medium,11,2
917,12794,Billing,Medium,7,3
918,11058,Login,Low,7,4
919,3289,Speed,High,8,5
920,5439,Speed,Medium,5,5
921,8964,Refund,Low,17,2
922,12879,Network,High,20,2
923,10137,Speed,High,6,1
924,10654,Login,Low,20,5
925,8275,Refund,Medium,18,4
926,4747,Network,High,18,5
927,10738,Network,Low,1,4
928,13027,Login,Low,8,4
929,2154,Billing,Medium,2,5
930,7322,Billing,High,13,3
931,12385,Refund,Medium,5,5
932,1784,Network,Medium,5,1
933,11031,Login,High,14,5
934,13313,Refund,Low,6,5
935,11179,Login,High,12,3
936,14124,Login,Low,10,2
937,10271,Login,Low,12,5
938,8467,Technical,High,19,3
939,9565,Billing,High,18,4
940,7847,Network,High,3,3
941,13618,Technical,High,10,4
942,10078,Refund,High,6,1
943,5085,Network,Low,6,3
944,6629,Refund,Medium,4,2
945,4850,Login,Low,18,3
946,12851,Login,Low,11,4
947,9058,Speed,Low,8,3
948,12521,Login,Medium,19,4
949,10890,Billing,Low,7,3
950,9339,Network,Medium,6,5
951,13669,Network,High,5,1
952,4583,Network,High,12,4
953,7230,Technical,High,18,5
954,7548,Network,High,16,5
955,13481,Technical,Medium,17,3
956,14172,Network,High,6,4
957,929,Refund,High,4,3
958,11346,Refund,Medium,3,3
959,766,Billing,Low,10,5
960,11124,Login,High,15,3
961,10260,Billing,Low,17,4
962,587,Refund,High,10,5
963,7548,Refund,High,10,3
964,2675,Network,Low,5,1
965,1706,Billing,High,5,1
966,5717,Login,Medium,8,5
967,1233,Speed,High,14,5
968,6784,Speed,Medium,9,1
969,4454,Billing,High,8,1
970,12152,Network,Low,19,2
971,3335,Billing,Low,13,2
972,3962,Billing,Low,9,1
973,31,Technical,Low,20,1
974,1215,Network,High,17,2
975,14060,Technical,High,6,4
976,3591,Billing,Medium,2,1
977,4498,Speed,Low,13,2
978,1686,Technical,Low,4,5
979,7594,Login,Medium,13,3
980,3273,Network,Medium,12,3
981,11046,Speed,Medium,18,1
982,3973,Technical,High,10,3
983,7685,Technical,High,11,3
984,5062,Billing,Medium,9,3
985,12962,Technical,Low,6,3
986,4501,Network,High,6,3
987,14529,Speed,Medium,10,5
988,3668,Network,High,7,2
989,14413,Refund,Low,17,1
990,9552,Network,Low,5,2
991,11303,Speed,Low,20,3
992,709,Refund,High,11,5
993,13814,Network,Low,9,4
994,2853,Technical,Medium,6,4
995,9131,Network,Medium,1,1
996,9892,Network,High,14,1
997,5056,Billing,Low,5,5
998,6670,Login,Medium,1,1
999,3454,Refund,Low,2,3
1000,3980,Refund,High,2,3
1001,12578,Billing,High,16,3
1002,9294,Login,High,13,3
1003,10516,Technical,Medium,11,5
1004,10049,Login,Medium,20,4
1005,10606,Network,High,20,4
1006,292,Refund,Medium,10,4
1007,7339,Speed,High,6,5
1008,5694,Login,Medium,18,2
1009,5576,Refund,Medium,13,2
1010,1143,Login,Medium,15,1
1011,7848,Network,High,10,4
1012,11292,Network,Low,14,4
1013,2428,Network,Low,20,2
1014,14471,Network,Medium,18,4
1015,5785,Billing,Low,18,1
1016,14384,Network,Low,1,3
1017,12194,Technical,Medium,1,5
1018,9179,Billing,Low,3,5
1019,6860,Billing,Medium,18,2
1020,2672,Refund,Medium,20,2
1021,1419,Login,Medium,3,3
1022,12364,Technical,Low,19,5
1023,6229,Technical,High,11,1
1024,14778,Refund,Low,1,3
1025,12617,Login,Low,12,2
1026,2392,Speed,Low,7,2
1027,14199,Refund,High,1,2
1028,4479,Billing,Medium,6,4
1029,11930,Billing,Low,13,1
1030,5981,Billing,Low,10,4
1031,13252,Refund,Medium,19,3
1032,4535,Technical,High,20,4
1033,9576,Speed,Low,16,2
1034,10499,Technical,Medium,1,4
1035,8263,Refund,Medium,20,3
1036,3779,Technical,Low,13,2
1037,12143,Refund,Medium,20,4
1038,5264,Billing,High,20,5
1039,13481,Refund,High,6,1
1040,2922,Refund,High,12,1
1041,12636,Login,High,13,4
1042,12100,Speed,Low,8,4
1043,12216,Billing,Medium,7,2
1044,7674,Network,High,16,4
1045,12410,Billing,Medium,6,3
1046,2160,Refund,Medium,9,2
1047,7135,Technical,Low,19,3
1048,2629,Login,Low,19,5
1049,3992,Speed,Medium,8,4
1050,234,Network,High,16,3
1051,7379,Refund,Medium,11,5
1052,9437,Refund,High,17,1
1053,10355,Billing,Medium,3,2
1054,6043,Technical,Low,9,5
1055,1153,Billing,High,9,1
1056,4507,Speed,Low,15,3
1057,8344,Technical,Medium,18,3
1058,12974,Technical,Low,15,4
1059,9406,Login,High,9,2
1060,11841,Billing,Low,15,5
1061,849,Billing,Medium,18,3
1062,11470,Login,Medium,18,3
1063,10638,Technical,High,10,5
1064,13399,Login,Low,7,2
1065,13162,Refund,Low,17,5
1066,5808,Login,Low,20,4
1067,14731,Speed,Medium,18,5
1068,8170,Refund,Medium,7,2
1069,1338,Login,Low,18,2
1070,5104,Network,Medium,11,5
1071,7467,Speed,Medium,2,2
1072,3305,Billing,Low,1,1
1073,14327,Login,Medium,9,4
1074,896,Network,Low,1,4
1075,13369,Speed,Medium,2,4
1076,7923,Speed,High,17,1
1077,6811,Refund,High,1,4
1078,10220,Speed,High,14,2
1079,5071,Network,Medium,17,2
1080,1201,Login,High,19,5
1081,12005,Refund,Low,16,1
1082,14817,Network,Low,12,5
1083,13957,Billing,Medium,4,3
1084,12254,Network,Low,4,1
1085,13915,Login,High,1,4
1086,11069,Technical,Medium,13,3
1087,12721,Login,Low,12,1
1088,1905,Technical,Low,6,4
1089,10928,Technical,Medium,5,2
1090,1501,Billing,High,10,5
1091,456,Speed,Low,5,4
1092,1357,Technical,Low,1,4
1093,895,Speed,Medium,8,3
1094,6085,Technical,Medium,17,1
1095,3547,Login,Low,4,5
1096,6207,Technical,Low,7,5
1097,8120,Network,Medium,17,4
1098,8308,Login,High,19,3
1099,12583,Technical,Low,19,3
1100,10479,Speed,Medium,14,5
1101,5617,Technical,Low,1,1
1102,6125,Technical,Medium,8,1
1103,10197,Speed,Low,2,3
1104,13379,Billing,High,17,4
1105,13988,Refund,Medium,18,1
1106,9532,Speed,Low,16,2
1107,7006,Billing,Medium,8,4
1108,11213,Refund,Medium,7,3
1109,5524,Billing,High,16,2
1110,9052,Billing,Medium,5,5
1111,2810,Technical,Medium,10,3
1112,4470,Login,Medium,1,1
1113,3107,Login,Low,9,2
1114,11148,Speed,Medium,6,3
1115,1776,Technical,High,4,5
1116,1949,Login,High,19,1
1117,3352,Refund,Low,15,2
1118,12761,Speed,Medium,3,1
1119,8923,Technical,Low,18,3
1120,7194,Refund,Low,12,4
1121,11650,Speed,Medium,7,5
1122,3499,Login,Low,19,5
1123,3772,Billing,High,3,3
1124,4836,Billing,High,2,4
1125,6897,Refund,Medium,7,3
1126,11144,Refund,Medium,18,4
1127,9548,Technical,High,12,3
1128,4757,Login,Low,3,5
1129,1637,Network,Medium,9,4
1130,10485,Refund,Low,16,2
1131,14571,Speed,Medium,9,5
1132,11158,Refund,Medium,12,2
1133,12870,Technical,Medium,11,3
1134,12989,Speed,High,15,3
1135,13959,Speed,Medium,1,3
1136,6063,Billing,Medium,1,5
1137,6705,Technical,High,15,4
1138,1152,Technical,High,5,3
1139,10175,Technical,High,16,4
1140,13502,Refund,Low,10,4
1141,3183,Login,Low,6,1
1142,9524,Refund,Low,11,3
1143,11531,Login,Medium,14,2
1144,3039,Login,Medium,19,1
1145,5334,Refund,Low,13,3
1146,8632,Speed,Medium,17,5
1147,13926,Billing,Medium,3,2
1148,4457,Billing,High,8,2
1149,1464,Refund,Low,15,4
1150,8561,Technical,Low,6,1
1151,2012,Network,High,6,1
1152,10104,Speed,Low,8,4
1153,12306,Login,High,16,3
1154,11473,Billing,Low,2,3
1155,263,Network,High,2,1
1156,13809,Speed,Medium,1,2
1157,13142,Billing,High,12,3
1158,48,Refund,Medium,10,1
1159,14181,Login,High,4,2
1160,13540,Login,Low,20,5
1161,11134,Technical,Low,14,4
1162,183,Technical,Low,2,3
1163,11196,Login,Low,20,5
1164,4661,Login,Medium,4,2
1165,7822,Billing,High,18,3
1166,11092,Billing,Medium,5,5
1167,10505,Login,High,2,1
1168,13590,Network,Low,19,4
1169,5757,Refund,Low,11,3
1170,1171,Speed,Medium,6,5
1171,8002,Technical,High,6,5
1172,9119,Login,Low,10,5
1173,14525,Refund,Low,11,5
1174,14279,Network,Low,4,2
1175,1842,Billing,Medium,14,1
1176,12812,Billing,Medium,2,3
1177,6660,Refund,High,19,3
1178,6047,Technical,High,3,2
1179,14238,Network,High,3,1
1180,14305,Refund,Low,6,2
1181,9822,Login,Medium,5,3
1182,7509,Network,Medium,17,5
1183,3914,Technical,Medium,7,5
1184,6809,Technical,Low,13,4
1185,11793,Network,Medium,11,5
1186,2261,Login,Low,14,3
1187,5518,Speed,Medium,17,5
1188,10166,Billing,High,13,1
1189,7158,Refund,High,10,2
1190,3975,Speed,Low,10,2
1191,4897,Refund,Low,12,4
1192,911,Network,Low,19,1
1193,8898,Refund,Medium,9,5
1194,11296,Refund,Low,20,3
1195,12034,Network,Medium,10,3
1196,4898,Technical,Medium,5,1
1197,5577,Login,Low,20,5
1198,5619,Speed,Low,1,2
1199,12647,Login,Medium,8,4
1200,8021,Billing,Medium,10,2
1201,9224,Speed,Low,5,4
1202,5230,Technical,High,5,1
1203,10338,Speed,Medium,16,3
1204,4450,Refund,Medium,5,3
1205,12772,Speed,High,7,5
1206,4322,Technical,Low,6,3
1207,1286,Login,Medium,10,3
1208,3093,Speed,Low,2,1
1209,11777,Network,Medium,20,1
1210,12613,Login,Medium,1,4
1211,12997,Technical,Low,16,4
1212,10380,Refund,Medium,19,3
1213,68,Billing,High,16,5
1214,3781,Network,High,10,5
1215,7570,Refund,Low,17,4
1216,11265,Refund,Low,14,3
1217,2000,Billing,Medium,1,3
1218,2637,Technical,Medium,11,2
1219,288,Login,High,2,5
1220,2192,Billing,High,1,3
1221,9077,Technical,Low,20,4
1222,5837,Speed,Medium,20,2
1223,2195,Refund,Low,10,5
1224,6195,Speed,High,16,5
1225,11247,Login,High,4,3
1226,692,Login,Medium,15,4
1227,8979,Billing,Medium,7,4
1228,1526,Speed,Medium,9,3
1229,12969,Refund,High,5,4
1230,8966,Technical,High,2,4
1231,9364,Billing,Medium,19,5
1232,1463,Network,High,4,2
1233,11513,Billing,High,10,2
1234,6244,Network,High,19,5
1235,3229,Billing,Low,19,1
1236,14370,Refund,Medium,1,5
1237,11207,Billing,High,17,1
1238,3993,Login,Low,17,3
1239,4803,Refund,Medium,11,4
1240,3538,Technical,Medium,3,4
1241,4232,Network,High,15,4
1242,3238,Refund,High,4,3
1243,3573,Network,High,11,3
1244,12790,Billing,High,11,2
1245,9654,Refund,High,3,2
1246,4596,Speed,High,12,3
1247,4244,Network,Medium,16,3
1248,6195,Network,High,11,4
1249,2016,Login,High,11,1
1250,3703,Billing,Low,8,5
1251,1467,Billing,Medium,15,2
1252,3123,Speed,Low,7,3
1253,6611,Technical,Low,3,5
1254,12510,Technical,High,4,2
1255,10076,Billing,High,2,1
1256,7552,Billing,High,7,3
1257,6301,Billing,High,6,5
1258,11106,Speed,Low,3,1
1259,13502,Login,Medium,18,3
1260,458,Refund,High,17,1
1261,2651,Billing,Low,8,3
1262,9611,Speed,High,17,2
1263,11102,Refund,Medium,5,3
1264,13930,Billing,High,8,2
1265,1141,Speed,High,2,4
1266,3052,Refund,High,19,2
1267,427,Login,Medium,12,3
1268,6254,Refund,Low,14,2
1269,10350,Refund,High,10,2
1270,7622,Network,Medium,2,3
1271,10369,Login,Low,15,4
1272,621,Login,Medium,15,3
1273,10164,Network,Low,8,5
1274,1493,Speed,High,20,2
1275,11800,Login,Low,3,3
1276,12585,Speed,Medium,13,3
1277,13066,Network,Low,19,1
1278,9853,Login,Medium,17,3
1279,2140,Speed,High,13,4
1280,9894,Technical,High,15,5
1281,10958,Technical,Medium,6,5
1282,11925,Speed,High,19,4
1283,8521,Login,Medium,19,4
1284,11810,Technical,High,20,5
1285,1169,Login,High,12,5
1286,9018,Technical,Medium,17,3
1287,4387,Network,Medium,20,4
1288,11175,Network,Low,9,3
1289,6616,Technical,Medium,9,4
1290,3977,Network,High,2,5
1291,2750,Refund,Medium,11,5
1292,5172,Refund,Medium,14,5
1293,11667,Refund,High,12,3
1294,2524,Login,High,5,1
1295,12436,Refund,High,7,1
1296,6399,Technical,Low,5,4
1297,14045,Technical,Medium,3,4
1298,3642,Speed,Low,13,3
1299,6564,Login,Low,16,3
1300,11609,Billing,High,19,4
1301,12097,Billing,Medium,8,3
1302,14912,Refund,Medium,1,1
1303,11835,Refund,Medium,5,1
1304,8944,Billing,Medium,4,5
1305,14561,Billing,Low,19,1
1306,10995,Billing,High,5,5
1307,12799,Technical,Medium,7,1
1308,13127,Refund,Medium,13,5
1309,10977,Network,Low,13,2
1310,7586,Network,Medium,17,3
1311,3964,Technical,High,20,3
1312,1939,Refund,Medium,16,2
1313,1834,Speed,High,11,3
1314,14081,Refund,Low,20,5
1315,3365,Login,Medium,10,4
1316,13671,Technical,Medium,14,1
1317,10172,Login,Medium,1,4
1318,14177,Login,High,8,5
1319,10254,Login,High,15,2
1320,14869,Technical,Medium,16,2
1321,12595,Refund,High,20,1
1322,1233,Network,Medium,9,3
1323,10946,Network,High,10,1
1324,9075,Technical,High,4,2
1325,285,Login,High,4,1
1326,1519,Billing,Low,19,3
1327,14864,Login,High,12,4
1328,7441,Network,Medium,2,1
1329,5865,Network,Medium,12,5
1330,13602,Billing,Medium,5,5
1331,9255,Speed,High,3,2
1332,11094,Speed,Low,6,1
1333,7588,Refund,Low,9,2
1334,12870,Login,High,14,1
1335,5342,Speed,Low,16,1
1336,1921,Refund,High,2,4
1337,12166,Billing,High,11,4
1338,7848,Network,High,13,4
1339,9077,Login,Low,16,1
1340,13986,Refund,Medium,17,2
1341,9277,Speed,Medium,7,2
1342,3956,Refund,Medium,3,1
1343,3107,Login,Low,4,5
1344,9786,Refund,Medium,13,3
1345,3929,Network,Low,4,1
1346,13938,Network,Medium,7,4
1347,4844,Network,High,16,2
1348,12123,Technical,Medium,6,3
1349,8739,Network,High,16,4
1350,4451,Technical,Low,10,3
1351,5022,Billing,Low,7,1
1352,7829,Login,High,17,4
1353,9554,Network,Medium,20,3
1354,11977,Billing,Low,9,5
1355,14470,Login,High,14,4
1356,13896,Network,High,6,5
1357,1491,Network,High,9,4
1358,9522,Technical,Medium,9,5
1359,9866,Refund,High,13,4
1360,8592,Network,Low,20,2
1361,215,Refund,High,8,2
1362,1897,Billing,Medium,5,5
1363,10724,Technical,Low,14,1
1364,6461,Login,Medium,11,2
1365,4499,Billing,Medium,5,3
1366,1725,Speed,Medium,5,2
1367,6759,Login,Medium,19,3
1368,2991,Refund,High,5,2
1369,6140,Billing,Low,8,1
1370,12121,Billing,Low,20,4
1371,1143,Billing,High,10,2
1372,6891,Billing,High,19,3
1373,11201,Network,High,11,2
1374,14152,Network,Low,16,2
1375,51,Billing,Low,11,5
1376,9398,Billing,High,10,3
1377,2372,Billing,High,19,4
1378,6622,Billing,Low,18,2
1379,1671,Login,Low,11,4
1380,7518,Speed,High,18,2
1381,13865,Technical,Low,20,3
1382,1915,Speed,Medium,9,3
1383,12372,Login,Medium,11,4
1384,5849,Technical,Low,6,2
1385,547,Speed,Low,9,4
1386,6680,Billing,Low,5,2
1387,13216,Network,Low,10,4
1388,4859,Refund,Medium,8,2
1389,2733,Technical,High,9,3
1390,3036,Technical,Medium,12,1
1391,6930,Login,High,3,5
1392,6498,Billing,Medium,19,5
1393,4596,Technical,Medium,11,2
1394,13532,Speed,Low,12,3
1395,7989,Speed,Medium,1,1
1396,4164,Billing,Medium,15,4
1397,9765,Network,Low,15,4
1398,7215,Billing,High,1,1
1399,14804,Technical,High,19,1
1400,2345,Speed,Low,5,2
1401,11778,Speed,High,14,2
1402,5538,Speed,Low,4,1
1403,6506,Login,High,18,3
1404,10704,Speed,High,14,5
1405,12427,Speed,Medium,15,1
1406,3479,Technical,Medium,3,5
1407,4381,Speed,High,16,4
1408,4015,Refund,Medium,4,4
1409,14912,Technical,Medium,18,5
1410,10041,Network,Medium,13,2
1411,3834,Technical,Low,7,3
1412,11266,Refund,Low,11,2
1413,5629,Technical,Low,5,3
1414,14217,Speed,Low,4,1
1415,3013,Billing,Low,11,5
1416,10720,Network,Medium,13,3
1417,4941,Refund,High,6,4
1418,3272,Refund,Low,18,3
1419,14273,Network,High,1,2
1420,12741,Login,High,16,2
1421,5764,Billing,Low,19,1
1422,7744,Refund,Medium,3,2
1423,6180,Billing,Medium,13,1
1424,7651,Speed,Low,4,2
1425,8892,Login,High,19,3
1426,14977,Login,High,13,1
1427,5085,Network,High,13,4
1428,6414,Technical,Medium,7,2
1429,7412,Billing,Low,5,5
1430,11075,Billing,Low,17,5
1431,8006,Billing,Low,5,3
1432,156,Login,Low,4,5
1433,6316,Login,Medium,18,5
1434,1921,Refund,Low,2,2
1435,12003,Technical,Low,18,3
1436,150,Login,Low,2,5
1437,7761,Billing,Medium,18,4
1438,7730,Network,Low,6,3
1439,6334,Login,High,19,5
1440,12362,Speed,Medium,4,1
1441,14770,Login,Low,7,3
1442,6333,Refund,High,15,3
1443,2982,Login,Medium,1,1
1444,60,Network,Low,10,4
1445,3775,Speed,Medium,16,2
1446,13743,Login,High,17,3
1447,3291,Speed,High,14,5
1448,13014,Billing,High,2,1
1449,13817,Speed,Low,19,2
1450,4333,Login,Medium,3,3
1451,10052,Technical,High,3,5
1452,8025,Refund,High,9,5
1453,2082,Billing,Low,16,2
1454,10968,Login,Low,14,2
1455,2042,Login,Low,2,2
1456,3685,Login,High,11,2
1457,2335,Billing,Low,16,3
1458,11695,Speed,Low,19,3
1459,7476,Network,High,6,4
1460,11264,Speed,Low,8,2
1461,9385,Billing,Medium,4,1
1462,5743,Network,Medium,18,2
1463,4766,Refund,Medium,14,1
1464,6917,Refund,Low,13,4
1465,85,Network,Medium,13,5
1466,14632,Refund,High,4,5
1467,6187,Login,Medium,14,2
1468,1846,Login,Low,1,3
1469,4396,Network,Low,9,4
1470,9028,Login,Low,2,4
1471,10779,Login,High,10,5
1472,4865,Login,Medium,3,5
1473,1251,Billing,Medium,20,5
1474,2427,Refund,Low,12,2
1475,12395,Billing,Low,6,3
1476,2283,Technical,Medium,16,1
1477,13774,Billing,High,1,5
1478,3933,Login,Low,3,4
1479,10254,Network,High,11,1
1480,8306,Billing,High,19,2
1481,4905,Refund,Low,5,3
1482,11692,Refund,Medium,2,3
1483,8073,Speed,Low,20,2
1484,4586,Refund,High,7,1
1485,7270,Technical,Medium,7,1
1486,4482,Technical,Medium,5,1
1487,9739,Technical,Medium,1,1
1488,8678,Technical,Medium,12,3
1489,1463,Login,Medium,19,5
1490,8181,Refund,Medium,6,3
1491,1879,Speed,Low,18,4
1492,269,Refund,Low,15,3
1493,4864,Billing,Low,18,2
1494,3867,Refund,High,9,4
1495,6472,Login,Low,4,4
1496,12348,Network,High,16,4
1497,4882,Refund,Medium,12,1
1498,12572,Technical,Medium,1,2
1499,2052,Refund,Low,7,4
1500,455,Billing,High,5,4
1501,1571,Login,Low,5,3
1502,13417,Speed,High,11,2
1503,6210,Technical,Low,17,2
1504,14451,Technical,Medium,1,5
1505,1415,Billing,Medium,18,1
1506,3661,Billing,High,18,4
1507,9291,Network,High,13,1
1508,10346,Login,High,16,3
1509,4415,Speed,High,20,1
1510,7540,Speed,Medium,2,4
1511,10888,Login,High,9,5
1512,8304,Refund,Medium,8,2
1513,3374,Refund,High,8,2
1514,14953,Login,High,14,2
1515,322,Login,Low,5,4
1516,1644,Refund,High,5,5
1517,1946,Login,High,15,3
1518,4586,Speed,High,18,1
1519,10841,Refund,High,9,5
1520,4688,Technical,Medium,5,3
1521,14595,Refund,High,8,2
1522,12210,Network,Medium,1,1
1523,12496,Network,Low,20,5
1524,5978,Refund,Medium,19,5
1525,4149,Speed,Low,19,2
1526,11603,Speed,Medium,4,2
1527,7580,Speed,High,16,1
1528,1654,Technical,Low,11,5
1529,4461,Technical,High,17,2
1530,13158,Speed,Medium,3,1
1531,4977,Login,Low,15,4
1532,13702,Billing,Medium,5,3
1533,5377,Technical,High,19,5
1534,11144,Refund,Low,13,4
1535,6651,Login,Low,5,1
1536,10126,Network,Low,11,2
1537,4064,Technical,Low,12,4
1538,3458,Network,Low,19,1
1539,2597,Speed,Low,18,3
1540,9942,Billing,Medium,11,2
1541,7831,Refund,Medium,14,1
1542,13023,Refund,Low,5,4
1543,10907,Network,High,1,1
1544,10967,Refund,High,3,4
1545,8906,Login,Low,19,2
1546,3344,Billing,Low,2,5
1547,2477,Billing,Medium,3,5
1548,4604,Network,Medium,3,1
1549,8901,Speed,Medium,6,3
1550,3578,Refund,High,14,1
1551,5512,Billing,Low,1,1
1552,12605,Billing,High,5,4
1553,9763,Login,Low,13,1
1554,13376,Refund,Low,6,4
1555,8349,Speed,Medium,20,5
1556,1968,Network,Low,11,1
1557,2203,Login,High,16,5
1558,6381,Billing,Medium,9,5
1559,6438,Network,High,19,2
1560,10129,Network,High,4,2
1561,6836,Billing,Medium,17,3
1562,8427,Login,Medium,13,5
1563,12727,Login,High,19,1
1564,1790,Billing,Medium,12,3
1565,7881,Login,Medium,14,2
1566,3042,Technical,High,19,1
1567,4254,Technical,High,18,1
1568,4422,Billing,Low,10,5
1569,9739,Billing,High,9,1
1570,7821,Billing,Medium,13,2
1571,1741,Technical,High,12,4
1572,10210,Refund,Medium,11,2
1573,14038,Speed,High,20,3
1574,3312,Technical,High,16,1
1575,187,Technical,Low,4,1
1576,7823,Refund,High,11,2
1577,12738,Billing,Low,8,1
1578,7083,Refund,Low,17,3
1579,8020,Login,High,10,5
1580,986,Network,Low,20,1
1581,9777,Billing,Low,9,4
1582,3378,Refund,Low,2,3
1583,5618,Login,Low,16,3
1584,608,Refund,Low,19,1
1585,3889,Speed,High,9,5
1586,11910,Login,Medium,15,4
1587,12408,Login,High,13,2
1588,4089,Refund,Low,1,2
1589,2128,Network,Low,8,2
1590,84,Network,High,12,2
1591,8764,Billing,High,6,3
1592,1722,Refund,Low,6,3
1593,14847,Speed,Medium,11,3
1594,10127,Technical,Medium,11,5
1595,3027,Speed,Low,19,1
1596,1117,Billing,High,11,1
1597,14687,Refund,Medium,9,2
1598,14683,Login,Low,1,2
1599,2629,Speed,Medium,4,1
1600,14207,Speed,Low,3,5
1601,2600,Billing,Medium,12,1
1602,12127,Technical,Low,15,5
1603,7772,Refund,Low,1,4
1604,7274,Technical,Medium,18,4
1605,10000,Billing,Low,20,4
1606,6360,Refund,High,18,1
1607,1136,Technical,Medium,4,4
1608,1116,Refund,Low,12,2
1609,12423,Login,High,8,2
1610,4923,Technical,High,5,3
1611,3197,Speed,Medium,19,2
1612,1825,Login,Low,4,3
1613,3514,Refund,Low,12,3
1614,2604,Technical,High,16,3
1615,12460,Billing,High,4,3
1616,3223,Network,High,9,4
1617,8671,Network,Medium,9,4
1618,12292,Network,High,12,3
1619,8803,Refund,High,1,1
1620,8960,Refund,Low,7,5
1621,10642,Technical,High,14,1
1622,12044,Billing,High,2,3
1623,10998,Login,Low,3,5
1624,1811,Refund,Low,2,4
1625,11393,Technical,High,5,2
1626,1557,Billing,High,1,3
1627,102,Refund,High,1,1
1628,7032,Technical,Medium,1,1
1629,3773,Speed,Low,3,5
1630,4493,Login,Low,18,1
1631,12051,Refund,Medium,18,1
1632,12221,Speed,Medium,8,1
1633,10050,Refund,Medium,11,3
1634,1262,Speed,Low,5,1
1635,4082,Billing,High,8,4
1636,12758,Technical,Medium,2,4
1637,11327,Technical,Medium,12,2
1638,5569,Technical,High,11,4
1639,7922,Technical,Low,17,2
1640,6563,Network,Low,13,1
1641,10823,Technical,High,18,2
1642,3937,Speed,Medium,17,2
1643,6726,Technical,Low,7,1
1644,3075,Technical,Medium,7,4
1645,6456,Network,Low,17,4
1646,1973,Billing,Medium,7,2
1647,14109,Speed,Low,11,4
1648,11114,Technical,Low,2,1
1649,6157,Network,Low,13,2
1650,11626,Login,High,9,4
1651,3738,Network,High,20,1
1652,1131,Network,Low,11,4
1653,9421,Network,Low,6,3
1654,5777,Login,Medium,3,1
1655,4706,Login,Medium,5,3
1656,2540,Speed,Medium,13,2
1657,790,Speed,Low,18,4
1658,5348,Refund,Medium,20,3
1659,4600,Refund,Low,14,1
1660,973,Login,High,14,5
1661,4800,Login,Low,1,3
1662,2151,Network,Medium,7,5
1663,7805,Refund,Low,16,3
1664,9343,Network,Medium,12,1
1665,13375,Network,High,10,3
1666,10487,Refund,Medium,9,1
1667,3286,Billing,High,13,5
1668,11376,Speed,High,14,2
1669,12553,Technical,Medium,11,4
1670,5298,Speed,Low,16,5
1671,1215,Speed,High,1,5
1672,6077,Refund,High,15,4
1673,2498,Network,Low,9,2
1674,7554,Speed,High,10,1
1675,2523,Login,Medium,20,3
1676,6713,Refund,High,9,5
1677,8480,Login,Medium,6,4
1678,9235,Network,Medium,9,3
1679,6659,Speed,Low,5,4
1680,9852,Refund,Low,4,2
1681,13373,Technical,High,18,3
1682,10166,Billing,Low,12,1
1683,13581,Speed,High,14,3
1684,7027,Refund,Low,8,4
1685,2696,Refund,Medium,17,2
1686,12180,Speed,Low,12,1
1687,3458,Billing,High,9,2
1688,8342,Login,Low,1,3
1689,3343,Login,High,17,1
1690,4990,Speed,Medium,7,4
1691,11958,Login,High,8,3
1692,7443,Network,Low,5,1
1693,4668,Technical,Low,14,3
1694,4881,Refund,Low,2,2
1695,14106,Speed,Medium,19,2
1696,12878,Technical,Low,1,1
1697,11034,Network,Medium,13,2
1698,2135,Speed,Low,13,2
1699,6816,Refund,Low,10,5
1700,12509,Technical,High,1,2
1701,2799,Network,Medium,9,2
1702,8792,Login,High,18,2
1703,2584,Billing,High,6,1
1704,5132,Speed,High,13,1
1705,617,Speed,Medium,14,5
1706,7225,Refund,Medium,20,2
1707,4786,Speed,High,6,3
1708,9899,Refund,High,16,2
1709,13762,Network,Medium,7,5
1710,14562,Refund,High,3,2
1711,14497,Billing,Low,19,2
1712,3232,Network,Low,16,4
1713,2567,Speed,High,18,4
1714,9414,Speed,Low,19,2
1715,7661,Refund,Low,16,5
1716,8738,Network,Low,18,1
1717,892,Network,Low,14,3
1718,1571,Technical,Medium,8,4
1719,661,Network,High,18,3
1720,13353,Login,Medium,9,1
1721,14835,Speed,High,20,2
1722,383,Refund,Medium,2,1
1723,12470,Speed,Medium,6,1
1724,14391,Login,High,19,4
1725,9285,Network,High,12,5
1726,5464,Billing,High,17,3
1727,4934,Billing,Medium,10,1
1728,8597,Billing,High,5,5
1729,8221,Billing,Low,18,1
1730,1179,Refund,Medium,18,3
1731,823,Refund,Medium,13,1
1732,1550,Refund,Medium,12,1
1733,13500,Refund,High,17,2
1734,6330,Technical,Low,14,2
1735,5491,Billing,Medium,18,5
1736,10160,Refund,High,16,5
1737,8583,Speed,Low,4,4
1738,2949,Network,Medium,3,1
1739,2533,Speed,High,10,2
1740,3839,Technical,Medium,10,3
1741,4799,Login,Low,17,3
1742,11123,Refund,High,5,2
1743,9960,Technical,Medium,13,1
1744,8105,Network,High,8,1
1745,882,Billing,High,17,3
1746,7269,Billing,Low,20,3
1747,9745,Login,High,16,2
1748,11430,Refund,Medium,10,2
1749,1139,Billing,Medium,3,4
1750,1596,Billing,Low,20,5
1751,12973,Network,Low,19,4
1752,4947,Technical,Medium,16,2
1753,11999,Speed,Medium,16,5
1754,3478,Network,Low,3,5
1755,12496,Network,Low,7,5
1756,105,Network,Low,11,5
1757,9939,Billing,Medium,9,3
1758,6495,Refund,Medium,9,1
1759,12905,Refund,Medium,10,4
1760,7968,Network,High,15,3
1761,11197,Speed,Low,19,5
1762,8443,Refund,Low,17,2
1763,4144,Network,Medium,14,4
1764,3542,Technical,Low,16,4
1765,4474,Refund,Low,19,3
1766,14776,Billing,High,7,2
1767,1128,Technical,Low,6,5
1768,11601,Login,Medium,12,2
1769,651,Billing,Low,6,3
1770,2792,Technical,Low,14,4
1771,5280,Login,High,11,2
1772,13973,Network,High,2,5
1773,8711,Network,High,11,3
1774,6229,Login,Medium,12,4
1775,5785,Network,Low,8,1
1776,10287,Speed,Medium,16,5
1777,7181,Billing,Medium,2,1
1778,10402,Login,Medium,19,2
1779,6467,Billing,Medium,8,2
1780,5667,Billing,Low,5,4
1781,12405,Billing,Medium,15,5
1782,9446,Refund,Low,11,4
1783,68,Login,High,1,4
1784,3493,Refund,Low,13,4
1785,9274,Billing,Medium,10,5
1786,8254,Network,Medium,13,1
1787,3338,Network,Low,9,5
1788,11384,Speed,High,7,1
1789,8824,Technical,Medium,2,5
1790,9507,Network,High,19,2
1791,10224,Login,Medium,5,2
1792,4237,Refund,High,20,1
1793,12875,Network,Medium,13,1
1794,368,Login,Low,15,1
1795,5726,Refund,High,20,3
1796,30,Billing,High,19,4
1797,9073,Billing,Medium,4,5
1798,9687,Network,High,10,3
1799,7095,Technical,High,8,5
1800,26,Login,Medium,3,4
1801,1577,Refund,Low,16,4
1802,642,Login,High,18,1
1803,10155,Login,Low,7,1
1804,2938,Technical,Low,16,4
1805,722,Network,High,14,3
1806,200,Refund,Low,1,5
1807,3334,Refund,Low,13,4
1808,5251,Refund,Medium,3,1
1809,11573,Technical,Low,2,4
1810,5531,Billing,High,19,1
1811,10486,Speed,High,13,5
1812,4877,Speed,Low,12,2
1813,5166,Network,High,8,5
1814,12348,Network,Low,10,5
1815,9945,Network,Low,11,5
1816,14360,Speed,Medium,6,5
1817,3475,Network,High,14,5
1818,10546,Speed,High,11,2
1819,14963,Login,High,11,1
1820,7545,Speed,High,6,1
1821,6220,Refund,Low,14,4
1822,10400,Technical,High,1,3
1823,12011,Network,High,15,4
1824,9496,Technical,Low,7,2
1825,14493,Network,High,7,5
1826,4847,Login,Medium,8,3
1827,10573,Technical,Low,11,3
1828,4869,Technical,High,17,5
1829,9611,Speed,Medium,16,3
1830,13060,Refund,High,13,5
1831,11423,Network,High,4,1
1832,1972,Billing,Medium,13,4
1833,2955,Refund,High,4,5
1834,11567,Technical,High,3,3
1835,2377,Speed,High,13,1
1836,823,Login,High,12,1
1837,5568,Network,Medium,14,3
1838,39,Login,Medium,10,4
1839,3657,Network,Low,8,1
1840,4399,Technical,High,3,3
1841,5446,Billing,Medium,6,1
1842,9370,Refund,High,4,1
1843,8926,Login,High,19,4
1844,10562,Refund,Medium,18,3
1845,8891,Refund,Low,2,1
1846,8720,Login,High,19,5
1847,7971,Refund,Medium,17,3
1848,3801,Speed,Medium,18,1
1849,904,Technical,High,1,2
1850,10026,Network,Low,5,5
1851,1549,Network,Low,16,5
1852,10946,Speed,High,20,1
1853,2278,Billing,High,16,5
1854,6568,Technical,High,11,5
1855,11577,Billing,Low,3,3
1856,2787,Speed,Medium,1,4
1857,9901,Technical,Low,6,1
1858,7892,Technical,High,7,5
1859,1270,Login,Low,16,5
1860,13106,Billing,Medium,1,3
1861,11530,Technical,Medium,4,5
1862,5428,Refund,Medium,3,4
1863,9451,Billing,High,9,3
1864,7214,Refund,High,9,2
1865,11160,Network,Medium,19,2
1866,1928,Technical,High,17,2
1867,2900,Network,High,13,4
1868,3246,Network,Medium,4,2
1869,11686,Billing,Low,15,3
1870,4964,Billing,Medium,13,2
1871,5882,Speed,High,7,1
1872,10198,Refund,Low,9,3
1873,13534,Refund,High,18,3
1874,14609,Billing,Low,5,3
1875,9314,Speed,Low,1,5
1876,11657,Network,Low,9,3
1877,5359,Login,Medium,10,1
1878,1567,Speed,Low,1,5
1879,796,Login,High,17,3
1880,4977,Network,Low,15,2
1881,1615,Network,Medium,16,4
1882,10311,Billing,High,6,3
1883,6208,Network,High,11,2
1884,2076,Speed,Medium,3,1
1885,12714,Speed,High,1,3
1886,14191,Technical,Low,17,3
1887,8825,Technical,Low,7,1
1888,10925,Login,High,13,5
1889,8193,Speed,Medium,5,4
1890,4340,Network,Low,18,3
1891,12713,Billing,Medium,10,4
1892,12361,Refund,Low,13,4
1893,10433,Billing,High,3,4
1894,9183,Technical,Medium,12,4
1895,14607,Network,Low,2,3
1896,4044,Login,Low,6,2
1897,1356,Refund,High,10,4
1898,3123,Refund,Medium,17,1
1899,5086,Login,Medium,12,1
1900,13887,Billing,High,15,4
1901,10850,Refund,Medium,19,2
1902,1453,Speed,Low,10,3
1903,11825,Billing,Low,14,4
1904,306,Speed,Medium,1,2
1905,13166,Technical,Medium,13,2
1906,3840,Speed,Medium,10,2
1907,9452,Network,Medium,20,3
1908,11310,Technical,Medium,6,2
1909,8874,Refund,Medium,10,1
1910,8737,Refund,Medium,11,5
1911,10239,Technical,Medium,9,2
1912,11799,Billing,Medium,1,3
1913,1582,Network,Medium,12,5
1914,3670,Speed,Medium,2,1
1915,5213,Speed,Medium,15,5
1916,4765,Speed,Medium,19,1
1917,9368,Speed,Low,20,4
1918,1638,Refund,High,3,5
1919,2524,Speed,Medium,2,2
1920,3627,Login,High,14,3
1921,10937,Billing,Medium,10,4
1922,8631,Speed,High,10,4
1923,12553,Refund,Medium,8,3
1924,8717,Login,High,18,5
1925,6007,Technical,Medium,12,1
1926,5510,Speed,Medium,11,2
1927,4509,Refund,Low,16,3
1928,6373,Billing,Low,9,4
1929,6322,Billing,Low,16,5
1930,13250,Login,Medium,15,3
1931,9046,Technical,Low,13,5
1932,11723,Billing,Low,12,4
1933,3580,Network,Medium,13,2
1934,7167,Login,Medium,17,1
1935,7209,Technical,Medium,12,4
1936,14668,Network,Medium,3,2
1937,2841,Refund,Medium,12,2
1938,2930,Refund,Low,8,5
1939,11050,Speed,High,18,2
1940,14406,Network,Low,10,1
1941,11652,Login,Medium,10,5
1942,3504,Billing,Low,20,4
1943,184,Login,High,7,2
1944,9791,Refund,Medium,6,3
1945,8024,Refund,Medium,9,5
1946,10887,Technical,High,14,2
1947,9670,Technical,High,8,2
1948,4068,Billing,High,9,5
1949,5020,Refund,Low,20,1
1950,11410,Refund,Medium,2,1
1951,10519,Refund,Low,18,4
1952,6667,Technical,Medium,4,3
1953,8439,Speed,High,4,3
1954,2350,Billing,High,9,3
1955,3577,Speed,High,9,2
1956,13185,Network,High,10,1
1957,6852,Speed,Low,15,2
1958,6720,Billing,High,15,1
1959,11720,Network,Medium,16,1
1960,123,Speed,High,20,4
1961,14660,Network,Low,2,5
1962,9197,Refund,Medium,20,1
1963,2998,Network,Medium,9,4
1964,14946,Technical,High,8,3
1965,10285,Technical,High,17,2
1966,2684,Billing,Low,6,5
1967,5751,Network,Medium,10,1
1968,10295,Billing,High,17,2
1969,6323,Technical,High,2,1
1970,3417,Login,Low,3,1
1971,687,Technical,High,4,2
1972,14972,Refund,Low,10,5
1973,6037,Billing,High,2,3
1974,14233,Refund,High,9,4
1975,6270,Billing,Medium,7,5
1976,14192,Refund,High,12,4
1977,7060,Technical,Low,15,3
1978,9557,Speed,Low,20,1
1979,7308,Speed,High,8,2
1980,2051,Speed,Low,13,3
1981,11029,Refund,Medium,1,5
1982,302,Login,Low,8,2
1983,13910,Network,High,14,1
1984,1826,Technical,High,16,1
1985,13479,Login,Medium,7,5
1986,1550,Login,High,3,5
1987,8632,Login,Medium,2,5
1988,7476,Network,Low,9,2
1989,6303,Login,High,11,1
1990,2616,Login,Low,5,1
1991,6861,Login,Medium,1,5
1992,13236,Technical,Medium,13,1
1993,8764,Billing,High,5,1
1994,1122,Login,Low,11,1
1995,1028,Speed,Medium,17,1
1996,260,Speed,High,16,3
1997,13754,Speed,High,9,1
1998,4533,Speed,Medium,6,1
1999,2316,Billing,High,15,4
2000,9853,Network,High,14,4
2001,13010,Billing,Medium,14,1
2002,442,Network,Low,9,2
2003,14455,Login,Medium,15,3
2004,8525,Refund,Low,1,4
2005,8430,Network,High,15,3
2006,8551,Network,Medium,8,4
2007,5250,Technical,Low,19,4
2008,777,Refund,Medium,19,1
2009,8093,Login,Medium,5,2
2010,6212,Billing,Medium,9,2
2011,13372,Refund,Medium,6,1
2012,14985,Network,Medium,18,2
2013,13066,Network,Low,6,3
2014,14131,Login,High,6,1
2015,3005,Refund,High,8,1
2016,1,Technical,Low,2,4
2017,531,Refund,Medium,11,3
2018,3452,Login,High,17,3
2019,11645,Refund,Medium,4,1
2020,8026,Refund,High,9,2
2021,9600,Speed,High,17,3
2022,5476,Refund,Medium,18,4
2023,14457,Technical,Medium,10,2
2024,8384,Speed,High,3,4
2025,6963,Network,High,17,4
2026,12230,Network,Low,11,4
2027,6170,Login,Low,11,1
2028,1342,Billing,Low,20,3
2029,10570,Network,High,18,4
2030,11928,Login,High,6,1
2031,7974,Billing,Medium,16,1
2032,2953,Technical,Low,8,1
2033,6813,Billing,Low,10,1
2034,13882,Technical,High,13,4
2035,10897,Billing,High,13,1
2036,6187,Technical,Low,8,3
2037,14823,Technical,Low,5,2
2038,4952,Billing,Low,17,3
2039,2731,Technical,High,10,4
2040,12497,Refund,Low,17,2
2041,10223,Technical,High,4,1
2042,10827,Refund,High,18,4
2043,13372,Technical,Low,3,5
2044,9363,Speed,Medium,14,5
2045,14579,Login,Medium,20,1
2046,10455,Network,Medium,11,2
2047,13331,Refund,Low,11,3
2048,10871,Login,High,3,5
2049,9805,Refund,Low,6,4
2050,5066,Speed,Medium,16,3
2051,1474,Billing,Medium,6,5
2052,14552,Technical,Medium,5,2
2053,1418,Network,High,14,1
2054,8154,Login,High,16,3
2055,7705,Speed,High,3,4
2056,5791,Network,Low,17,2
2057,5302,Network,Low,1,5
2058,10227,Refund,Low,7,3
2059,9459,Network,High,1,5
2060,6176,Refund,High,15,2
2061,2207,Network,Medium,12,5
2062,52,Refund,Medium,10,1
2063,14073,Refund,Medium,19,4
2064,14619,Login,Low,2,5
2065,13267,Network,High,8,2
2066,5446,Login,Medium,12,3
2067,7734,Refund,Low,19,2
2068,1216,Speed,Low,10,2
2069,7457,Login,High,5,5
2070,13094,Billing,Low,14,1
2071,14541,Billing,Low,1,5
2072,13409,Network,Medium,9,5
2073,9828,Network,High,3,3
2074,14151,Refund,Medium,13,5
2075,13578,Billing,Low,1,3
2076,1480,Speed,Low,7,1
2077,14176,Technical,Medium,16,5
2078,4832,Login,Medium,4,3
2079,8296,Technical,Medium,20,3
2080,6865,Billing,High,13,5
2081,4238,Speed,Low,19,1
2082,402,Speed,Medium,7,2
2083,8510,Login,Low,3,4
2084,10702,Login,Low,2,4
2085,6590,Speed,Medium,3,4
2086,5918,Technical,Low,12,3
2087,14080,Refund,Low,13,1
2088,4502,Speed,Low,8,4
2089,2402,Login,Low,15,1
2090,1289,Refund,Medium,2,2
2091,8490,Refund,Low,5,5
2092,13034,Speed,Medium,12,5
2093,8869,Speed,High,10,1
2094,14721,Refund,Low,20,2
2095,641,Billing,Low,13,2
2096,14075,Billing,Low,1,2
2097,10049,Technical,Low,7,4
2098,9945,Refund,Medium,15,4
2099,10555,Network,Low,18,1
2100,1940,Billing,High,14,4
2101,14811,Billing,Low,17,1
2102,5917,Billing,Low,12,3
2103,13412,Refund,Low,12,3
2104,1790,Speed,Low,4,2
2105,4006,Network,High,3,4
2106,4341,Refund,Low,5,2
2107,3596,Refund,Medium,2,2
2108,13730,Speed,Low,5,3
2109,2890,Login,High,2,4
2110,1673,Technical,Low,11,2
2111,3815,Billing,Low,1,1
2112,10305,Refund,High,20,2
2113,2691,Network,High,15,3
2114,1751,Network,Low,4,2
2115,4401,Speed,Low,18,1
2116,2857,Speed,High,2,5
2117,13835,Login,High,3,4
2118,6989,Refund,High,14,3
2119,2934,Technical,Low,16,1
2120,4921,Billing,Medium,3,1
2121,9017,Network,Low,20,4
2122,2154,Network,High,7,2
2123,1712,Refund,Low,13,2
2124,5854,Billing,High,12,5
2125,6507,Login,High,17,3
2126,1263,Speed,Medium,6,1
2127,13579,Speed,Medium,16,3
2128,14694,Speed,Low,13,2
2129,7300,Login,Medium,6,4
2130,14365,Login,Medium,17,1
2131,6837,Login,Low,2,3
2132,11168,Refund,Low,10,3
2133,7353,Refund,Low,13,3
2134,3041,Speed,High,5,2
2135,5661,Login,Medium,20,3
2136,9666,Refund,High,12,3
2137,1866,Billing,Low,7,5
2138,3677,Login,Medium,18,5
2139,1254,Refund,High,6,4
2140,7086,Technical,Low,18,1
2141,4210,Speed,Medium,19,2
2142,618,Billing,Medium,17,2
2143,11359,Technical,Low,10,1
2144,14865,Login,High,1,4
2145,6826,Refund,Medium,8,3
2146,3698,Technical,Low,18,5
2147,6263,Billing,Medium,14,1
2148,13249,Login,High,6,1
2149,2091,Billing,Low,3,5
2150,13329,Login,Medium,4,1
2151,3339,Technical,High,4,4
2152,11654,Login,Low,11,4
2153,6121,Login,High,9,5
2154,8351,Speed,Low,15,4
2155,3929,Login,Medium,3,5
2156,682,Refund,High,12,4
2157,6973,Speed,High,12,5
2158,10510,Network,Medium,15,4
2159,3202,Refund,Medium,3,3
2160,5349,Refund,Medium,15,2
2161,2308,Speed,Low,15,5
2162,12482,Network,High,5,2
2163,8734,Technical,High,8,4
2164,12206,Billing,Low,4,2
2165,4305,Login,High,14,5
2166,9383,Network,Medium,3,5
2167,10434,Billing,Medium,11,2
2168,7418,Technical,High,19,1
2169,9850,Network,Low,18,4
2170,80,Technical,Medium,2,3
2171,14333,Login,Low,17,1
2172,10563,Billing,Low,18,2
2173,11768,Login,Medium,4,3
2174,3707,Login,High,4,1
2175,11206,Network,Low,2,2
2176,39,Technical,High,1,1
2177,12314,Billing,Medium,10,4
2178,13158,Network,Medium,12,5
2179,2702,Refund,Medium,4,3
2180,2168,Technical,High,1,3
2181,3755,Network,High,6,1
2182,6185,Speed,Medium,3,3
2183,2173,Billing,Low,14,1
2184,12066,Speed,High,19,2
2185,9249,Login,Low,7,1
2186,6119,Network,High,4,2
2187,14372,Technical,Low,10,3
2188,659,Network,Medium,10,4
2189,11330,Refund,High,3,2
2190,9691,Network,High,6,1
2191,8874,Technical,Medium,8,2
2192,10439,Technical,Low,7,3
2193,11025,Speed,Low,15,5
2194,3698,Refund,High,20,5
2195,6583,Technical,Low,17,3
2196,11572,Speed,High,14,3
2197,10018,Refund,High,17,1
2198,4789,Login,High,4,5
2199,2362,Refund,Medium,13,4
2200,11625,Login,Medium,15,2
2201,3107,Login,High,15,3
2202,3119,Login,High,5,2
2203,6371,Refund,Medium,3,1
2204,2273,Technical,Low,1,3
2205,14035,Network,High,9,1
2206,7149,Refund,Low,6,3
2207,10424,Billing,Low,13,1
2208,2741,Speed,Medium,8,1
2209,648,Speed,Medium,4,3
2210,6023,Login,High,13,2
2211,12657,Refund,Low,9,1
2212,2879,Login,High,3,3
2213,5484,Refund,Medium,9,5
2214,8876,Speed,High,3,2
2215,8139,Speed,Low,19,5
2216,1100,Billing,Low,9,2
2217,4734,Refund,Medium,6,1
2218,14240,Network,High,13,4
2219,11027,Technical,Medium,3,5
2220,615,Network,Low,2,5
2221,12735,Network,Low,19,4
2222,12895,Billing,Medium,5,3
2223,6153,Technical,Low,20,3
2224,1100,Speed,High,4,3
2225,10425,Refund,Low,3,5
2226,1260,Login,Low,4,3
2227,8731,Login,High,3,4
2228,9102,Technical,High,15,5
2229,11632,Billing,High,7,3
2230,2996,Network,High,11,5
2231,13831,Refund,High,2,5
2232,7792,Network,Low,12,4
2233,4591,Refund,High,11,3
2234,6116,Refund,Medium,12,1
2235,8545,Network,High,15,4
2236,14761,Speed,Medium,4,5
2237,13947,Login,Medium,7,3
2238,10129,Network,Low,11,1
2239,3648,Speed,Medium,16,3
2240,6448,Technical,High,3,3
2241,3418,Technical,Low,6,5
2242,13211,Technical,Low,3,3
2243,11204,Network,Medium,11,4
2244,6231,Network,High,9,1
2245,13607,Billing,Low,15,1
2246,5944,Speed,Low,3,4
2247,4142,Speed,Low,9,3
2248,12880,Billing,Medium,5,5
2249,11142,Network,High,17,5
2250,7740,Network,Medium,9,1
2251,11791,Refund,Medium,8,4
2252,6178,Network,Medium,14,2
2253,6176,Login,High,1,1
2254,509,Speed,Low,9,3
2255,10205,Technical,High,2,5
2256,9291,Login,Low,16,3
2257,13007,Login,Medium,10,3
2258,1967,Login,Medium,19,2
2259,12469,Refund,Low,1,3
2260,12232,Login,Medium,4,4
2261,2430,Speed,High,8,5
2262,9125,Network,Low,8,4
2263,5202,Speed,Medium,18,5
2264,2907,Refund,Low,1,4
2265,1961,Refund,Medium,9,4
2266,7103,Network,High,8,5
2267,11504,Technical,High,4,3
2268,5652,Network,Medium,2,4
2269,7074,Speed,Low,5,3
2270,5673,Technical,Medium,8,2
2271,7632,Refund,Medium,2,3
2272,3985,Billing,Low,16,4
2273,11437,Login,High,13,5
2274,3917,Billing,High,16,2
2275,14758,Billing,Medium,13,1
2276,4022,Technical,Low,4,2
2277,13691,Refund,Medium,12,1
2278,9524,Refund,High,19,5
2279,4865,Speed,Low,11,2
2280,7829,Login,High,6,5
2281,8024,Technical,Low,13,2
2282,13599,Network,High,18,4
2283,2227,Speed,Low,9,3
2284,14197,Technical,High,13,1
2285,3579,Technical,High,11,3
2286,7135,Refund,Low,5,5
2287,13372,Refund,High,2,3
2288,10183,Refund,Low,6,5
2289,12736,Refund,High,9,4
2290,2148,Billing,High,15,1
2291,9788,Refund,Medium,7,2
2292,7741,Technical,High,13,1
2293,6839,Speed,Medium,6,1
2294,960,Network,High,18,4
2295,12926,Login,Low,2,4
2296,12684,Speed,High,2,4
2297,11357,Login,Medium,18,4
2298,13251,Speed,Medium,6,3
2299,1716,Refund,High,15,5
2300,10906,Technical,High,14,5
2301,10822,Billing,Low,14,3
2302,7881,Refund,Low,1,4
2303,11883,Speed,High,3,2
2304,4989,Refund,Medium,11,5
2305,12696,Speed,Low,14,1
2306,4014,Technical,Low,12,3
2307,2274,Login,Low,4,4
2308,9538,Refund,High,18,2
2309,2920,Refund,Low,16,2
2310,8758,Billing,Medium,16,5
2311,10328,Speed,High,3,5
2312,11325,Login,Medium,3,3
2313,14968,Login,High,1,5
2314,4453,Login,High,17,1
2315,9451,Refund,High,1,5
2316,9666,Speed,Low,15,3
2317,10271,Network,High,6,4
2318,66,Billing,High,16,1
2319,12728,Speed,Medium,10,5
2320,2922,Billing,Medium,16,3
2321,13145,Refund,High,4,4
2322,8541,Refund,Medium,3,1
2323,762,Billing,Medium,10,4
2324,2405,Network,Low,4,4
2325,7559,Billing,High,7,3
2326,10676,Technical,Medium,20,3
2327,12832,Network,Medium,10,5
2328,11203,Technical,High,4,2
2329,9834,Technical,Low,4,4
2330,7671,Billing,High,2,3
2331,4543,Speed,Low,8,4
2332,13172,Technical,High,6,5
2333,3406,Login,Medium,13,3
2334,13336,Technical,Low,4,1
2335,10320,Billing,Low,7,2
2336,992,Speed,Medium,20,5
2337,1165,Refund,Low,14,3
2338,1493,Technical,Low,4,5
2339,628,Refund,High,13,4
2340,13113,Technical,High,17,3
2341,12911,Refund,Medium,6,4
2342,11318,Network,Medium,19,3
2343,14669,Billing,Low,1,2
2344,4677,Refund,High,7,1
2345,8619,Speed,High,1,4
2346,997,Speed,High,14,5
2347,586,Speed,High,1,3
2348,2172,Speed,Medium,15,1
2349,6236,Speed,High,18,1
2350,6573,Billing,Medium,13,2
2351,2913,Network,Low,18,2
2352,9260,Network,Medium,20,2
2353,4735,Technical,High,18,5
2354,14890,Speed,Medium,6,1
2355,1382,Network,Low,19,2
2356,10789,Technical,Medium,7,3
2357,6391,Login,High,14,1
2358,282,Refund,Low,17,1
2359,14648,Network,Low,12,3
2360,11114,Billing,High,5,2
2361,2575,Refund,High,6,3
2362,971,Refund,Medium,10,4
2363,1484,Network,Low,10,2
2364,7809,Network,High,18,4
2365,4340,Network,High,6,1
2366,12215,Login,Medium,2,1
2367,468,Billing,Medium,10,2
2368,9897,Technical,Medium,18,3
2369,13775,Speed,High,4,5
2370,12194,Speed,Medium,18,3
2371,14260,Refund,High,17,5
2372,8832,Speed,High,7,2
2373,3841,Billing,Medium,15,1
2374,8812,Login,High,6,5
2375,10234,Technical,High,14,2
2376,279,Login,Medium,16,4
2377,14103,Login,High,13,5
2378,2379,Billing,Medium,5,4
2379,9059,Speed,Medium,14,2
2380,12549,Technical,Medium,11,3
2381,14671,Technical,Medium,12,1
2382,2596,Refund,Low,15,4
2383,5525,Login,High,19,4
2384,10093,Billing,High,14,5
2385,14339,Network,High,1,2
2386,7340,Login,High,5,1
2387,10802,Billing,High,9,3
2388,7920,Speed,Medium,6,4
2389,9689,Speed,High,2,5
2390,4014,Login,Medium,1,3
2391,8017,Technical,High,9,5
2392,827,Network,Medium,6,3
2393,12480,Login,Low,10,3
2394,12574,Refund,Low,19,3
2395,8231,Refund,Medium,13,4
2396,7571,Technical,Medium,7,1
2397,10242,Network,High,17,3
2398,14886,Technical,High,11,1
2399,2127,Speed,Low,3,2
2400,1904,Login,High,12,3
2401,4968,Billing,Medium,1,5
2402,6529,Refund,High,12,4
2403,8030,Network,Low,17,2
2404,9413,Billing,Low,17,5
2405,13615,Refund,Medium,4,5
2406,1700,Technical,Low,1,3
2407,9754,Billing,Medium,17,4
2408,688,Technical,Medium,19,2
2409,9771,Technical,Low,9,3
2410,13155,Network,Medium,18,2
2411,2059,Refund,High,16,5
2412,1578,Login,High,10,2
2413,10256,Technical,Low,20,3
2414,4910,Billing,Low,18,3
2415,12735,Refund,High,16,1
2416,1806,Network,Medium,19,2
2417,2074,Speed,Low,7,1
2418,3844,Speed,High,8,4
2419,6739,Speed,Low,7,2
2420,9582,Login,Low,10,2
2421,3065,Billing,Low,16,1
2422,4890,Speed,High,16,5
2423,14641,Refund,High,7,3
2424,7984,Network,Low,1,5
2425,6192,Refund,High,3,3
2426,13915,Network,Low,20,3
2427,913,Refund,Medium,18,2
2428,1574,Refund,High,4,1
2429,7481,Login,Low,12,1
2430,750,Speed,Low,2,5
2431,11709,Login,Low,9,1
2432,292,Refund,Low,16,4
2433,380,Speed,Medium,10,2
2434,9097,Speed,Low,7,3
2435,30,Login,High,10,1
2436,12868,Billing,Medium,7,5
2437,14689,Speed,Medium,18,3
2438,4071,Speed,Medium,9,1
2439,8185,Refund,High,11,4
2440,2250,Billing,Low,2,2
2441,488,Billing,Low,1,3
2442,8645,Refund,High,13,5
2443,3352,Refund,Medium,7,5
2444,4730,Refund,High,20,2
2445,9320,Technical,High,12,4
2446,693,Login,High,8,3
2447,5215,Speed,High,13,5
2448,4048,Speed,Medium,10,5
2449,791,Login,High,10,2
2450,14323,Login,Low,7,2
2451,2342,Technical,High,8,2
2452,13300,Billing,Low,9,5
2453,12288,Refund,Low,18,4
2454,9043,Technical,Low,5,4
2455,3402,Login,Low,15,5
2456,1156,Login,Medium,18,4
2457,8418,Network,Low,3,2
2458,13074,Speed,Low,19,1
2459,7843,Login,High,3,4
2460,9870,Network,Medium,20,1
2461,10420,Refund,Medium,3,1
2462,12391,Billing,Low,6,3
2463,9805,Billing,Low,8,4
2464,10710,Refund,Medium,15,2
2465,2483,Speed,Medium,12,1
2466,5114,Technical,Low,6,1
2467,10925,Network,Medium,9,5
2468,1155,Network,Medium,7,5
2469,4890,Refund,High,16,1
2470,13900,Refund,High,11,2
2471,12115,Refund,Low,17,3
2472,10988,Speed,Medium,18,5
2473,165,Network,High,20,5
2474,52,Billing,Low,11,1
2475,13641,Technical,Medium,4,2
2476,7151,Speed,Medium,10,2
2477,9214,Refund,Low,4,2
2478,13324,Speed,Medium,6,4
2479,7345,Technical,Low,15,4
2480,4278,Login,Medium,4,3
2481,12360,Billing,High,12,1
2482,5152,Billing,High,1,4
2483,3645,Refund,High,13,3
2484,2793,Technical,High,1,1
2485,3366,Speed,High,3,3
2486,12469,Login,High,18,2
2487,10078,Billing,Medium,16,3
2488,1980,Refund,High,12,1
2489,1764,Billing,Low,4,5
2490,9784,Speed,Medium,13,3
2491,1710,Network,Low,20,5
2492,14853,Login,Medium,15,1
2493,10240,Refund,High,14,3
2494,617,Login,High,2,5
2495,4551,Refund,High,4,4
2496,4352,Billing,Medium,3,3
2497,13306,Refund,Low,15,4
2498,10813,Billing,Medium,8,5
2499,8059,Login,Low,1,4
2500,4705,Technical,Low,4,2
2501,3283,Login,High,7,2
2502,279,Billing,Medium,1,5
2503,1850,Login,Low,10,2
2504,4552,Technical,Low,18,3
2505,11726,Technical,Low,6,2
2506,5654,Refund,Medium,9,3
2507,11480,Technical,High,12,1
2508,13186,Login,Medium,20,4
2509,2486,Refund,Medium,10,3
2510,1394,Billing,High,4,5
2511,1426,Login,Low,19,3
2512,11184,Network,Medium,5,2
2513,14583,Billing,Medium,13,5
2514,3956,Network,High,1,1
2515,8054,Speed,High,3,5
2516,75,Network,Medium,6,5
2517,4868,Billing,Low,9,2
2518,11218,Network,High,19,2
2519,1012,Login,High,10,1
2520,11237,Billing,Low,6,5
2521,888,Technical,High,2,3
2522,12125,Network,Medium,9,3
2523,2536,Speed,Medium,1,5
2524,5323,Billing,Low,12,4
2525,13649,Login,Medium,16,2
2526,4995,Technical,High,4,5
2527,13642,Network,High,6,1
2528,13944,Network,Low,3,5
2529,6507,Refund,Medium,19,5
2530,1571,Billing,Medium,13,3
2531,5649,Speed,Medium,3,1
2532,11312,Network,High,18,2
2533,10886,Network,Low,10,3
2534,644,Speed,High,14,3
2535,11234,Refund,Medium,20,1
2536,1759,Login,Low,4,1
2537,5220,Speed,Medium,12,5
2538,12955,Billing,Low,7,5
2539,5034,Login,High,19,4
2540,2203,Technical,High,16,4
2541,3971,Billing,Low,19,4
2542,7376,Technical,Low,2,2
2543,11741,Login,Low,11,2
2544,11110,Technical,Medium,4,4
2545,6470,Login,Medium,20,3
2546,1662,Login,High,18,3
2547,1308,Network,High,16,5
2548,4874,Billing,Medium,18,3
2549,13097,Billing,Medium,19,1
2550,2922,Billing,Medium,19,1
2551,8762,Refund,Low,10,3
2552,2487,Technical,Low,17,2
2553,7846,Speed,Medium,9,2
2554,10812,Login,High,15,3
2555,5325,Login,Low,7,1
2556,5624,Technical,Low,16,3
2557,7875,Refund,High,17,3
2558,631,Speed,Medium,15,5
2559,3344,Speed,Low,2,1
2560,7530,Speed,Medium,3,2
2561,1656,Login,Low,7,2
2562,7560,Refund,Medium,14,1
2563,4278,Refund,High,2,3
2564,2325,Billing,Medium,1,2
2565,9403,Network,Medium,7,2
2566,1633,Technical,High,4,3
2567,565,Refund,Medium,2,3
2568,12379,Speed,High,10,4
2569,9184,Speed,Medium,5,3
2570,6984,Billing,High,10,2
2571,13581,Technical,Medium,13,4
2572,14918,Speed,Medium,3,4
2573,12815,Network,High,5,1
2574,10383,Network,High,13,4
2575,14457,Network,Medium,18,3
2576,3450,Network,Medium,16,2
2577,12539,Speed,Medium,13,4
2578,10680,Network,Medium,16,2
2579,11389,Refund,Low,4,4
2580,13252,Network,Low,4,5
2581,12919,Login,Low,16,2
2582,8456,Speed,High,14,3
2583,4323,Refund,Low,2,3
2584,1686,Speed,Medium,12,2
2585,1803,Technical,Low,10,2
2586,4771,Technical,Medium,13,3
2587,12056,Speed,Low,1,1
2588,5698,Billing,Low,7,3
2589,10807,Speed,Medium,11,4
2590,9940,Technical,High,19,2
2591,11475,Speed,Low,12,1
2592,11847,Billing,High,16,2
2593,8792,Technical,Low,18,1
2594,6847,Network,High,3,1
2595,947,Login,Low,10,3
2596,1291,Refund,High,15,2
2597,5114,Login,Low,18,5
2598,3530,Refund,Low,8,1
2599,2053,Refund,Medium,10,1
2600,3300,Login,High,15,5
2601,9335,Speed,Low,4,2
2602,222,Billing,High,14,5
2603,5513,Network,Low,13,1
2604,5731,Refund,Medium,13,3
2605,1536,Login,High,13,3
2606,8076,Login,High,9,3
2607,2220,Billing,Medium,5,5
2608,9381,Refund,Medium,11,4
2609,12948,Refund,Low,10,4
2610,11077,Network,Medium,2,2
2611,14021,Billing,High,9,4
2612,12366,Login,Medium,4,2
2613,10779,Billing,High,11,5
2614,4,Login,High,11,5
2615,471,Refund,Low,18,5
2616,4965,Technical,Low,7,5
2617,3408,Speed,Medium,2,5
2618,4369,Billing,High,4,4
2619,1261,Refund,High,20,3
2620,12777,Refund,Low,11,4
2621,1247,Network,Low,12,2
2622,7792,Login,High,17,1
2623,5667,Technical,High,10,5
2624,393,Billing,Medium,6,2
2625,8775,Login,High,6,3
2626,9229,Speed,High,17,2
2627,11506,Network,High,14,5
2628,9779,Login,Low,8,3
2629,6569,Login,Low,11,4
2630,976,Refund,High,20,5
2631,9588,Technical,High,15,3
2632,829,Billing,High,9,3
2633,8815,Billing,Low,1,2
2634,11095,Login,High,13,3
2635,10773,Billing,Low,20,3
2636,10294,Refund,Low,16,3
2637,5655,Billing,Medium,6,3
2638,11396,Refund,Medium,18,4
2639,10319,Billing,High,3,4
2640,9354,Login,Medium,15,5
2641,13507,Billing,High,19,3
2642,8965,Refund,Medium,5,4
2643,10369,Speed,Medium,17,4
2644,13377,Technical,Medium,3,3
2645,2305,Technical,Medium,20,4
2646,841,Network,High,1,1
2647,1275,Login,Medium,1,1
2648,13099,Speed,Medium,17,3
2649,4771,Network,Medium,5,3
2650,11310,Refund,High,3,4
2651,2095,Speed,Low,12,2
2652,2397,Login,High,4,5
2653,10544,Technical,Low,18,3
2654,6650,Speed,High,7,3
2655,2208,Technical,Low,9,1
2656,4322,Speed,Medium,12,2
2657,12071,Refund,Medium,9,5
2658,4316,Billing,Medium,4,1
2659,6782,Billing,Low,5,5
2660,14123,Technical,High,3,4
2661,6941,Login,Low,17,1
2662,8697,Login,Medium,11,4
2663,1138,Billing,Low,4,3
2664,13322,Billing,Medium,15,2
2665,7694,Billing,Low,20,4
2666,10873,Login,Low,4,1
2667,13384,Refund,Medium,13,2
2668,7609,Speed,High,14,5
2669,6384,Login,Medium,6,1
2670,11649,Technical,High,8,1
2671,999,Billing,High,9,4
2672,911,Technical,Low,11,1
2673,4102,Network,Low,6,4
2674,9481,Technical,Low,16,1
2675,6153,Refund,Medium,10,1
2676,1338,Technical,Low,9,4
2677,7718,Speed,Medium,15,2
2678,2947,Technical,High,7,4
2679,10374,Login,Low,4,5
2680,779,Network,High,8,4
2681,3263,Network,Low,3,1
2682,13116,Billing,High,18,2
2683,9867,Network,Medium,4,5
2684,2659,Network,Medium,2,1
2685,10417,Login,Medium,5,3
2686,14822,Billing,Low,3,1
2687,5837,Login,Low,7,3
2688,11382,Refund,High,8,1
2689,9709,Login,Low,17,4
2690,2551,Billing,Medium,20,2
2691,4903,Speed,High,4,1
2692,12813,Network,High,6,3
2693,2272,Speed,High,17,3
2694,14134,Login,Low,2,5
2695,3153,Speed,High,2,1
2696,5540,Refund,High,16,4
2697,12656,Login,Low,4,4
2698,2247,Speed,High,7,1
2699,1217,Speed,Low,17,2
2700,7110,Billing,Low,8,2
2701,9069,Speed,High,18,2
2702,12478,Refund,Low,8,5
2703,9625,Network,Low,12,3
2704,10219,Technical,Medium,2,3
2705,10616,Billing,Medium,12,3
2706,9350,Technical,High,17,4
2707,6680,Network,Medium,18,4
2708,13215,Login,Low,16,1
2709,2102,Speed,Low,11,4
2710,5674,Refund,Low,9,4
2711,14199,Billing,Medium,4,3
2712,302,Speed,High,10,1
2713,1878,Network,Medium,14,4
2714,5591,Refund,Low,10,3
2715,6650,Login,High,16,2
2716,13040,Network,High,18,4
2717,6254,Billing,High,9,5
2718,12805,Billing,High,4,2
2719,2580,Network,Low,13,5
2720,8850,Technical,High,20,1
2721,3626,Login,Medium,4,2
2722,14483,Billing,Medium,11,4
2723,2670,Refund,Medium,19,4
2724,11789,Network,High,12,2
2725,10055,Technical,High,19,4
2726,2484,Network,Medium,11,1
2727,10179,Login,High,12,5
2728,7184,Speed,Medium,16,3
2729,12548,Refund,Low,5,4
2730,1944,Login,High,20,5
2731,13449,Network,Low,9,3
2732,3006,Login,High,4,5
2733,1947,Technical,Low,15,2
2734,6176,Network,High,16,4
2735,5560,Billing,High,1,4
2736,1224,Login,Low,3,4
2737,874,Refund,Medium,18,4
2738,8267,Refund,Medium,14,1
2739,2147,Refund,Medium,6,1
2740,4967,Network,Medium,7,1
2741,6163,Network,Low,15,1
2742,10792,Refund,Low,10,4
2743,2607,Billing,Medium,17,1
2744,12252,Network,High,20,2
2745,13435,Billing,Medium,17,5
2746,9124,Technical,Medium,20,4
2747,4401,Refund,High,20,2
2748,9008,Speed,High,6,3
2749,6674,Billing,High,15,4
2750,552,Login,Medium,20,2
2751,3538,Billing,Medium,2,5
2752,5457,Network,High,5,2
2753,14569,Technical,Low,10,5
2754,8057,Refund,Medium,1,4
2755,6793,Speed,Low,16,5
2756,10319,Refund,Low,10,2
2757,13299,Refund,Medium,10,5
2758,13573,Refund,High,10,4
2759,9750,Login,High,20,5
2760,4454,Technical,Low,3,4
2761,5749,Network,Medium,10,4
2762,7119,Refund,Medium,13,4
2763,8046,Login,Medium,10,1
2764,6208,Technical,High,11,3
2765,7253,Billing,Medium,5,2
2766,5872,Billing,Medium,7,4
2767,8541,Network,High,10,5
2768,13588,Network,Low,4,5
2769,8458,Billing,Low,17,1
2770,3876,Technical,Medium,10,5
2771,13229,Login,Low,17,5
2772,1119,Network,High,1,4
2773,13927,Refund,High,19,2
2774,11353,Billing,High,13,5
2775,3162,Login,Medium,9,1
2776,7839,Speed,Low,9,1
2777,1228,Network,Low,4,5
2778,7618,Speed,Medium,2,1
2779,13354,Technical,High,20,4
2780,11131,Refund,Medium,7,2
2781,14706,Speed,Medium,19,3
2782,11334,Login,Low,14,5
2783,9232,Billing,Low,18,1
2784,3619,Technical,Medium,11,4
2785,7476,Network,High,5,2
2786,5808,Billing,High,12,2
2787,13123,Billing,High,10,4
2788,6171,Login,Medium,20,1
2789,9972,Technical,Low,10,3
2790,4711,Network,Medium,12,1
2791,51,Technical,High,11,2
2792,8471,Billing,High,1,2
2793,956,Login,High,1,5
2794,7318,Refund,Medium,7,5
2795,14082,Login,Low,9,1
2796,11267,Login,High,19,5
2797,6852,Refund,High,3,4
2798,14823,Refund,High,10,2
2799,2093,Network,High,3,2
2800,8772,Speed,High,7,2
2801,14439,Network,High,20,5
2802,7049,Speed,Low,2,4
2803,10512,Refund,High,9,1
2804,7474,Refund,High,5,5
2805,11538,Speed,Medium,4,1
2806,11198,Billing,High,13,4
2807,10188,Technical,High,16,4
2808,12803,Billing,High,11,2
2809,10464,Login,Low,3,2
2810,1976,Technical,High,4,3
2811,136,Refund,Medium,16,4
2812,13791,Speed,Medium,2,1
2813,11622,Network,High,6,5
2814,9746,Speed,Medium,5,4
2815,4011,Technical,High,16,1
2816,152,Refund,Low,7,2
2817,8854,Technical,High,17,3
2818,266,Login,Medium,8,2
2819,13192,Login,Low,2,2
2820,8908,Billing,Medium,17,4
2821,10014,Network,Low,17,4
2822,3032,Network,Medium,18,5
2823,714,Billing,Low,14,1
2824,778,Login,High,11,2
2825,9143,Network,Medium,3,2
2826,8069,Network,Low,10,2
2827,2722,Technical,Medium,14,3
2828,2765,Refund,High,17,2
2829,544,Billing,High,15,2
2830,6893,Login,Low,9,4
2831,3414,Login,Low,3,5
2832,8701,Speed,High,17,3
2833,4177,Refund,Medium,15,4
2834,2871,Network,Low,13,4
2835,13096,Refund,High,4,2
2836,11098,Technical,High,20,4
2837,12947,Refund,High,5,1
2838,401,Technical,Low,3,2
2839,14214,Network,High,7,4
2840,12547,Login,High,19,4
2841,1472,Login,Low,8,5
2842,618,Technical,Low,4,5
2843,1441,Technical,Low,20,1
2844,8411,Refund,High,3,2
2845,7068,Speed,Low,11,4
2846,5310,Login,Medium,15,3
2847,6907,Network,Low,18,1
2848,5452,Network,High,13,2
2849,1209,Login,Medium,7,4
2850,5573,Refund,Low,6,3
2851,6614,Billing,Medium,13,1
2852,5373,Speed,Medium,2,4
2853,409,Refund,High,7,1
2854,9862,Refund,High,15,4
2855,5817,Technical,Low,10,5
2856,4123,Technical,Medium,9,4
2857,11836,Refund,Low,5,5
2858,7340,Refund,High,8,4
2859,12959,Network,High,2,2
2860,4465,Billing,High,15,4
2861,13306,Refund,High,20,3
2862,6924,Speed,Medium,4,1
2863,7677,Network,Low,17,5
2864,1824,Technical,Medium,5,2
2865,13599,Technical,Medium,11,4
2866,4700,Login,Low,2,4
2867,2937,Network,Medium,4,4
2868,947,Network,High,1,3
2869,2888,Network,Medium,6,3
2870,8628,Network,Low,10,2
2871,11227,Billing,Low,9,4
2872,1462,Network,High,4,4
2873,354,Login,Medium,5,2
2874,1883,Refund,High,9,3
2875,12048,Refund,High,11,1
2876,13097,Speed,Low,20,5
2877,1324,Billing,High,8,4
2878,5080,Billing,Low,4,1
2879,5699,Speed,Medium,17,2
2880,4706,Speed,Medium,14,1
2881,10695,Billing,High,4,5
2882,7677,Billing,High,12,4
2883,10053,Billing,Low,12,2
2884,9470,Speed,Medium,9,1
2885,10728,Speed,High,9,4
2886,9543,Speed,Low,13,3
2887,706,Technical,Low,17,5
2888,10918,Login,Low,5,3
2889,13522,Speed,Medium,16,2
2890,1724,Refund,High,18,1
2891,2114,Network,High,17,3
2892,1684,Speed,Medium,13,5
2893,14987,Technical,Low,8,4
2894,511,Billing,Medium,10,2
2895,2781,Refund,Medium,1,2
2896,7081,Technical,Medium,14,4
2897,7320,Technical,Medium,20,1
2898,5780,Speed,Medium,9,1
2899,5821,Technical,Low,14,3
2900,631,Login,High,20,2
2901,14264,Login,High,8,3
2902,12858,Login,Low,3,2
2903,10537,Speed,High,18,4
2904,902,Speed,Low,14,2
2905,3784,Speed,High,17,1
2906,12362,Login,Low,12,3
2907,11600,Speed,Low,9,2
2908,12715,Technical,High,12,3
2909,8830,Refund,High,8,3
2910,7179,Login,High,11,4
2911,3693,Network,Medium,1,4
2912,10701,Technical,Low,18,4
2913,13083,Network,Low,7,1
2914,723,Billing,Low,19,4
2915,5497,Refund,Medium,3,1
2916,6151,Login,Low,1,4
2917,1360,Technical,High,20,3
2918,9459,Refund,Medium,4,1
2919,1281,Login,High,2,5
2920,2208,Billing,Low,10,5
2921,4111,Refund,High,18,1
2922,13537,Technical,Low,6,5
2923,9627,Login,High,7,2
2924,8013,Billing,High,2,2
2925,11612,Network,Medium,6,3
2926,7715,Technical,Medium,19,1
2927,9844,Network,Low,16,5
2928,3911,Refund,High,4,4
2929,12572,Refund,High,5,4
2930,12488,Login,Low,3,2
2931,11898,Technical,High,19,4
2932,2024,Technical,Medium,1,1
2933,8753,Billing,High,2,3
2934,1822,Network,Medium,1,5
2935,11699,Speed,High,15,4
2936,13878,Refund,Medium,12,2
2937,14426,Speed,Medium,15,3
2938,2723,Login,High,5,5
2939,308,Speed,High,15,4
2940,8714,Speed,Medium,19,4
2941,3077,Login,Low,12,4
2942,1423,Login,High,4,2
2943,4192,Refund,High,5,4
2944,12291,Speed,Medium,5,3
2945,3473,Network,Low,19,3
2946,9921,Network,High,10,1
2947,12648,Refund,High,16,3
2948,1872,Technical,High,7,5
2949,3713,Network,High,14,2
2950,11391,Network,Medium,9,3
2951,2783,Login,Medium,10,5
2952,6418,Billing,High,10,4
2953,7312,Refund,Medium,12,5
2954,14061,Network,Medium,20,5
2955,12447,Billing,Low,8,3
2956,12518,Technical,Medium,2,5
2957,6765,Technical,High,14,5
2958,2647,Network,Medium,6,4
2959,2193,Speed,High,9,3
2960,4731,Technical,Low,12,4
2961,13945,Refund,High,4,1
2962,577,Refund,High,19,3
2963,2775,Login,High,15,2
2964,507,Refund,High,10,4
2965,5604,Billing,Low,13,3
2966,3095,Network,Low,18,2
2967,1968,Refund,High,10,4
2968,7280,Technical,High,15,5
2969,5302,Billing,High,13,1
2970,13198,Network,Low,7,2
2971,10076,Billing,Medium,3,2
2972,10166,Network,High,14,5
2973,810,Billing,High,14,2
2974,2284,Billing,Medium,18,5
2975,2326,Speed,Low,12,3
2976,4046,Refund,High,14,5
2977,1009,Refund,High,19,3
2978,420,Billing,High,18,5
2979,9746,Technical,Medium,4,3
2980,11771,Technical,Medium,20,3
2981,7410,Technical,Medium,3,1
2982,9503,Technical,High,1,1
2983,2327,Network,High,14,4
2984,11172,Refund,Medium,20,3
2985,9387,Refund,Low,10,3
2986,10784,Technical,Medium,1,1
2987,9170,Login,High,11,5
2988,3700,Technical,High,18,4
2989,4099,Refund,High,5,1
2990,10393,Billing,High,13,5
2991,431,Login,Medium,5,1
2992,7261,Speed,High,10,5
2993,1927,Refund,High,17,3
2994,1415,Network,Medium,13,4
2995,13362,Billing,Low,5,1
2996,4161,Billing,High,9,2
2997,13206,Billing,Medium,13,5
2998,13791,Login,Low,12,5
2999,12119,Technical,Low,12,3
3000,7099,Refund,Medium,15,5
3001,2013,Technical,Medium,12,5
3002,10765,Speed,Medium,10,2
3003,12138,Speed,Medium,1,1
3004,14081,Network,Low,19,2
3005,6541,Network,Low,7,3
3006,11013,Billing,Medium,7,3
3007,13331,Login,Medium,2,5
3008,10779,Billing,Medium,20,3
3009,3673,Network,High,3,5
3010,9626,Login,Low,17,4
3011,6268,Speed,Medium,18,4
3012,14230,Billing,Medium,15,1
3013,7145,Speed,High,16,2
3014,9381,Billing,Low,11,2
3015,7884,Technical,Medium,1,5
3016,414,Network,Medium,12,1
3017,4918,Speed,Medium,1,5
3018,6811,Technical,High,16,1
3019,13424,Speed,High,1,1
3020,7542,Speed,Low,7,3
3021,2918,Login,High,20,1
3022,9036,Speed,High,4,5
3023,13807,Billing,Low,17,2
3024,423,Billing,Low,6,2
3025,6032,Network,Medium,12,5
3026,4199,Refund,High,9,2
3027,330,Speed,Low,10,5
3028,12326,Login,Low,10,4
3029,13281,Technical,Low,8,1
3030,2012,Refund,High,6,4
3031,12325,Network,Medium,16,4
3032,7785,Login,Low,15,2
3033,14887,Technical,High,10,5
3034,10366,Login,High,17,1
3035,6580,Login,Low,9,2
3036,7565,Technical,Low,3,2
3037,5437,Refund,Low,5,1
3038,11307,Speed,High,4,1
3039,9830,Speed,Low,16,5
3040,4738,Speed,High,3,4
3041,14410,Refund,Medium,9,5
3042,8170,Network,Medium,5,4
3043,3937,Refund,Medium,15,1
3044,13671,Speed,Low,10,5
3045,12398,Login,High,15,4
3046,9704,Billing,High,5,1
3047,7382,Technical,Medium,7,5
3048,3002,Network,Low,3,2
3049,11658,Speed,Low,8,3
3050,3236,Refund,Medium,16,5
3051,10819,Billing,High,15,2
3052,11863,Billing,High,20,4
3053,11933,Technical,Medium,12,5
3054,12381,Login,Medium,9,5
3055,14953,Network,Medium,16,1
3056,7656,Technical,Medium,17,5
3057,10707,Speed,Medium,8,1
3058,7239,Refund,Low,14,1
3059,12379,Login,Low,4,2
3060,8034,Technical,Medium,8,2
3061,4725,Login,Medium,12,1
3062,1595,Billing,Medium,8,1
3063,5515,Technical,Low,19,5
3064,11911,Speed,Low,12,4
3065,7006,Speed,Low,1,5
3066,6897,Login,Medium,1,1
3067,9899,Login,Medium,15,2
3068,3656,Billing,High,2,5
3069,14935,Technical,Low,10,2
3070,2438,Technical,Low,18,3
3071,6622,Technical,Medium,5,5
3072,4899,Technical,Low,18,3
3073,6882,Login,Medium,19,2
3074,2774,Login,Medium,19,3
3075,14841,Billing,Medium,1,2
3076,2239,Billing,High,8,5
3077,1098,Network,High,5,4
3078,2250,Billing,Medium,10,3
3079,5641,Login,Medium,10,2
3080,1633,Login,High,2,3
3081,13142,Refund,High,7,5
3082,14718,Technical,Medium,13,1
3083,2520,Technical,Medium,15,3
3084,2940,Refund,Medium,8,4
3085,7787,Billing,Low,8,5
3086,5011,Speed,High,17,3
3087,425,Speed,Medium,19,4
3088,10160,Refund,High,3,4
3089,13568,Refund,High,6,2
3090,431,Speed,Low,3,5
3091,4544,Network,Low,8,4
3092,11509,Login,Medium,4,2
3093,6409,Technical,Low,20,3
3094,2425,Login,High,4,5
3095,12287,Login,High,2,3
3096,11450,Billing,Low,1,3
3097,13413,Refund,Medium,4,3
3098,2281,Technical,High,10,1
3099,11043,Technical,Medium,18,4
3100,980,Network,High,6,3
3101,9617,Refund,Medium,15,5
3102,2742,Billing,High,9,1
3103,2243,Refund,High,9,4
3104,10520,Speed,Low,14,3
3105,14700,Network,High,9,2
3106,4124,Refund,Medium,14,4
3107,9624,Network,Low,15,3
3108,583,Network,High,10,3
3109,11801,Billing,Medium,13,3
3110,3192,Technical,High,3,2
3111,3065,Technical,Low,20,1
3112,13380,Billing,High,17,1
3113,10655,Technical,High,10,3
3114,9021,Speed,Low,15,3
3115,13025,Refund,Low,9,1
3116,8645,Refund,High,5,3
3117,9883,Refund,Low,4,2
3118,6438,Refund,Medium,3,1
3119,158,Login,Medium,17,3
3120,12115,Technical,Low,5,5
3121,5538,Technical,Low,7,5
3122,7797,Login,Low,7,1
3123,11927,Technical,Medium,7,5
3124,8467,Network,Medium,19,4
3125,10788,Speed,Low,20,2
3126,8703,Technical,Low,11,3
3127,2370,Refund,Low,5,3
3128,5975,Technical,Low,3,5
3129,7644,Network,Low,7,4
3130,6782,Login,Low,20,1
3131,4212,Speed,Medium,10,5
3132,2148,Technical,Medium,12,2
3133,14396,Technical,High,6,2
3134,479,Technical,Medium,19,5
3135,4589,Billing,Medium,2,5
3136,9642,Network,Low,12,1
3137,11750,Speed,Low,13,5
3138,11651,Technical,Low,17,5
3139,2328,Login,Medium,18,4
3140,3806,Technical,Medium,1,5
3141,2043,Technical,High,5,3
3142,2167,Technical,High,6,3
3143,2903,Network,High,8,4
3144,5034,Billing,Medium,8,1
3145,6319,Login,High,16,2
3146,10011,Login,High,3,5
3147,10535,Technical,Medium,7,1
3148,4570,Login,Medium,11,3
3149,13671,Network,Medium,11,4
3150,10118,Login,High,7,1
3151,11247,Network,Medium,2,4
3152,526,Billing,High,7,5
3153,9199,Technical,High,19,5
3154,980,Refund,High,7,4
3155,7479,Billing,Low,6,5
3156,12745,Speed,Low,12,5
3157,11314,Speed,Medium,5,5
3158,13348,Billing,High,11,1
3159,1535,Network,Medium,20,2
3160,4148,Login,Medium,14,1
3161,4773,Login,Medium,16,1
3162,7258,Refund,Low,2,5
3163,6308,Login,Low,19,1
3164,7336,Speed,High,14,3
3165,12640,Refund,High,7,5
3166,6815,Speed,Low,14,2
3167,6369,Login,Low,2,5
3168,4729,Technical,High,13,2
3169,3917,Billing,Low,16,4
3170,5662,Billing,High,6,4
3171,9989,Technical,High,1,2
3172,6703,Refund,Low,3,4
3173,11468,Login,Low,14,2
3174,10077,Technical,High,8,3
3175,3754,Billing,High,10,5
3176,2439,Login,Medium,17,3
3177,11821,Login,High,8,1
3178,2383,Speed,Medium,6,2
3179,11926,Refund,Low,18,4
3180,7442,Network,High,11,4
3181,2180,Network,Medium,17,1
3182,10989,Network,Medium,7,2
3183,8703,Login,Medium,9,3
3184,12947,Login,Low,11,5
3185,14369,Speed,High,5,3
3186,6613,Network,High,13,3
3187,2711,Billing,Medium,16,5
3188,1272,Technical,High,1,3
3189,3631,Billing,High,4,5
3190,4328,Network,Medium,17,4
3191,3101,Billing,Low,6,3
3192,4269,Billing,Low,12,3
3193,9997,Speed,Low,9,5
3194,2482,Network,High,4,3
3195,1113,Speed,High,20,2
3196,4559,Speed,Medium,15,3
3197,11417,Billing,Low,18,3
3198,2988,Speed,Low,15,2
3199,9838,Technical,High,17,1
3200,9930,Technical,Medium,14,3
3201,6443,Refund,Medium,18,5
3202,926,Login,High,18,3
3203,8302,Billing,Low,6,5
3204,9229,Login,Low,2,1
3205,9116,Network,Low,8,2
3206,7118,Refund,Medium,2,2
3207,2522,Billing,Low,19,1
3208,7357,Billing,High,13,1
3209,4579,Refund,Medium,19,3
3210,11398,Technical,Medium,5,1
3211,1225,Speed,High,15,1
3212,12350,Login,Low,10,4
3213,13114,Login,Low,6,2
3214,394,Speed,Medium,10,3
3215,12856,Login,Medium,14,4
3216,1012,Network,High,20,2
3217,14548,Refund,High,15,1
3218,3682,Login,High,16,1
3219,4756,Network,Medium,6,5
3220,2819,Login,Low,20,5
3221,7020,Billing,Low,5,3
3222,9332,Refund,Medium,11,5
3223,12934,Technical,High,16,4
3224,6050,Login,Medium,10,2
3225,1140,Network,High,15,1
3226,4618,Billing,High,9,2
3227,297,Speed,Medium,5,1
3228,8791,Login,High,13,4
3229,9883,Billing,High,12,5
3230,4197,Billing,Low,10,3
3231,9722,Speed,High,15,5
3232,13554,Login,Medium,5,4
3233,10211,Technical,Low,14,2
3234,4511,Technical,High,4,5
3235,2919,Technical,Medium,18,5
3236,1147,Technical,High,13,1
3237,5182,Technical,High,10,2
3238,6963,Refund,Medium,13,3
3239,3237,Billing,High,5,1
3240,3230,Speed,High,14,4
3241,8034,Speed,Low,12,2
3242,3461,Speed,High,20,1
3243,558,Login,Low,6,3
3244,4878,Network,Low,5,2
3245,5081,Speed,Medium,7,5
3246,768,Login,Medium,10,5
3247,8926,Technical,High,6,4
3248,11230,Technical,High,13,1
3249,14264,Network,Medium,11,5
3250,62,Billing,Medium,7,3
3251,10759,Billing,Medium,2,5
3252,8511,Refund,Medium,13,3
3253,1913,Speed,Low,4,1
3254,9022,Refund,High,12,2
3255,7153,Speed,Low,20,4
3256,14093,Speed,High,12,5
3257,353,Login,Medium,7,2
3258,1538,Network,Medium,3,1
3259,14728,Technical,High,11,4
3260,6698,Refund,Medium,17,2
3261,5863,Network,High,18,5
3262,12970,Speed,Low,15,5
3263,14888,Billing,Medium,18,3
3264,7857,Speed,Medium,13,3
3265,4199,Refund,Low,5,3
3266,6980,Billing,High,9,2
3267,8594,Login,High,12,1
3268,5168,Technical,High,15,3
3269,6102,Login,Low,14,3
3270,5538,Network,Medium,9,5
3271,4699,Login,High,8,3
3272,3856,Login,Low,15,4
3273,668,Speed,High,16,3
3274,4174,Login,Low,15,5
3275,14442,Network,Low,6,1
3276,7080,Refund,High,12,3
3277,11726,Technical,Medium,17,5
3278,3629,Login,Low,8,1
3279,12363,Technical,High,7,5
3280,2656,Technical,Medium,15,3
3281,3114,Login,Medium,6,1
3282,2255,Refund,Low,18,4
3283,13508,Network,Low,7,5
3284,2590,Billing,Medium,9,4
3285,9197,Technical,High,1,3
3286,3728,Billing,Medium,5,2
3287,11657,Technical,Medium,10,1
3288,7965,Network,Medium,15,5
3289,11399,Technical,High,7,2
3290,8268,Login,Medium,5,2
3291,1549,Login,High,10,3
3292,9700,Network,Low,20,4
3293,11934,Technical,Low,16,3
3294,10978,Refund,Medium,3,3
3295,2128,Billing,Low,18,4
3296,5585,Refund,Low,14,2
3297,2968,Billing,High,19,1
3298,5773,Technical,High,14,4
3299,5728,Billing,High,20,3
3300,1597,Login,Low,13,1
3301,3554,Billing,Low,5,3
3302,2081,Refund,Low,19,4
3303,14676,Network,Medium,12,1
3304,10966,Billing,Low,15,2
3305,9946,Login,Medium,15,2
3306,6779,Speed,High,16,3
3307,5866,Network,High,12,2
3308,3712,Refund,Medium,15,2
3309,9537,Refund,Low,2,5
3310,12631,Technical,High,17,5
3311,9585,Network,Medium,2,4
3312,14499,Refund,High,17,5
3313,1990,Speed,Low,10,5
3314,5467,Billing,Low,13,5
3315,1255,Network,Medium,20,3
3316,11317,Technical,Medium,10,4
3317,7364,Speed,Low,17,4
3318,14287,Refund,Low,3,5
3319,7129,Refund,Medium,4,4
3320,9797,Technical,Medium,17,5
3321,9353,Technical,Medium,18,1
3322,4738,Speed,High,7,4
3323,9277,Speed,Low,2,3
3324,12833,Speed,High,15,1
3325,10034,Network,Medium,10,3
3326,1381,Network,Medium,1,1
3327,456,Network,High,11,2
3328,6621,Technical,Medium,5,5
3329,7587,Network,Medium,6,2
3330,12409,Technical,High,19,3
3331,5081,Network,Medium,3,3
3332,5196,Technical,Medium,13,5
3333,1689,Speed,Low,17,1
3334,5423,Billing,High,6,1
3335,13467,Network,Low,13,4
3336,1859,Speed,Medium,10,1
3337,2532,Speed,Medium,14,1
3338,8224,Network,Low,2,2
3339,3893,Technical,Low,14,2
3340,1143,Login,Low,10,2
3341,8261,Login,Medium,18,2
3342,13873,Login,Low,14,3
3343,9675,Speed,High,11,4
3344,181,Technical,Medium,4,1
3345,9701,Login,Low,4,4
3346,8361,Billing,Low,3,4
3347,3194,Speed,High,2,2
3348,3430,Refund,High,1,5
3349,7922,Login,High,9,5
3350,6871,Network,Low,18,3
3351,6675,Refund,Medium,10,5
3352,8145,Refund,Low,12,1
3353,3922,Network,High,2,2
3354,12347,Login,Low,12,4
3355,9977,Login,Medium,20,5
3356,10322,Refund,Low,1,1
3357,6223,Technical,Medium,20,3
3358,10031,Login,High,19,1
3359,5347,Technical,Low,5,4
3360,246,Technical,Medium,13,1
3361,4472,Technical,Medium,19,1
3362,9811,Refund,High,9,5
3363,6686,Billing,Medium,11,2
3364,6820,Network,High,18,1
3365,12578,Refund,Low,2,2
3366,13465,Login,Medium,15,4
3367,13012,Technical,Low,11,4
3368,2101,Network,High,14,1
3369,5988,Technical,Medium,17,3
3370,11002,Technical,High,6,5
3371,4321,Network,Medium,10,2
3372,4487,Refund,Low,14,4
3373,289,Network,Low,11,2
3374,12233,Network,Medium,10,5
3375,2764,Refund,Low,19,3
3376,735,Refund,Medium,9,4
3377,2447,Network,High,8,1
3378,1762,Refund,High,6,3
3379,1278,Technical,High,8,1
3380,14560,Refund,Low,11,3
3381,6019,Login,Medium,16,1
3382,10543,Billing,High,5,2
3383,10286,Network,High,15,3
3384,14347,Speed,Medium,5,1
3385,3356,Technical,High,14,3
3386,4471,Login,Low,4,2
3387,7388,Login,Low,10,1
3388,1025,Network,Medium,10,4
3389,5274,Technical,Low,7,1
3390,5681,Speed,High,19,3
3391,11049,Refund,Medium,4,1
3392,2330,Technical,Low,3,1
3393,14837,Billing,Medium,8,1
3394,12438,Speed,High,19,3
3395,8453,Network,Medium,14,3
3396,3761,Technical,Medium,16,4
3397,7325,Login,High,14,2
3398,11308,Billing,High,18,1
3399,5063,Refund,High,2,4
3400,196,Billing,Medium,9,2
3401,7863,Refund,High,4,5
3402,5084,Network,Low,16,3
3403,1095,Login,Low,6,5
3404,13856,Billing,High,15,2
3405,2988,Refund,High,9,3
3406,14060,Speed,High,15,3
3407,8435,Billing,High,13,2
3408,13137,Login,Medium,1,5
3409,11811,Technical,High,12,2
3410,14234,Refund,High,7,1
3411,4752,Network,High,15,1
3412,8332,Technical,Medium,3,5
3413,3997,Login,Medium,4,1
3414,11884,Speed,Low,17,1
3415,14426,Network,Medium,8,3
3416,8197,Network,High,20,5
3417,9717,Refund,High,20,3
3418,3774,Billing,High,7,3
3419,6463,Login,High,6,3
3420,2341,Technical,Medium,8,3
3421,3634,Technical,Medium,17,1
3422,14684,Login,Low,17,3
3423,10883,Technical,Low,4,2
3424,11551,Network,High,12,4
3425,6629,Technical,Medium,10,4
3426,1430,Login,Low,6,4
3427,5476,Refund,High,18,3
3428,14528,Speed,High,17,1
3429,14005,Refund,Medium,19,3
3430,9918,Billing,Low,8,1
3431,8160,Network,Medium,10,3
3432,2524,Speed,Low,19,4
3433,6728,Speed,Medium,2,1
3434,13591,Technical,Low,14,4
3435,14482,Network,High,14,2
3436,14502,Network,Medium,4,1
3437,8535,Speed,High,4,5
3438,11073,Billing,Medium,1,3
3439,2702,Technical,Low,7,5
3440,8966,Refund,Low,6,3
3441,7122,Network,Medium,11,3
3442,7361,Billing,Medium,17,5
3443,11681,Refund,Low,4,5
3444,9035,Refund,Medium,1,3
3445,5415,Network,Low,15,4
3446,8440,Login,Low,16,2
3447,399,Technical,Low,10,3
3448,7471,Billing,Medium,9,5
3449,12000,Refund,Low,11,4
3450,6200,Speed,High,10,3
3451,12247,Refund,High,8,5
3452,13883,Refund,Medium,20,1
3453,14350,Network,High,12,2
3454,11029,Refund,Low,19,3
3455,8823,Speed,Low,17,5
3456,2028,Technical,Low,9,2
3457,4670,Login,Medium,17,5
3458,2359,Billing,Low,16,3
3459,9785,Technical,Medium,11,2
3460,885,Refund,Low,6,4
3461,3881,Technical,Low,5,2
3462,1956,Speed,Low,11,2
3463,13531,Login,High,9,3
3464,14085,Technical,Medium,16,3
3465,12705,Billing,Low,11,1
3466,7549,Network,Medium,3,3
3467,5495,Billing,Medium,2,4
3468,6421,Speed,Low,6,5
3469,12792,Speed,Medium,9,1
3470,5378,Speed,Low,12,4
3471,5906,Network,High,12,5
3472,11293,Speed,Low,12,3
3473,3547,Login,Medium,1,1
3474,4144,Refund,High,16,4
3475,7636,Login,Medium,5,3
3476,8349,Login,High,15,2
3477,12511,Billing,High,19,2
3478,12355,Login,High,13,3
3479,12221,Technical,Low,4,2
3480,3783,Login,High,5,5
3481,1039,Speed,Low,20,1
3482,7358,Refund,Low,12,1
3483,3115,Network,High,4,4
3484,10542,Speed,High,6,1
3485,1755,Login,High,5,1
3486,695,Login,High,3,4
3487,11274,Login,High,19,3
3488,9705,Technical,Low,15,2
3489,12288,Login,Medium,9,5
3490,3720,Login,High,19,4
3491,999,Network,Low,18,3
3492,6957,Refund,High,8,3
3493,10156,Network,Medium,5,3
3494,6517,Network,Low,17,3
3495,11599,Login,Low,17,5
3496,12926,Login,Medium,3,2
3497,9071,Technical,Medium,3,4
3498,3420,Billing,Medium,17,1
3499,8073,Technical,Low,6,2
3500,1,Refund,Medium,18,4
3501,683,Refund,High,9,5
3502,12585,Speed,Low,4,3
3503,13726,Login,High,8,5
3504,5944,Refund,Medium,5,5
3505,6191,Network,High,9,2
3506,3962,Speed,High,15,4
3507,9763,Login,Low,12,1
3508,9242,Network,High,5,2
3509,1736,Login,Medium,15,3
3510,8875,Refund,High,18,4
3511,9556,Billing,Medium,12,3
3512,11975,Technical,Low,9,4
3513,2126,Network,Low,1,3
3514,12941,Technical,Low,5,5
3515,13068,Network,Medium,4,5
3516,12321,Billing,Medium,17,4
3517,4036,Speed,Low,15,5
3518,12668,Technical,Medium,12,1
3519,13746,Speed,High,4,5
3520,5529,Billing,Medium,11,2
3521,12775,Refund,Medium,5,2
3522,13478,Technical,Low,3,2
3523,8149,Network,Low,20,2
3524,9199,Login,High,2,3
3525,5688,Billing,High,10,4
3526,3273,Technical,Low,15,1
3527,916,Speed,Low,3,1
3528,4239,Billing,High,16,2
3529,3048,Speed,High,19,4
3530,11038,Refund,High,10,3
3531,503,Billing,Medium,8,1
3532,671,Speed,Low,19,3
3533,3674,Login,Medium,17,1
3534,11844,Technical,High,19,3
3535,5859,Network,High,3,5
3536,6975,Speed,Medium,1,3
3537,515,Speed,Medium,6,2
3538,6151,Technical,Low,13,4
3539,8592,Billing,High,5,2
3540,7782,Login,Medium,14,5
3541,4624,Network,Low,7,3
3542,4622,Technical,Medium,14,2
3543,8641,Login,Medium,17,3
3544,5206,Billing,Medium,16,4
3545,5103,Login,Low,16,4
3546,14689,Technical,Low,16,3
3547,13115,Billing,Low,6,1
3548,486,Technical,Low,1,5
3549,1768,Login,Low,18,2
3550,11255,Refund,Medium,3,2
3551,2269,Technical,Medium,8,4
3552,11323,Network,High,15,5
3553,8286,Billing,High,20,2
3554,1161,Refund,Medium,16,2
3555,14059,Refund,High,7,2
3556,5969,Refund,Low,2,5
3557,2979,Speed,Low,14,3
3558,11421,Refund,High,7,1
3559,8430,Speed,High,11,4
3560,2136,Network,High,3,1
3561,5802,Login,Low,8,2
3562,13403,Technical,High,11,5
3563,3324,Billing,Medium,2,1
3564,1692,Network,High,15,1
3565,4988,Technical,Medium,10,3
3566,3612,Login,Low,4,5
3567,6644,Refund,Medium,3,1
3568,686,Refund,Low,14,1
3569,12424,Billing,Medium,16,5
3570,9151,Refund,High,4,3
3571,11853,Refund,High,7,5
3572,12542,Login,High,1,4
3573,2488,Login,High,18,3
3574,6604,Network,Medium,3,2
3575,12923,Billing,Medium,7,5
3576,4453,Refund,Medium,17,3
3577,1779,Technical,High,11,2
3578,2378,Login,Low,2,1
3579,10185,Technical,High,4,5
3580,2335,Technical,High,18,5
3581,11396,Technical,Medium,12,4
3582,14814,Login,Medium,2,3
3583,4877,Speed,Medium,2,5
3584,893,Billing,Medium,17,1
3585,3877,Billing,Low,6,5
3586,1610,Speed,Low,19,1
3587,12418,Technical,High,19,3
3588,14556,Refund,Medium,7,4
3589,5440,Technical,Medium,17,2
3590,2744,Refund,Low,1,4
3591,9727,Refund,High,15,2
3592,9276,Billing,High,8,5
3593,2574,Refund,High,11,5
3594,6692,Billing,Low,16,4
3595,6058,Network,Low,2,3
3596,6319,Login,Low,11,4
3597,2128,Technical,High,19,3
3598,2472,Billing,High,20,1
3599,3648,Billing,Medium,13,4
3600,2967,Network,Medium,11,3
3601,14958,Technical,Medium,10,2
3602,6428,Network,High,15,4
3603,11532,Login,Low,14,3
3604,1029,Technical,High,1,3
3605,14874,Billing,Medium,4,5
3606,13812,Network,Low,14,1
3607,1517,Refund,High,10,1
3608,14831,Login,Medium,2,3
3609,8180,Login,High,4,3
3610,4383,Login,Medium,14,2
3611,9122,Technical,Medium,17,5
3612,2757,Refund,Medium,11,5
3613,10460,Login,High,1,2
3614,8663,Login,Low,16,1
3615,12713,Speed,Low,6,2
3616,14082,Login,Low,18,2
3617,4761,Billing,Medium,8,3
3618,4721,Refund,High,18,4
3619,304,Refund,Medium,18,5
3620,2223,Refund,High,5,1
3621,11720,Technical,High,4,3
3622,13453,Login,High,10,3
3623,14304,Network,Medium,15,4
3624,3120,Network,Low,8,1
3625,10779,Network,High,5,3
3626,4045,Technical,Low,11,2
3627,642,Speed,Low,17,3
3628,2947,Login,Low,2,5
3629,4375,Technical,Medium,14,5
3630,8691,Technical,High,13,1
3631,10684,Billing,Low,20,1
3632,7322,Technical,High,16,4
3633,7944,Speed,Low,20,1
3634,2229,Billing,High,18,3
3635,6798,Technical,Low,5,3
3636,14758,Technical,Medium,8,1
3637,8861,Billing,Medium,17,2
3638,11993,Technical,Low,14,3
3639,2097,Speed,Medium,13,5
3640,6566,Network,High,12,4
3641,6196,Refund,Low,13,4
3642,1436,Refund,Low,2,2
3643,12746,Refund,Medium,14,2
3644,12312,Technical,Low,10,5
3645,2798,Technical,High,1,1
3646,5125,Login,High,2,3
3647,12569,Billing,Medium,9,4
3648,10642,Billing,Medium,6,2
3649,11646,Refund,Medium,10,4
3650,10112,Network,High,5,5
3651,3538,Technical,Low,8,3
3652,13173,Speed,Medium,20,1
3653,5218,Speed,Medium,20,1
3654,4109,Network,High,17,2
3655,821,Speed,High,19,3
3656,2029,Technical,Low,8,5
3657,11448,Billing,High,17,4
3658,8967,Network,High,3,3
3659,9579,Login,Low,5,1
3660,9390,Login,Medium,17,3
3661,14059,Technical,High,19,5
3662,9365,Refund,Low,9,4
3663,13023,Refund,Low,3,1
3664,1563,Billing,High,20,2
3665,2732,Technical,Medium,7,5
3666,9501,Refund,Medium,13,4
3667,14515,Technical,Low,12,4
3668,13379,Network,High,17,5
3669,9415,Network,Low,10,5
3670,14572,Technical,Medium,13,3
3671,5701,Refund,Low,4,4
3672,8869,Login,Low,13,2
3673,3268,Technical,Medium,7,5
3674,4424,Billing,High,4,5
3675,6839,Login,Low,17,5
3676,782,Technical,Medium,4,1
3677,5439,Refund,Medium,16,1
3678,10717,Speed,High,16,2
3679,11707,Billing,Medium,5,2
3680,570,Technical,High,20,5
3681,275,Refund,High,13,1
3682,4169,Network,Medium,14,5
3683,3336,Network,High,17,4
3684,12505,Technical,Low,15,4
3685,6244,Billing,Medium,10,1
3686,4874,Network,Medium,15,4
3687,2937,Billing,Low,17,3
3688,2096,Login,High,4,2
3689,2837,Refund,Low,6,1
3690,4822,Network,Low,16,5
3691,13338,Technical,Medium,10,3
3692,1248,Login,High,6,5
3693,3337,Network,High,8,5
3694,5290,Speed,Low,14,5
3695,5820,Speed,Medium,6,3
3696,8027,Refund,Low,4,2
3697,858,Technical,Low,1,4
3698,7909,Speed,Medium,7,4
3699,14756,Login,Low,6,5
3700,4588,Speed,Low,15,2
3701,11933,Refund,Low,2,4
3702,9004,Network,Low,20,3
3703,3153,Technical,High,10,2
3704,11157,Network,Medium,15,3
3705,8999,Login,High,18,1
3706,2834,Network,Medium,10,2
3707,1726,Speed,Low,11,2
3708,10543,Billing,Low,3,2
3709,1621,Login,Low,20,3
3710,9896,Speed,High,11,3
3711,625,Network,Medium,16,3
3712,10622,Login,High,6,4
3713,10720,Speed,High,18,3
3714,1377,Refund,Medium,5,1
3715,9078,Network,Medium,11,2
3716,3737,Login,High,19,4
3717,12298,Refund,Low,4,1
3718,8653,Billing,High,3,1
3719,4752,Billing,High,4,1
3720,7448,Login,High,14,4
3721,13853,Login,High,13,5
3722,2616,Speed,Medium,14,3
3723,3682,Refund,Medium,10,5
3724,1684,Network,Low,10,1
3725,6673,Login,Low,17,3
3726,13492,Speed,High,2,5
3727,5233,Network,High,5,2
3728,8411,Speed,High,3,4
3729,3553,Refund,Medium,15,4
3730,5473,Technical,Low,3,5
3731,1520,Technical,High,13,4
3732,10217,Login,Low,1,3
3733,14638,Technical,High,3,1
3734,8628,Billing,High,3,1
3735,5271,Technical,Low,14,1
3736,3973,Refund,Low,8,1
3737,10506,Speed,Low,9,5
3738,8397,Network,Medium,10,3
3739,4042,Refund,High,1,4
3740,10687,Technical,Medium,8,4
3741,3056,Speed,High,1,5
3742,2925,Speed,Low,6,1
3743,1736,Refund,Medium,14,5
3744,10322,Network,Medium,18,4
3745,7564,Network,Low,3,5
3746,2456,Billing,Medium,17,4
3747,4087,Billing,Low,12,1
3748,10220,Login,Low,13,3
3749,10222,Refund,High,1,3
3750,8224,Technical,Medium,17,2
3751,8509,Refund,High,18,5
3752,2496,Billing,High,9,1
3753,5621,Billing,Low,20,3
3754,10326,Login,Medium,5,1
3755,12712,Speed,Medium,15,4
3756,896,Billing,Medium,3,5
3757,4425,Billing,Low,5,1
3758,3057,Technical,High,3,2
3759,620,Speed,High,11,5
3760,8734,Login,High,20,4
3761,11324,Refund,Medium,20,3
3762,1173,Billing,Low,15,4
3763,2022,Billing,High,10,1
3764,3362,Refund,Medium,16,2
3765,8550,Network,Low,8,3
3766,8617,Speed,Low,19,4
3767,11061,Billing,Medium,6,2
3768,13678,Billing,High,7,5
3769,6637,Billing,Medium,17,1
3770,3921,Network,High,9,3
3771,721,Refund,Low,18,2
3772,10600,Network,High,16,4
3773,3627,Refund,High,3,1
3774,10883,Billing,Medium,17,1
3775,2630,Network,Low,20,1
3776,8673,Billing,Medium,1,3
3777,85,Network,High,4,5
3778,11985,Refund,Low,5,2
3779,1006,Network,High,17,1
3780,9645,Billing,Medium,1,3
3781,2077,Network,Low,3,5
3782,2639,Login,Medium,7,2
3783,7596,Speed,Medium,3,5
3784,9510,Login,Medium,18,2
3785,8077,Refund,High,17,1
3786,6763,Login,High,9,1
3787,8574,Technical,High,5,2
3788,4689,Billing,Low,1,3
3789,7877,Login,Low,17,3
3790,3198,Refund,High,2,3
3791,4624,Billing,Medium,13,5
3792,12827,Network,Low,19,1
3793,6395,Billing,Medium,5,3
3794,9228,Speed,Medium,14,5
3795,4488,Speed,Low,4,5
3796,6000,Technical,High,6,2
3797,869,Technical,Medium,16,4
3798,1997,Technical,Low,11,4
3799,8605,Billing,High,17,4
3800,5856,Refund,Low,4,1
3801,5559,Refund,High,11,3
3802,13772,Network,Medium,12,1
3803,7160,Billing,Medium,15,5
3804,4176,Login,Low,3,1
3805,7192,Refund,Low,2,5
3806,4386,Billing,Medium,19,3
3807,7645,Network,Medium,9,5
3808,6214,Technical,High,13,2
3809,11386,Login,Medium,14,1
3810,6116,Refund,Medium,13,1
3811,3499,Billing,Medium,6,2
3812,7009,Login,Medium,4,2
3813,10051,Refund,Medium,20,2
3814,3045,Refund,Low,7,4
3815,8385,Refund,High,14,5
3816,11050,Login,High,14,4
3817,7250,Billing,High,20,3
3818,13894,Billing,High,18,5
3819,2398,Network,Medium,19,5
3820,9047,Refund,Low,11,3
3821,8405,Technical,Medium,19,4
3822,2596,Billing,High,9,1
3823,1642,Network,High,3,2
3824,6941,Network,Low,2,1
3825,2788,Speed,High,8,5
3826,8891,Technical,High,3,5
3827,2203,Technical,High,19,1
3828,11061,Technical,High,7,2
3829,14854,Login,Low,4,4
3830,6397,Billing,Low,5,3
3831,4250,Billing,High,20,4
3832,3419,Speed,Low,17,2
3833,2927,Login,Medium,5,3
3834,13692,Technical,Low,18,4
3835,13130,Refund,Low,15,4
3836,1370,Technical,Medium,11,3
3837,4063,Network,Medium,8,3
3838,14366,Speed,High,19,3
3839,1040,Billing,Low,10,2
3840,668,Speed,High,16,1
3841,6690,Login,High,20,3
3842,7744,Refund,Medium,5,5
3843,8912,Speed,High,6,2
3844,9672,Technical,High,8,1
3845,7659,Refund,High,10,3
3846,2460,Technical,High,10,5
3847,3345,Speed,Medium,1,1
3848,3405,Refund,Medium,20,5
3849,13483,Billing,Low,8,1
3850,6818,Refund,High,20,1
3851,14595,Login,Medium,9,5
3852,928,Login,High,12,3
3853,6968,Refund,Medium,11,5
3854,12658,Login,Low,13,5
3855,14217,Technical,Low,12,3
3856,6143,Refund,Low,15,3
3857,6502,Speed,Low,18,1
3858,486,Technical,Low,15,2
3859,1150,Technical,Low,14,4
3860,6270,Network,High,3,5
3861,13011,Speed,Medium,9,2
3862,968,Refund,High,6,2
3863,7918,Login,High,11,1
3864,1965,Refund,Low,9,4
3865,3841,Billing,Medium,1,1
3866,280,Login,Medium,8,1
3867,800,Network,Low,7,3
3868,1074,Login,Medium,13,2
3869,3644,Refund,Low,17,2
3870,1305,Technical,High,9,1
3871,3199,Billing,High,16,4
3872,606,Speed,Low,13,3
3873,11141,Speed,Low,5,5
3874,1876,Speed,High,10,3
3875,10080,Network,Medium,7,3
3876,9495,Billing,Medium,17,3
3877,3158,Billing,Medium,10,3
3878,7426,Speed,Low,7,1
3879,1861,Login,Low,1,4
3880,2341,Network,Medium,1,3
3881,735,Network,Low,10,1
3882,6740,Login,High,11,5
3883,8242,Login,Medium,9,1
3884,435,Network,Medium,12,4
3885,8538,Speed,Low,7,5
3886,641,Billing,High,7,2
3887,9853,Billing,Low,3,4
3888,11603,Billing,Low,17,5
3889,7741,Speed,High,14,5
3890,4718,Refund,Medium,17,2
3891,8108,Technical,Medium,14,4
3892,9,Login,High,13,1
3893,2148,Speed,High,18,4
3894,14846,Refund,Medium,17,5
3895,2489,Network,Medium,1,2
3896,61,Login,Medium,15,3
3897,695,Network,Medium,9,2
3898,3740,Speed,Low,7,5
3899,4549,Billing,High,3,5
3900,7159,Network,Low,4,5
3901,11204,Speed,Medium,11,4
3902,5256,Billing,High,9,1
3903,3539,Billing,Low,14,1
3904,9223,Billing,Medium,14,5
3905,9816,Billing,High,3,1
3906,7365,Network,High,5,3
3907,3290,Technical,Medium,18,2
3908,5687,Speed,Medium,4,3
3909,14492,Billing,High,12,2
3910,14677,Login,High,2,3
3911,14880,Billing,Medium,15,5
3912,5372,Network,Medium,15,5
3913,2717,Login,Low,1,2
3914,5302,Login,Low,1,2
3915,9281,Login,Medium,2,4
3916,4911,Billing,Medium,2,2
3917,7476,Speed,Medium,11,4
3918,2845,Refund,High,18,4
3919,3371,Refund,High,18,1
3920,1622,Network,Medium,20,4
3921,8882,Login,High,12,5
3922,10485,Technical,Low,7,2
3923,8879,Billing,Medium,13,3
3924,4672,Network,Low,14,3
3925,14791,Speed,Low,7,4
3926,7386,Speed,High,15,5
3927,11323,Login,High,18,2
3928,11162,Billing,High,5,1
3929,1871,Refund,Low,10,1
3930,9747,Speed,Low,13,3
3931,7834,Network,Medium,17,1
3932,7266,Refund,High,8,1
3933,14403,Speed,Low,2,2
3934,13550,Technical,High,9,4
3935,9229,Technical,Low,4,5
3936,6713,Login,Low,9,2
3937,6022,Speed,Medium,14,3
3938,1922,Login,Medium,18,1
3939,10294,Billing,Low,15,5
3940,14356,Technical,High,18,2
3941,11180,Refund,Low,11,2
3942,530,Billing,High,9,2
3943,3966,Speed,Low,14,4
3944,10202,Refund,Medium,11,5
3945,4943,Login,Medium,13,5
3946,9994,Login,High,18,1
3947,7890,Billing,Low,2,5
3948,11283,Technical,High,16,5
3949,10579,Network,Medium,14,4
3950,828,Billing,Low,16,3
3951,12460,Technical,Low,4,5
3952,11036,Billing,Medium,9,5
3953,7879,Refund,High,7,4
3954,11377,Login,Low,19,3
3955,3073,Network,Medium,17,5
3956,1523,Refund,Low,15,2
3957,8577,Billing,Medium,11,1
3958,865,Refund,High,11,1
3959,10476,Network,Low,6,5
3960,9637,Network,Low,20,1
3961,5465,Speed,Medium,13,2
3962,8251,Login,High,8,2
3963,12915,Login,Medium,14,5
3964,2042,Network,Medium,1,1
3965,144,Login,Low,1,3
3966,12440,Speed,Low,1,2
3967,14989,Technical,Low,6,1
3968,12140,Network,Medium,13,5
3969,14212,Network,Medium,8,1
3970,5979,Speed,Medium,7,1
3971,11622,Refund,Low,2,2
3972,3921,Technical,High,12,4
3973,13916,Technical,Low,18,3
3974,6625,Technical,High,5,5
3975,11783,Technical,High,20,2
3976,8005,Billing,High,15,5
3977,13235,Speed,Medium,20,2
3978,4338,Network,High,6,1
3979,4274,Technical,Low,7,1
3980,919,Technical,Low,16,1
3981,2209,Speed,Low,2,1
3982,14348,Login,Medium,5,4
3983,3920,Refund,High,17,2
3984,12426,Speed,High,16,2
3985,9507,Technical,Medium,10,4
3986,4060,Refund,Low,14,3
3987,2862,Speed,Low,9,1
3988,9460,Refund,Low,2,4
3989,13874,Login,High,3,5
3990,13080,Login,Low,8,5
3991,1490,Billing,Low,9,5
3992,302,Refund,High,1,2
3993,6076,Refund,High,9,5
3994,13431,Network,High,13,1
3995,3905,Billing,Medium,17,3
3996,14915,Billing,High,5,1
3997,10168,Billing,Low,12,5
3998,11996,Login,Low,15,2
3999,3419,Refund,Medium,16,5
4000,7378,Speed,Medium,7,3
4001,5993,Refund,High,14,1
4002,5821,Technical,Medium,5,4
4003,11221,Technical,High,15,5
4004,4079,Technical,Medium,8,2
4005,3212,Login,High,16,5
4006,9731,Network,Medium,10,4
4007,6538,Speed,Low,6,3
4008,11543,Billing,High,12,3
4009,13873,Speed,High,16,3
4010,3557,Technical,Medium,13,1
4011,9181,Refund,Low,6,2
4012,5153,Refund,Low,3,2
4013,5700,Login,High,11,2
4014,8586,Technical,High,16,3
4015,5011,Billing,Low,1,5
4016,8490,Login,High,16,3
4017,72,Billing,High,6,1
4018,8480,Network,Low,5,2
4019,8726,Network,Medium,1,1
4020,9856,Speed,Medium,13,2
4021,1331,Technical,Medium,3,3
4022,10526,Speed,High,14,5
4023,10756,Network,Low,16,5
4024,12566,Billing,Medium,8,2
4025,5137,Billing,High,2,4
4026,73,Technical,High,13,2
4027,7654,Refund,Medium,11,2
4028,387,Login,Medium,20,1
4029,1663,Refund,Low,7,5
4030,170,Speed,High,14,5
4031,12867,Network,Medium,11,3
4032,3388,Technical,High,11,3
4033,13367,Login,Low,20,1
4034,5854,Network,Medium,1,3
4035,12435,Network,High,14,2
4036,4120,Refund,Medium,15,5
4037,11775,Login,Medium,9,2
4038,14558,Technical,Low,11,2
4039,5329,Technical,Medium,17,2
4040,9304,Login,Low,13,5
4041,14692,Refund,Low,6,1
4042,11840,Login,Medium,9,2
4043,2040,Technical,Low,2,2
4044,9292,Speed,Medium,20,2
4045,10565,Billing,Low,9,5
4046,11785,Refund,High,18,2
4047,12441,Refund,High,6,5
4048,9256,Network,Medium,14,4
4049,5304,Refund,Low,3,5
4050,2673,Billing,Medium,14,4
4051,11184,Refund,Low,16,2
4052,8177,Billing,Medium,6,2
4053,11021,Network,Medium,17,1
4054,10846,Technical,High,7,4
4055,8370,Network,Medium,3,2
4056,6026,Billing,High,17,4
4057,2376,Refund,Low,3,2
4058,1771,Technical,High,7,2
4059,10004,Login,Medium,3,4
4060,13242,Technical,Low,18,4
4061,330,Technical,Low,4,5
4062,7648,Speed,Medium,7,3
4063,5159,Technical,Low,6,2
4064,6355,Refund,High,9,3
4065,9939,Technical,Medium,10,3
4066,12621,Refund,Medium,18,3
4067,11151,Network,High,9,4
4068,406,Refund,High,3,1
4069,9606,Login,Low,1,2
4070,455,Technical,Low,3,4
4071,2109,Network,High,20,4
4072,2450,Login,High,15,4
4073,10442,Speed,High,20,5
4074,8533,Technical,Medium,1,3
4075,7213,Refund,Low,18,4
4076,105,Speed,Low,20,3
4077,1802,Technical,High,9,5
4078,10710,Technical,Medium,1,4
4079,13453,Speed,High,15,5
4080,12680,Network,High,20,4
4081,8640,Billing,High,16,4
4082,2406,Login,Medium,20,4
4083,6048,Refund,Low,8,3
4084,4579,Login,Low,15,3
4085,3249,Billing,High,9,3
4086,13412,Network,High,3,3
4087,8633,Speed,Low,13,2
4088,7079,Refund,High,2,2
4089,670,Speed,High,13,5
4090,312,Billing,Low,15,1
4091,11985,Refund,High,15,3
4092,4952,Speed,High,18,1
4093,3000,Billing,Medium,10,4
4094,8087,Speed,Medium,15,1
4095,12912,Network,Low,19,4
4096,12258,Network,Low,20,4
4097,13633,Technical,Low,7,5
4098,12843,Technical,High,20,5
4099,3611,Speed,Low,6,3
4100,14772,Technical,Medium,6,4
4101,8338,Network,Low,4,3
4102,13023,Refund,Low,7,4
4103,9701,Technical,Medium,18,4
4104,1614,Refund,High,10,4
4105,3355,Technical,Low,3,1
4106,12478,Speed,High,7,1
4107,13877,Login,Low,2,3
4108,12862,Technical,Medium,18,1
4109,5838,Technical,High,9,3
4110,6846,Speed,High,12,5
4111,10393,Billing,Low,8,2
4112,13142,Billing,Low,6,2
4113,9085,Refund,Medium,2,1
4114,10851,Refund,Low,9,5
4115,4106,Billing,Medium,11,2
4116,5607,Login,High,2,4
4117,12872,Technical,High,1,1
4118,3186,Billing,High,9,1
4119,1871,Login,High,17,2
4120,13780,Login,High,4,4
4121,2875,Network,Medium,16,3
4122,7936,Login,Medium,20,3
4123,12195,Refund,High,5,1
4124,10666,Refund,High,1,4
4125,13313,Refund,Low,10,3
4126,9095,Network,Low,10,5
4127,8121,Billing,Low,7,4
4128,7170,Refund,Medium,19,2
4129,8934,Billing,Medium,14,3
4130,4810,Network,Medium,19,3
4131,8112,Billing,High,5,3
4132,7873,Speed,Medium,6,3
4133,12604,Technical,High,11,3
4134,9836,Refund,Low,8,5
4135,12542,Billing,Medium,9,2
4136,4748,Billing,High,20,5
4137,14704,Login,Medium,14,1
4138,14280,Network,High,17,3
4139,11778,Speed,High,2,1
4140,10110,Refund,Medium,1,5
4141,640,Login,Medium,5,3
4142,2837,Technical,High,11,4
4143,14424,Technical,Low,16,2
4144,3794,Login,Low,11,1
4145,4216,Technical,High,9,3
4146,12067,Billing,Medium,19,3
4147,11521,Billing,Low,2,1
4148,14996,Technical,High,2,3
4149,10595,Login,Medium,16,4
4150,14957,Billing,Low,8,1
4151,2258,Refund,Low,14,2
4152,14296,Refund,Medium,18,1
4153,1273,Billing,High,2,5
4154,14678,Speed,High,16,2
4155,7792,Login,Medium,14,2
4156,4091,Billing,High,7,2
4157,141,Billing,Medium,9,4
4158,13039,Refund,High,10,2
4159,9558,Network,Low,18,3
4160,12957,Billing,High,19,1
4161,3506,Refund,Medium,3,4
4162,10991,Refund,High,6,3
4163,13115,Refund,Medium,6,2
4164,3872,Technical,Medium,13,4
4165,10771,Network,Low,9,2
4166,12861,Refund,Low,18,3
4167,13607,Technical,High,11,1
4168,10219,Speed,High,13,5
4169,11446,Login,High,3,2
4170,2344,Speed,Medium,8,2
4171,2583,Technical,Low,6,4
4172,9747,Speed,Medium,19,5
4173,13712,Login,Medium,4,1
4174,2032,Network,Medium,15,2
4175,13713,Login,Low,2,4
4176,4185,Login,Medium,18,1
4177,5769,Technical,High,8,2
4178,11075,Login,Medium,15,5
4179,12816,Network,Medium,2,5
4180,7774,Network,High,11,5
4181,4044,Billing,Low,11,2
4182,4767,Technical,Medium,3,1
4183,7273,Network,Medium,1,1
4184,5810,Network,Low,6,3
4185,4300,Network,Medium,8,5
4186,3039,Billing,Medium,1,3
4187,43,Billing,Low,14,3
4188,7778,Login,Medium,11,1
4189,11042,Billing,Medium,16,4
4190,13793,Technical,Medium,14,5
4191,9538,Technical,High,19,1
4192,12694,Technical,Low,19,4
4193,12029,Technical,High,7,2
4194,2669,Login,High,1,1
4195,2223,Refund,Low,20,5
4196,12829,Technical,Medium,7,2
4197,1364,Technical,Low,17,5
4198,1688,Speed,High,13,1
4199,13474,Refund,Medium,7,2
4200,13610,Speed,High,8,3
4201,2044,Refund,Medium,2,1
4202,14466,Refund,High,19,2
4203,235,Network,High,11,3
4204,3404,Login,High,6,4
4205,9082,Network,High,17,5
4206,6297,Speed,Low,9,1
4207,6302,Technical,Medium,12,4
4208,3626,Login,High,15,4
4209,13195,Technical,Medium,4,4
4210,14840,Billing,High,2,5
4211,13688,Billing,High,18,5
4212,1880,Speed,Medium,11,4
4213,7666,Technical,Medium,1,1
4214,5087,Speed,Low,13,4
4215,12636,Billing,High,8,3
4216,4787,Refund,High,1,2
4217,13745,Technical,Medium,13,2
4218,9296,Login,Low,15,2
4219,13689,Billing,High,20,1
4220,12976,Technical,Medium,2,3
4221,12464,Technical,Low,10,5
4222,2296,Billing,Low,8,4
4223,12596,Refund,Low,3,1
4224,11742,Network,Medium,8,2
4225,1882,Speed,Low,11,2
4226,13024,Refund,Low,3,2
4227,8449,Login,Medium,17,2
4228,4008,Billing,High,11,2
4229,9503,Network,Low,13,1
4230,10413,Technical,Medium,15,4
4231,3563,Speed,High,19,3
4232,3849,Refund,Low,10,1
4233,4002,Billing,Medium,1,1
4234,1496,Network,Low,12,5
4235,10973,Network,Medium,2,1
4236,7190,Refund,High,15,4
4237,10216,Refund,High,16,1
4238,6413,Billing,Medium,17,3
4239,4562,Speed,High,19,1
4240,5468,Refund,Medium,17,2
4241,3811,Technical,Medium,12,3
4242,7572,Network,High,18,5
4243,9981,Refund,High,8,2
4244,8577,Billing,High,20,1
4245,11181,Login,Medium,3,1
4246,1570,Login,Low,18,5
4247,14600,Refund,High,8,4
4248,2689,Technical,Medium,10,4
4249,3800,Refund,High,11,4
4250,2370,Speed,High,15,4
4251,12051,Billing,Low,17,3
4252,3503,Refund,Low,18,5
4253,859,Technical,High,6,1
4254,10972,Network,High,6,5
4255,8964,Billing,High,7,4
4256,10051,Billing,High,6,2
4257,14968,Login,Low,4,1
4258,10136,Technical,Medium,7,3
4259,1397,Speed,Medium,12,4
4260,2499,Network,High,12,1
4261,11948,Speed,High,14,1
4262,14277,Billing,High,15,5
4263,6523,Refund,Medium,19,3
4264,14739,Speed,High,13,1
4265,8734,Speed,Medium,6,2
4266,3058,Technical,Low,3,5
4267,9213,Login,Medium,15,4
4268,675,Network,High,5,5
4269,6775,Technical,High,15,1
4270,12917,Billing,Medium,4,5
4271,13578,Speed,Medium,10,2
4272,709,Network,Medium,7,4
4273,12884,Technical,High,19,3
4274,6246,Billing,Medium,17,2
4275,586,Billing,Low,8,4
4276,9573,Login,Low,18,4
4277,5011,Network,Medium,17,1
4278,2793,Billing,Medium,9,5
4279,1686,Login,High,12,1
4280,6905,Login,High,4,1
4281,13429,Billing,High,14,5
4282,5806,Refund,Low,12,4
4283,481,Network,Low,15,2
4284,8959,Login,High,11,4
4285,3743,Technical,Low,14,5
4286,12834,Refund,Medium,3,1
4287,7890,Network,High,18,4
4288,2179,Login,Low,10,1
4289,10878,Billing,Medium,4,1
4290,7548,Speed,High,10,1
4291,6894,Login,Low,19,4
4292,14469,Speed,Low,20,3
4293,2567,Speed,Low,12,5
4294,2975,Login,High,6,1
4295,8142,Refund,High,11,5
4296,7022,Technical,Low,4,5
4297,11316,Technical,Medium,1,5
4298,13259,Speed,Low,3,1
4299,136,Billing,Low,8,2
4300,2730,Speed,Medium,16,5
4301,1426,Network,High,13,1
4302,1731,Network,High,2,1
4303,11341,Speed,High,8,5
4304,14362,Technical,Low,6,3
4305,5316,Technical,Medium,5,5
4306,1977,Billing,Medium,9,2
4307,10832,Network,High,16,5
4308,9656,Speed,High,20,3
4309,205,Login,Medium,10,3
4310,3086,Network,High,8,4
4311,545,Technical,Low,17,5
4312,3528,Speed,Low,3,2
4313,8927,Network,Low,18,2
4314,8706,Refund,Medium,13,5
4315,11053,Technical,Low,1,5
4316,6118,Technical,Low,12,5
4317,9270,Refund,Low,4,2
4318,11298,Network,Low,6,1
4319,10972,Speed,Low,11,2
4320,10771,Billing,Medium,20,1
4321,6923,Network,Low,14,3
4322,9223,Login,Medium,18,3
4323,2638,Billing,High,15,4
4324,7020,Billing,Low,19,1
4325,263,Network,Low,1,1
4326,7532,Network,Low,20,2
4327,14589,Refund,Low,1,2
4328,1118,Technical,Medium,12,3
4329,9766,Billing,High,1,4
4330,9009,Technical,Low,18,1
4331,9242,Technical,High,17,2
4332,5023,Speed,Low,20,5
4333,10075,Login,High,14,4
4334,5629,Refund,High,17,4
4335,6623,Network,High,9,3
4336,3716,Speed,Low,6,3
4337,5581,Technical,High,2,4
4338,3138,Login,Medium,15,1
4339,11179,Refund,Low,11,5
4340,14396,Billing,Medium,15,5
4341,8382,Technical,High,15,4
4342,11883,Speed,Medium,6,5
4343,12782,Refund,Medium,16,1
4344,3369,Speed,Low,10,5
4345,7657,Login,High,1,4
4346,13354,Refund,High,1,2
4347,3174,Refund,High,8,1
4348,3259,Billing,High,8,4
4349,13159,Technical,Low,4,4
4350,6006,Speed,High,2,3
4351,419,Speed,Medium,15,4
4352,4677,Speed,Medium,8,4
4353,2937,Network,Medium,15,4
4354,11682,Refund,Medium,5,4
4355,10100,Billing,Medium,4,3
4356,2100,Billing,Low,15,3
4357,3522,Technical,Medium,6,2
4358,4825,Technical,Low,12,4
4359,1516,Network,Low,13,4
4360,5584,Technical,High,2,4
4361,6203,Technical,Medium,7,4
4362,12997,Billing,High,15,4
4363,1521,Technical,Low,18,4
4364,5186,Billing,Low,9,4
4365,13785,Refund,High,16,4
4366,2414,Billing,High,8,1
4367,13427,Login,Low,5,1
4368,2131,Billing,High,7,2
4369,13906,Login,Medium,10,3
4370,13768,Login,High,6,2
4371,7633,Speed,High,17,1
4372,6620,Login,Medium,7,1
4373,11201,Speed,High,9,1
4374,2330,Technical,Low,15,3
4375,2085,Technical,Low,12,3
4376,4622,Technical,Low,13,5
4377,10749,Refund,High,6,3
4378,11266,Technical,Medium,14,1
4379,465,Network,Low,9,1
4380,10089,Network,High,6,4
4381,2961,Billing,High,12,3
4382,283,Speed,Low,13,2
4383,6116,Technical,High,19,3
4384,4838,Billing,Low,5,5
4385,6663,Network,High,20,2
4386,2470,Network,High,4,4
4387,8350,Network,Low,6,5
4388,2370,Technical,High,12,5
4389,12742,Technical,High,19,4
4390,2666,Network,Low,15,3
4391,2501,Billing,Medium,16,3
4392,8308,Login,Medium,12,2
4393,7927,Speed,Medium,20,3
4394,2660,Login,Low,13,5
4395,5284,Technical,Low,15,2
4396,13938,Billing,Low,5,1
4397,8087,Billing,Low,16,4
4398,13928,Refund,Medium,5,2
4399,12330,Network,Low,15,1
4400,5165,Billing,Medium,10,3
4401,196,Refund,High,9,2
4402,6701,Technical,Low,1,2
4403,2565,Billing,High,4,5
4404,13996,Refund,High,20,5
4405,1615,Speed,High,6,2
4406,12703,Login,Low,20,3
4407,693,Billing,Medium,6,3
4408,4741,Login,High,13,1
4409,10315,Technical,High,11,3
4410,7,Network,High,12,1
4411,7798,Refund,Low,18,5
4412,7623,Technical,High,11,3
4413,5112,Login,Medium,19,1
4414,8958,Speed,Medium,3,2
4415,14298,Technical,High,18,5
4416,4700,Billing,High,18,1
4417,7786,Refund,High,5,5
4418,12062,Network,Medium,17,2
4419,4792,Technical,High,8,2
4420,4322,Technical,Medium,8,1
4421,12167,Speed,Low,19,4
4422,4354,Billing,High,16,4
4423,10148,Technical,High,17,5
4424,13949,Billing,High,3,1
4425,11779,Network,High,4,3
4426,6453,Login,Low,2,3
4427,8300,Technical,Medium,19,3
4428,11423,Technical,Medium,19,4
4429,11333,Billing,Low,1,3
4430,8069,Network,Low,2,4
4431,9553,Technical,High,9,4
4432,14595,Billing,Low,2,3
4433,6706,Network,Medium,7,3
4434,926,Billing,Low,3,5
4435,5925,Speed,Low,9,4
4436,8088,Billing,Low,17,5
4437,1154,Network,Medium,12,3
4438,8593,Network,Medium,12,3
4439,10353,Billing,Medium,15,3
4440,1957,Login,Low,15,3
4441,12436,Login,Medium,1,3
4442,9296,Login,High,2,3
4443,616,Network,Low,5,3
4444,10064,Billing,Medium,9,1
4445,12032,Technical,Low,15,5
4446,4443,Refund,High,6,3
4447,5111,Billing,Medium,19,3
4448,5768,Refund,Low,1,5
4449,14051,Technical,High,10,1
4450,2186,Network,High,8,3
4451,9630,Billing,High,1,1
4452,6094,Login,Medium,3,1
4453,11274,Billing,Low,15,2
4454,8926,Login,Low,20,3
4455,14193,Billing,High,15,3
4456,17,Network,Medium,12,2
4457,6333,Refund,High,6,4
4458,6906,Login,Low,14,2
4459,2673,Speed,Low,14,4
4460,8259,Network,High,16,2
4461,4483,Billing,Medium,7,2
4462,3472,Technical,Medium,2,5
4463,14044,Speed,Medium,2,5
4464,12079,Login,Low,12,2
4465,4825,Refund,High,1,2
4466,9743,Speed,Low,11,1
4467,5226,Speed,Low,5,5
4468,3721,Speed,Low,16,4
4469,789,Billing,High,10,5
4470,3919,Login,Low,18,4
4471,3641,Speed,Low,19,1
4472,13333,Refund,High,19,1
4473,12345,Speed,Medium,7,2
4474,14952,Billing,Low,12,3
4475,7371,Speed,High,11,1
4476,5611,Refund,High,20,4
4477,6103,Technical,Medium,6,2
4478,4966,Speed,Low,14,1
4479,12914,Login,Medium,8,4
4480,7225,Network,Low,7,5
4481,12056,Refund,Low,4,2
4482,6549,Network,High,14,1
4483,3012,Refund,Low,6,4
4484,7667,Speed,Medium,19,4
4485,14652,Technical,High,4,3
4486,11404,Billing,High,3,4
4487,11241,Login,High,11,2
4488,6205,Refund,High,19,4
4489,10870,Refund,Low,8,5
4490,9546,Network,Low,16,3
4491,7205,Login,Low,11,3
4492,534,Network,Medium,14,1
4493,6457,Technical,Medium,8,1
4494,2597,Speed,Low,11,3
4495,10659,Billing,High,19,4
4496,11926,Login,Medium,8,3
4497,5720,Refund,High,5,5
4498,14340,Technical,Medium,3,4
4499,13549,Speed,Medium,3,3
4500,14237,Speed,Low,4,4
4501,1647,Speed,Medium,9,2
4502,1221,Login,Low,2,2
4503,10352,Login,Low,8,5
4504,66,Network,High,9,2
4505,14436,Speed,Medium,4,5
4506,2070,Technical,Low,1,4
4507,10157,Billing,High,6,1
4508,13945,Refund,High,16,1
4509,11845,Billing,High,11,3
4510,2813,Refund,Medium,18,1
4511,3239,Speed,Low,18,2
4512,14568,Login,Medium,7,1
4513,1411,Login,Low,2,1
4514,9020,Refund,Low,10,5
4515,633,Network,Medium,7,1
4516,11637,Refund,Medium,14,5
4517,13174,Network,Low,10,5
4518,5081,Login,High,14,1
4519,13419,Billing,Low,2,1
4520,6443,Network,High,4,2
4521,8174,Refund,Low,15,4
4522,14593,Login,Low,5,5
4523,6940,Login,Medium,1,4
4524,319,Network,High,18,1
4525,4819,Speed,Medium,17,4
4526,9155,Login,Medium,6,4
4527,1091,Login,High,16,2
4528,6977,Login,Medium,4,4
4529,6666,Billing,Medium,8,1
4530,6142,Speed,High,5,2
4531,4485,Technical,Medium,15,2
4532,9163,Technical,High,6,3
4533,1644,Technical,Medium,18,2
4534,12464,Technical,Medium,12,5
4535,14373,Speed,Medium,9,2
4536,10435,Network,High,8,2
4537,6756,Refund,High,3,3
4538,4405,Network,High,8,5
4539,4161,Technical,High,9,1
4540,2277,Technical,Low,18,4
4541,9495,Technical,Low,5,2
4542,664,Refund,Low,5,1
4543,5673,Refund,Low,7,2
4544,14528,Technical,Low,19,3
4545,8308,Network,Medium,3,1
4546,1923,Login,Low,8,2
4547,14538,Billing,Low,5,1
4548,14270,Network,Low,11,1
4549,14655,Login,Medium,9,4
4550,6637,Network,Low,4,4
4551,3497,Speed,Low,2,4
4552,507,Network,Low,10,1
4553,531,Login,High,14,1
4554,610,Billing,Medium,20,3
4555,1607,Speed,Low,3,1
4556,6432,Speed,Low,5,1
4557,5296,Login,Low,1,4
4558,12376,Speed,Low,1,3
4559,14008,Billing,Low,17,3
4560,8428,Speed,Low,20,3
4561,752,Login,Low,18,1
4562,1952,Network,Low,12,1
4563,3082,Technical,Low,8,5
4564,2586,Technical,Medium,14,2
4565,3320,Speed,High,11,1
4566,3278,Speed,Low,9,3
4567,13390,Refund,High,18,5
4568,6871,Refund,Medium,12,2
4569,14172,Refund,Low,13,2
4570,13473,Technical,Medium,18,2
4571,9775,Technical,Medium,12,5
4572,13417,Technical,High,6,5
4573,14550,Speed,Medium,13,5
4574,8366,Network,High,17,4
4575,11828,Refund,Medium,15,1
4576,13257,Billing,Low,16,3
4577,4489,Billing,Low,12,2
4578,2115,Network,High,5,5
4579,4431,Login,High,2,4
4580,5433,Speed,Medium,9,5
4581,8550,Refund,Low,15,4
4582,13437,Network,Low,2,5
4583,5342,Billing,Medium,19,2
4584,429,Network,High,4,3
4585,12811,Network,High,18,2
4586,11793,Login,Medium,3,3
4587,12655,Network,Medium,7,5
4588,7239,Refund,Medium,8,2
4589,10261,Technical,High,17,5
4590,2518,Refund,Low,17,3
4591,5625,Refund,Medium,13,5
4592,14380,Network,High,19,3
4593,10062,Refund,Medium,9,2
4594,5095,Speed,Low,7,1
4595,14512,Billing,High,9,1
4596,8211,Refund,Low,7,1
4597,14808,Network,High,19,2
4598,5872,Login,Low,13,5
4599,5157,Billing,Medium,14,1
4600,300,Technical,Low,19,2
4601,9314,Technical,Medium,3,5
4602,13426,Technical,Low,16,1
4603,566,Billing,High,14,3
4604,10230,Refund,Low,11,1
4605,11820,Login,High,7,1
4606,5442,Speed,High,2,5
4607,175,Network,High,8,1
4608,9575,Refund,Medium,13,5
4609,1288,Billing,Low,16,1
4610,8883,Refund,Low,20,5
4611,3619,Network,High,17,2
4612,12363,Network,Medium,11,5
4613,763,Billing,High,9,4
4614,9119,Refund,Medium,6,4
4615,3967,Login,Low,11,2
4616,7845,Billing,High,6,4
4617,615,Network,High,17,5
4618,5130,Speed,Low,19,2
4619,4146,Login,Low,2,2
4620,9155,Technical,Medium,6,2
4621,7183,Refund,Medium,20,3
4622,7572,Speed,Low,2,3
4623,11436,Speed,High,4,1
4624,12089,Login,High,20,2
4625,9006,Technical,Medium,19,5
4626,5568,Technical,Medium,16,4
4627,13931,Refund,High,17,5
4628,52,Technical,High,14,2
4629,6347,Billing,Medium,18,5
4630,752,Login,Low,15,2
4631,2709,Billing,Low,19,5
4632,10492,Technical,High,16,3
4633,14942,Refund,High,3,3
4634,7269,Refund,Medium,16,4
4635,1512,Technical,Medium,14,5
4636,404,Technical,Medium,11,4
4637,12135,Network,Medium,16,5
4638,5574,Billing,High,16,1
4639,6963,Billing,Medium,3,4
4640,1735,Technical,Low,8,2
4641,1239,Login,Medium,3,2
4642,9531,Billing,Medium,18,4
4643,12569,Speed,High,6,1
4644,2879,Network,Low,1,1
4645,2715,Technical,High,16,4
4646,3531,Login,Medium,14,5
4647,3568,Speed,High,13,3
4648,3030,Login,Medium,16,3
4649,9302,Network,High,20,1
4650,12414,Technical,Medium,18,3
4651,2040,Refund,Low,17,2
4652,6505,Technical,Medium,15,2
4653,5404,Billing,Low,20,3
4654,1836,Billing,Medium,6,4
4655,5084,Login,High,15,4
4656,2430,Technical,High,14,3
4657,11226,Speed,High,15,3
4658,14450,Refund,Medium,14,4
4659,14789,Technical,Low,4,5
4660,14178,Billing,High,12,4
4661,7355,Login,High,3,1
4662,648,Billing,Low,14,5
4663,766,Speed,Low,2,5
4664,8115,Refund,Low,5,4
4665,10341,Refund,Low,3,4
4666,1194,Speed,High,6,3
4667,8286,Technical,Medium,9,1
4668,5036,Technical,Low,18,1
4669,1382,Speed,Low,11,3
4670,13009,Technical,High,14,4
4671,11196,Login,Medium,17,1
4672,4970,Billing,High,14,3
4673,5454,Technical,Medium,6,4
4674,7538,Login,Medium,5,3
4675,10432,Billing,Low,15,5
4676,8001,Network,High,5,3
4677,10284,Network,Low,13,4
4678,14583,Network,Low,14,4
4679,2808,Login,Medium,12,2
4680,7794,Refund,High,15,5
4681,4756,Technical,Medium,13,5
4682,10689,Billing,High,10,3
4683,10999,Network,Low,3,5
4684,5568,Technical,Low,9,4
4685,7332,Login,High,19,5
4686,581,Speed,Low,7,5
4687,11184,Speed,High,14,4
4688,8942,Network,High,11,1
4689,5032,Billing,Low,15,2
4690,6975,Refund,Medium,18,2
4691,14674,Network,Low,8,4
4692,11846,Network,Low,12,3
4693,10281,Speed,High,20,5
4694,8002,Speed,Medium,5,4
4695,5778,Technical,Low,19,4
4696,1593,Billing,High,2,1
4697,9353,Refund,Medium,5,1
4698,9495,Billing,High,3,5
4699,13785,Technical,Low,6,4
4700,5471,Refund,Medium,17,1
4701,14078,Network,Medium,18,1
4702,11427,Network,High,15,4
4703,13263,Login,High,13,4
4704,1570,Technical,Medium,13,2
4705,592,Network,Medium,1,1
4706,6137,Login,High,11,5
4707,13931,Network,Low,9,3
4708,5654,Login,Medium,19,5
4709,10861,Login,Medium,5,4
4710,12988,Billing,Medium,8,1
4711,4335,Login,Medium,14,5
4712,14576,Refund,Medium,17,5
4713,6774,Login,Low,4,1
4714,11995,Speed,High,18,2
4715,14543,Billing,Low,9,3
4716,677,Technical,High,14,5
4717,6198,Refund,Medium,13,2
4718,4137,Billing,Low,10,4
4719,7305,Billing,Low,1,2
4720,13780,Refund,Medium,14,2
4721,14403,Speed,Low,11,3
4722,10251,Billing,Low,18,4
4723,1287,Billing,Medium,4,1
4724,8874,Refund,High,4,1
4725,6978,Speed,Low,13,5
4726,8379,Login,Low,8,5
4727,2140,Network,Low,13,1
4728,10644,Login,Medium,4,1
4729,4334,Billing,High,4,5
4730,794,Network,High,12,5
4731,2229,Speed,Low,8,3
4732,11477,Refund,Low,18,5
4733,1753,Login,Medium,6,3
4734,936,Login,Low,4,1
4735,12208,Technical,High,18,1
4736,9607,Refund,High,13,4
4737,14043,Speed,Medium,14,1
4738,7075,Refund,Medium,8,4
4739,9101,Refund,Low,6,2
4740,1316,Speed,Low,16,5
4741,1111,Refund,Low,10,3
4742,9113,Login,High,16,1
4743,2371,Technical,Low,14,2
4744,8117,Billing,High,11,5
4745,4763,Refund,High,3,4
4746,1204,Network,High,15,5
4747,789,Speed,High,4,4
4748,11938,Billing,Low,20,2
4749,4459,Billing,Medium,12,4
4750,4395,Login,High,9,5
4751,2905,Network,Medium,13,4
4752,1905,Network,Medium,15,5
4753,6760,Speed,Medium,19,2
4754,10922,Network,Medium,11,4
4755,14490,Billing,High,14,3
4756,11339,Billing,Low,3,5
4757,1908,Speed,Medium,18,2
4758,14583,Network,Low,20,5
4759,789,Network,Medium,15,5
4760,10121,Refund,High,14,4
4761,8940,Technical,Medium,16,3
4762,1703,Technical,High,4,5
4763,6015,Billing,Medium,16,5
4764,4466,Login,Low,19,3
4765,6713,Login,Medium,1,1
4766,4969,Speed,High,14,1
4767,8240,Refund,High,8,1
4768,13957,Login,Medium,5,2
4769,2073,Network,Low,9,1
4770,699,Network,Low,8,1
4771,2824,Billing,High,1,3
4772,14350,Technical,Medium,4,4
4773,1708,Technical,Low,3,2
4774,978,Refund,Low,14,3
4775,9177,Login,Medium,11,3
4776,6286,Login,Low,15,2
4777,4666,Login,High,2,2
4778,197,Billing,Medium,20,1
4779,14065,Billing,High,13,2
4780,8343,Technical,High,16,1
4781,11534,Refund,Low,19,4
4782,8074,Network,High,2,1
4783,5329,Speed,Low,4,3
4784,11392,Refund,Low,3,4
4785,3488,Billing,Low,13,4
4786,13992,Network,High,8,1
4787,11094,Speed,High,10,4
4788,601,Technical,Medium,8,5
4789,4879,Technical,Medium,16,5
4790,10246,Network,Low,1,5
4791,8396,Login,High,7,5
4792,7109,Speed,High,8,5
4793,12573,Speed,Medium,12,2
4794,7041,Network,Medium,17,4
4795,1157,Refund,Low,2,1
4796,3886,Technical,Medium,12,3
4797,12785,Technical,Medium,6,3
4798,2618,Speed,High,5,1
4799,14000,Network,High,7,5
4800,8155,Technical,Low,13,5
4801,3539,Speed,Low,7,3
4802,6242,Speed,Medium,18,2
4803,8843,Speed,Medium,18,2
4804,3829,Speed,Low,5,4
4805,12375,Speed,High,8,5
4806,8606,Technical,Low,12,1
4807,9899,Network,Low,20,5
4808,4201,Refund,Medium,1,2
4809,14127,Speed,Low,4,3
4810,9167,Login,Low,8,5
4811,6308,Network,Low,3,2
4812,3354,Refund,Medium,1,5
4813,14392,Refund,Low,13,5
4814,12208,Login,High,11,2
4815,5192,Billing,Low,7,2
4816,4415,Login,High,6,3
4817,7399,Login,Medium,9,1
4818,8151,Refund,High,2,4
4819,5517,Login,Medium,6,1
4820,10704,Technical,Medium,5,3
4821,6933,Speed,Medium,11,3
4822,11183,Login,Low,9,2
4823,5724,Billing,Medium,5,1
4824,10847,Technical,Medium,4,1
4825,12588,Technical,Medium,4,4
4826,11011,Speed,High,5,2
4827,4592,Technical,Low,13,4
4828,1752,Login,Medium,10,4
4829,6687,Network,High,18,2
4830,14572,Technical,Low,13,2
4831,13164,Network,High,15,4
4832,4249,Refund,Medium,12,3
4833,11411,Network,Low,13,3
4834,7858,Refund,High,20,3
4835,9753,Billing,High,16,4
4836,2249,Refund,High,7,2
4837,97,Refund,Low,9,4
4838,8302,Login,Low,9,4
4839,12919,Speed,Medium,10,4
4840,10606,Speed,Medium,13,5
4841,2951,Speed,Medium,14,1
4842,11800,Speed,Low,1,2
4843,14364,Refund,Medium,4,1
4844,10885,Login,Low,18,3
4845,9288,Login,Low,20,5
4846,1270,Billing,Medium,20,3
4847,5357,Speed,Medium,1,3
4848,14706,Login,Low,9,3
4849,6001,Login,Medium,11,4
4850,13361,Billing,Medium,7,3
4851,4841,Refund,Medium,10,4
4852,11411,Technical,Medium,14,1
4853,3801,Speed,Medium,11,4
4854,1813,Refund,Medium,4,2
4855,1850,Login,Medium,3,3
4856,12721,Login,High,15,5
4857,641,Speed,Low,20,1
4858,776,Refund,High,19,1
4859,5029,Speed,Medium,19,4
4860,5991,Refund,Low,5,4
4861,6030,Billing,High,5,2
4862,3585,Network,Medium,20,1
4863,13184,Network,Medium,4,2
4864,13117,Login,Medium,16,5
4865,10081,Refund,Low,13,1
4866,8210,Billing,Medium,9,1
4867,11608,Refund,Medium,6,1
4868,12466,Network,Low,14,4
4869,3863,Technical,Medium,16,2
4870,12257,Speed,Low,8,5
4871,1770,Technical,High,4,2
4872,14904,Refund,High,9,5
4873,2005,Network,Low,4,4
4874,9277,Technical,Low,12,4
4875,9654,Technical,Medium,19,1
4876,8002,Billing,Low,12,1
4877,8156,Technical,High,1,2
4878,12789,Login,Low,12,5
4879,4457,Billing,High,15,3
4880,14167,Speed,High,4,4
4881,2202,Technical,High,17,2
4882,6415,Speed,High,13,4
4883,9400,Speed,High,9,2
4884,12708,Network,Low,14,2
4885,1344,Speed,Medium,11,3
4886,2413,Speed,Medium,4,3
4887,10621,Refund,High,10,1
4888,9573,Technical,High,20,5
4889,1753,Billing,High,7,5
4890,1223,Technical,High,15,1
4891,11934,Billing,Low,10,2
4892,9751,Login,Low,17,4
4893,9963,Login,High,12,2
4894,14890,Billing,High,9,5
4895,3445,Speed,Medium,12,4
4896,8479,Speed,Medium,8,4
4897,4663,Billing,Low,11,1
4898,8296,Login,Low,20,2
4899,2909,Network,Medium,16,3
4900,14243,Refund,High,10,2
4901,10518,Login,Low,4,4
4902,13029,Billing,Medium,10,1
4903,7194,Refund,Medium,19,2
4904,5456,Speed,Low,7,5
4905,12119,Network,Low,11,3
4906,14457,Billing,Medium,19,5
4907,10751,Speed,Low,6,2
4908,11772,Billing,Low,2,3
4909,11888,Speed,Medium,19,2
4910,11657,Technical,Low,8,4
4911,15000,Login,Low,8,2
4912,8685,Speed,High,18,3
4913,12594,Refund,High,18,1
4914,588,Billing,Low,3,1
4915,11008,Technical,High,10,1
4916,13796,Billing,High,5,4
4917,5616,Speed,High,4,3
4918,3967,Refund,Low,15,4
4919,4946,Network,Low,2,3
4920,8330,Billing,High,18,2
4921,1472,Refund,High,2,3
4922,7665,Login,High,16,2
4923,584,Speed,High,10,5
4924,1192,Billing,Medium,3,4
4925,13934,Network,Medium,9,1
4926,10900,Billing,Medium,14,3
4927,4979,Login,Medium,4,3
4928,2426,Login,High,16,5
4929,14071,Technical,Low,9,2
4930,3664,Technical,Low,2,5
4931,7152,Technical,Low,4,1
4932,11170,Refund,High,3,3
4933,3557,Billing,Medium,18,1
4934,3572,Network,Low,20,5
4935,1661,Refund,Medium,18,4
4936,7392,Billing,Medium,12,3
4937,10802,Network,Low,12,3
4938,7852,Speed,Low,1,3
4939,8896,Billing,Medium,12,1
4940,10439,Speed,High,1,5
4941,1190,Login,Medium,10,5
4942,12033,Speed,Medium,7,3
4943,12501,Billing,Medium,8,2
4944,11339,Technical,Medium,12,4
4945,11969,Network,Low,11,2
4946,2718,Network,Medium,10,5
4947,14241,Technical,High,10,2
4948,7311,Network,High,5,4
4949,1654,Billing,Medium,19,3
4950,11161,Technical,High,19,1
4951,1453,Login,High,17,5
4952,11398,Login,Low,1,5
4953,4812,Login,High,18,1
4954,12571,Refund,High,2,4
4955,7505,Login,Medium,3,2
4956,3218,Refund,Medium,3,5
4957,10065,Speed,Medium,4,4
4958,12979,Refund,Medium,8,3
4959,4693,Technical,Medium,4,2
4960,2131,Speed,Low,6,3
4961,3217,Login,High,5,3
4962,5750,Technical,High,11,3
4963,13007,Network,Low,7,4
4964,10465,Refund,Low,6,4
4965,10231,Refund,Medium,12,4
4966,7725,Network,Medium,15,2
4967,3536,Speed,Medium,14,1
4968,3183,Login,Medium,15,5
4969,4610,Login,Medium,6,2
4970,5587,Login,Medium,20,1
4971,6720,Network,High,16,5
4972,1838,Technical,Medium,3,1
4973,679,Speed,High,8,5
4974,3476,Network,Medium,12,4
4975,11523,Refund,Low,13,5
4976,13755,Technical,Medium,4,2
4977,12422,Refund,High,10,4
4978,2191,Technical,Low,3,1
4979,3833,Login,High,5,1
4980,13319,Billing,High,13,4
4981,13233,Technical,High,13,1
4982,7211,Speed,Low,6,4
4983,8603,Billing,Medium,20,3
4984,10112,Speed,Medium,15,5
4985,14180,Login,Low,14,1
4986,14536,Refund,Low,3,2
4987,10134,Speed,High,14,2
4988,14460,Network,Low,18,3
4989,3788,Login,Medium,17,3
4990,14739,Network,Medium,18,4
4991,4677,Login,Low,16,4
4992,2292,Refund,Medium,19,3
4993,14057,Technical,Medium,1,3
4994,10104,Network,Low,7,4
4995,7873,Speed,Low,17,2
4996,10279,Refund,High,4,2
4997,14320,Refund,High,14,2
4998,4726,Billing,Medium,11,2
4999,6072,Refund,Low,19,5
5000,5834,Login,Medium,5,4
5001,14199,Refund,Medium,7,3
5002,13884,Technical,Medium,8,2
5003,5143,Billing,Low,17,1
5004,3256,Speed,Low,1,2
5005,12241,Billing,Medium,15,1
5006,10467,Refund,Medium,7,4
5007,3031,Technical,High,3,2
5008,14503,Network,Medium,4,3
5009,7472,Network,High,1,2
5010,8237,Speed,Medium,9,1
5011,5601,Network,High,10,5
5012,9453,Speed,Medium,4,4
5013,4074,Speed,Low,10,2
5014,14984,Speed,Low,8,1
5015,9381,Refund,Medium,5,1
5016,10619,Login,Low,3,2
5017,8360,Speed,Low,16,3
5018,2636,Login,Medium,13,3
5019,4266,Speed,Medium,19,5
5020,4536,Speed,Low,14,4
5021,11198,Billing,High,13,1
5022,14642,Technical,Medium,16,3
5023,14194,Billing,Medium,8,5
5024,8885,Refund,Low,18,3
5025,11816,Speed,Low,13,2
5026,14683,Technical,High,3,4
5027,226,Login,High,8,4
5028,5570,Network,Medium,3,1
5029,759,Login,Medium,4,3
5030,6552,Billing,Low,9,2
5031,14730,Refund,Medium,13,4
5032,1860,Network,Low,6,2
5033,3042,Refund,Medium,18,5
5034,10902,Technical,High,7,4
5035,1237,Billing,Medium,18,2
5036,1432,Billing,Low,2,2
5037,8276,Speed,Low,18,1
5038,931,Login,Low,9,5
5039,13653,Billing,Low,4,3
5040,12600,Speed,Medium,13,1
5041,13111,Speed,Low,13,3
5042,780,Network,Low,5,3
5043,898,Speed,High,19,3
5044,14223,Login,Medium,9,4
5045,12779,Login,Low,9,5
5046,2132,Billing,High,20,5
5047,7884,Refund,Medium,20,3
5048,2051,Network,Low,17,1
5049,2447,Network,Medium,1,1
5050,9334,Refund,High,10,2
5051,8629,Network,High,15,3
5052,2990,Network,High,11,3
5053,13448,Refund,Medium,6,5
5054,10728,Login,Medium,7,2
5055,10410,Login,High,12,4
5056,3437,Login,High,15,4
5057,12374,Billing,Low,8,4
5058,13756,Speed,Medium,17,1
5059,316,Login,Medium,13,3
5060,11338,Login,Low,10,3
5061,7055,Speed,Medium,17,4
5062,13199,Refund,Low,4,4
5063,9113,Login,Medium,4,1
5064,9055,Technical,Low,6,2
5065,11712,Refund,Low,12,4
5066,4188,Login,High,10,3
5067,13462,Refund,Low,14,1
5068,7158,Refund,Medium,17,3
5069,14913,Billing,High,3,4
5070,5833,Billing,Medium,1,1
5071,4769,Speed,Low,14,4
5072,5665,Login,Medium,20,3
5073,3913,Speed,High,17,5
5074,10546,Login,Medium,4,5
5075,6401,Speed,Medium,12,5
5076,10847,Technical,Low,11,2
5077,6775,Technical,High,6,5
5078,8875,Billing,Medium,12,2
5079,11323,Speed,Low,15,4
5080,10972,Technical,High,9,1
5081,4085,Technical,High,2,3
5082,7800,Login,Medium,8,2
5083,9319,Technical,Medium,14,2
5084,12384,Technical,Medium,5,3
5085,9283,Refund,Low,11,5
5086,5982,Refund,Low,5,2
5087,6105,Speed,High,3,2
5088,3330,Technical,Medium,18,5
5089,9146,Technical,Low,10,1
5090,4245,Refund,Low,3,5
5091,12568,Speed,Medium,7,5
5092,8004,Billing,Medium,11,2
5093,12297,Technical,High,15,3
5094,1742,Refund,Medium,1,4
5095,7210,Network,Medium,19,2
5096,1967,Billing,Medium,3,4
5097,11797,Network,Low,4,4
5098,10845,Refund,High,8,2
5099,12354,Login,High,9,1
5100,5335,Login,Low,3,4
5101,12267,Refund,Medium,11,4
5102,11423,Speed,High,2,5
5103,382,Refund,High,2,2
5104,14933,Refund,Low,4,1
5105,6103,Billing,High,1,4
5106,3532,Login,Medium,7,3
5107,14635,Refund,High,5,1
5108,5080,Speed,Medium,5,4
5109,6259,Technical,High,6,5
5110,14680,Network,Medium,14,1
5111,269,Speed,Low,7,3
5112,11214,Network,Low,9,4
5113,1921,Network,High,15,2
5114,9130,Speed,Low,14,5
5115,1247,Technical,Medium,1,1
5116,490,Refund,Low,15,5
5117,1743,Technical,Medium,15,2
5118,9042,Refund,High,9,2
5119,8154,Billing,Medium,16,3
5120,2524,Billing,Medium,16,5
5121,3840,Technical,High,16,4
5122,10394,Refund,High,3,4
5123,2612,Technical,Medium,19,4
5124,6997,Billing,High,1,5
5125,1974,Technical,High,3,1
5126,9876,Refund,Low,19,1
5127,8673,Technical,Low,4,4
5128,12961,Billing,High,12,1
5129,12753,Billing,High,10,4
5130,4457,Login,Low,3,4
5131,12530,Network,High,20,2
5132,12759,Billing,Low,6,1
5133,9583,Login,Medium,13,2
5134,5428,Speed,High,2,2
5135,3006,Speed,High,4,5
5136,1275,Billing,Medium,13,2
5137,5846,Billing,Low,10,5
5138,4304,Login,Medium,8,4
5139,9456,Speed,High,2,3
5140,426,Refund,Medium,11,2
5141,7391,Refund,High,4,3
5142,4023,Technical,High,19,1
5143,11011,Login,Medium,7,1
5144,11718,Billing,High,19,5
5145,5569,Technical,High,16,3
5146,14331,Speed,Medium,3,4
5147,1418,Network,Medium,16,1
5148,1426,Technical,High,15,2
5149,3888,Speed,Low,12,5
5150,962,Refund,Low,17,2
5151,621,Billing,Medium,8,3
5152,2531,Speed,High,11,3
5153,2307,Technical,Medium,10,5
5154,14437,Technical,High,2,2
5155,7291,Login,High,10,3
5156,959,Refund,Low,10,2
5157,10532,Speed,Medium,4,4
5158,10551,Billing,Low,18,3
5159,9406,Network,Low,3,3
5160,10991,Login,Low,3,2
5161,13313,Login,Low,6,4
5162,9504,Speed,Low,3,5
5163,1523,Technical,High,14,2
5164,7670,Billing,High,3,4
5165,6113,Speed,High,14,2
5166,7461,Network,High,7,2
5167,7412,Speed,High,9,3
5168,5617,Technical,High,3,5
5169,14452,Network,High,14,1
5170,4484,Technical,High,4,1
5171,1718,Billing,Medium,17,2
5172,3286,Speed,High,10,2
5173,11641,Network,High,11,5
5174,3490,Network,High,10,5
5175,2603,Login,High,19,5
5176,9432,Technical,High,16,1
5177,2417,Technical,High,11,2
5178,12645,Network,Medium,19,4
5179,12082,Login,High,13,5
5180,2573,Login,Medium,3,3
5181,2184,Technical,Low,17,2
5182,1873,Speed,Medium,2,4
5183,10317,Billing,Low,18,4
5184,2833,Billing,Low,2,2
5185,4777,Network,High,18,5
5186,1728,Technical,Medium,6,1
5187,11561,Login,High,16,3
5188,4177,Billing,Low,6,4
5189,11084,Refund,High,2,2
5190,13397,Technical,High,20,3
5191,8677,Refund,High,2,4
5192,10128,Login,High,4,1
5193,7234,Login,Low,14,2
5194,3773,Refund,Low,6,4
5195,12944,Login,Medium,18,3
5196,13508,Login,Low,12,1
5197,8659,Network,High,2,3
5198,12365,Billing,High,15,4
5199,5211,Speed,Medium,5,3
5200,4156,Network,Low,17,2
5201,4121,Speed,Low,4,2
5202,13947,Refund,Medium,8,5
5203,821,Speed,High,3,3
5204,6861,Billing,High,5,5
5205,1699,Billing,High,16,4
5206,11445,Network,Medium,4,2
5207,5846,Network,High,8,5
5208,7292,Login,Low,4,1
5209,2404,Technical,Medium,3,5
5210,12600,Speed,Medium,12,2
5211,10015,Billing,High,1,1
5212,11874,Network,High,4,2
5213,576,Refund,Medium,9,2
5214,5503,Network,Medium,20,1
5215,8480,Speed,Medium,6,1
5216,11944,Network,High,7,5
5217,2633,Refund,High,13,4
5218,9069,Billing,Low,15,3
5219,14107,Billing,Low,13,4
5220,14792,Login,High,7,2
5221,7340,Speed,Medium,3,4
5222,13157,Technical,Medium,13,1
5223,1094,Speed,High,5,3
5224,705,Login,Medium,13,1
5225,5412,Network,High,13,1
5226,5431,Speed,Medium,18,5
5227,8155,Network,Low,20,1
5228,4949,Billing,Low,12,2
5229,11585,Refund,Medium,2,3
5230,7441,Login,High,8,1
5231,609,Login,Medium,5,4
5232,10227,Technical,Low,7,4
5233,8100,Login,Medium,19,1
5234,667,Network,High,9,1
5235,7779,Network,Medium,3,2
5236,12789,Technical,Low,2,3
5237,2058,Refund,High,15,1
5238,8121,Network,High,5,3
5239,14949,Refund,Low,18,3
5240,1704,Login,High,18,3
5241,5039,Technical,High,8,1
5242,12901,Network,High,13,1
5243,7103,Login,Low,2,4
5244,3813,Billing,High,19,3
5245,11761,Login,Low,10,5
5246,11468,Login,Medium,1,5
5247,4743,Speed,High,9,4
5248,32,Speed,Medium,4,3
5249,1796,Speed,High,10,1
5250,2909,Refund,Medium,10,4
5251,692,Billing,Medium,14,4
5252,3874,Refund,Low,17,5
5253,1065,Login,Medium,18,3
5254,6174,Speed,Medium,10,5
5255,13620,Billing,Medium,13,3
5256,5611,Login,High,10,3
5257,12358,Refund,Medium,5,4
5258,8884,Technical,Low,17,4
5259,1275,Login,Low,2,1
5260,13157,Billing,Low,20,5
5261,3767,Refund,High,13,2
5262,8265,Speed,High,12,3
5263,10364,Login,Medium,9,3
5264,11428,Technical,Medium,14,5
5265,12065,Technical,High,16,3
5266,7844,Refund,Medium,5,1
5267,8159,Billing,Low,17,1
5268,1581,Login,Medium,14,3
5269,5577,Refund,High,16,2
5270,14331,Technical,Medium,5,3
5271,3539,Speed,Medium,8,4
5272,7044,Technical,Low,15,1
5273,12151,Technical,High,14,1
5274,1806,Billing,High,4,5
5275,2176,Speed,Medium,20,3
5276,3422,Login,Low,16,3
5277,12982,Billing,High,16,4
5278,9660,Speed,High,14,2
5279,52,Billing,High,12,2
5280,14091,Refund,High,8,1
5281,7673,Network,Low,15,4
5282,4860,Speed,Medium,10,2
5283,5868,Billing,Low,17,1
5284,10516,Technical,Medium,9,1
5285,10880,Billing,High,12,3
5286,13144,Refund,Low,6,4
5287,851,Network,High,6,3
5288,6901,Refund,Medium,16,2
5289,5377,Speed,High,16,3
5290,5316,Technical,High,10,4
5291,8243,Refund,Medium,2,5
5292,1518,Login,Medium,15,5
5293,9926,Network,Medium,16,4
5294,1147,Login,Medium,8,3
5295,5930,Login,Low,14,2
5296,6806,Network,High,3,5
5297,7391,Billing,Medium,10,1
5298,3445,Login,Low,7,3
5299,1013,Network,Low,11,5
5300,10378,Billing,Medium,2,3
5301,8293,Network,High,17,3
5302,12873,Billing,Low,11,1
5303,7552,Network,High,5,4
5304,5417,Speed,High,4,1
5305,11340,Refund,High,6,1
5306,6687,Speed,Medium,1,1
5307,10356,Network,Medium,6,4
5308,3395,Speed,Medium,5,5
5309,14150,Login,Medium,17,5
5310,4837,Technical,Medium,20,5
5311,3245,Technical,Low,14,3
5312,3811,Billing,High,3,2
5313,14680,Billing,Low,18,3
5314,1113,Refund,High,18,2
5315,2663,Refund,Medium,4,4
5316,2741,Technical,High,10,1
5317,5249,Technical,Low,12,5
5318,6383,Network,High,7,3
5319,3745,Login,High,16,4
5320,8470,Billing,High,14,2
5321,13395,Speed,Medium,20,1
5322,3422,Billing,Low,10,3
5323,7822,Login,Low,5,3
5324,11241,Billing,Low,5,2
5325,5101,Network,Low,12,4
5326,5319,Network,Medium,9,1
5327,12419,Network,Medium,5,2
5328,8499,Technical,Low,5,1
5329,653,Billing,High,19,1
5330,14651,Billing,High,6,2
5331,6751,Billing,Low,10,2
5332,14365,Technical,Medium,15,5
5333,972,Billing,High,13,5
5334,13114,Technical,High,13,5
5335,8388,Speed,High,4,1
5336,14160,Speed,Medium,14,4
5337,12643,Login,Medium,16,4
5338,14612,Billing,Medium,13,2
5339,8384,Network,High,4,1
5340,14256,Technical,Low,2,4
5341,166,Technical,High,12,3
5342,9004,Technical,Medium,15,3
5343,2356,Technical,Low,2,4
5344,6505,Login,Medium,7,3
5345,12159,Network,Medium,17,2
5346,12995,Billing,High,16,5
5347,5192,Billing,Medium,8,2
5348,7892,Refund,Low,3,4
5349,14218,Refund,High,19,1
5350,9426,Refund,Medium,12,5
5351,9509,Network,Medium,20,2
5352,3368,Speed,Low,6,2
5353,9091,Login,Low,12,1
5354,1143,Refund,Medium,17,3
5355,7764,Network,Medium,6,5
5356,11032,Billing,Medium,2,5
5357,8868,Technical,Medium,10,2
5358,11642,Network,Low,14,3
5359,14438,Billing,Medium,8,3
5360,4878,Speed,Low,17,3
5361,13605,Refund,High,5,2
5362,5993,Technical,High,1,1
5363,2291,Technical,High,18,3
5364,7642,Technical,Medium,7,3
5365,2304,Login,High,6,3
5366,8783,Speed,Low,7,4
5367,6157,Technical,Low,1,2
5368,3622,Refund,High,18,5
5369,4435,Speed,Medium,12,3
5370,9014,Login,High,17,1
5371,6354,Login,High,15,1
5372,4599,Billing,Low,1,3
5373,14840,Billing,High,5,1
5374,2949,Network,High,8,2
5375,6445,Technical,Medium,20,1
5376,11032,Speed,Low,18,2
5377,8671,Network,High,12,1
5378,3116,Network,Low,18,4
5379,14198,Refund,Low,12,4
5380,12484,Login,Medium,7,1
5381,3773,Technical,Low,2,1
5382,5592,Billing,Low,14,3
5383,1560,Login,Medium,11,4
5384,13995,Billing,High,6,2
5385,13274,Speed,Low,12,5
5386,14574,Technical,Low,16,2
5387,1790,Refund,High,10,4
5388,13259,Login,Low,19,2
5389,10169,Billing,Medium,12,3
5390,6498,Billing,High,12,1
5391,14647,Speed,Medium,12,1
5392,427,Technical,Low,20,5
5393,10320,Technical,Medium,6,5
5394,10934,Network,High,12,4
5395,5080,Login,Medium,13,4
5396,4028,Login,Medium,8,1
5397,3915,Speed,High,19,3
5398,4161,Refund,High,12,2
5399,6708,Billing,Medium,7,3
5400,5449,Refund,Medium,18,2
5401,3670,Login,Low,7,2
5402,2247,Technical,Low,1,1
5403,14330,Speed,High,6,1
5404,6426,Network,High,8,3
5405,3757,Network,Low,6,5
5406,10146,Network,Medium,15,1
5407,9580,Refund,Medium,8,4
5408,14637,Network,Medium,17,2
5409,7727,Billing,Low,16,4
5410,10273,Billing,Medium,3,1
5411,10189,Refund,High,12,3
5412,2177,Billing,Medium,18,1
5413,3820,Technical,Medium,9,3
5414,3229,Login,High,13,5
5415,14545,Login,High,18,4
5416,5252,Billing,High,1,3
5417,13791,Login,High,1,4
5418,9620,Technical,High,7,4
5419,1109,Speed,High,9,2
5420,5435,Refund,Low,18,5
5421,13461,Login,High,12,2
5422,1359,Network,Medium,19,3
5423,7101,Network,Low,19,5
5424,3393,Billing,High,17,3
5425,13345,Billing,High,6,5
5426,10092,Refund,High,7,5
5427,4339,Technical,Medium,19,1
5428,14621,Billing,High,4,1
5429,363,Network,Medium,19,3
5430,4163,Technical,Low,14,4
5431,5992,Login,Low,6,1
5432,14549,Technical,Low,5,4
5433,3672,Billing,Low,14,1
5434,14202,Speed,High,1,3
5435,4017,Speed,High,19,1
5436,5820,Login,Low,4,4
5437,5662,Speed,Medium,8,4
5438,13581,Billing,High,18,3
5439,6433,Billing,Medium,17,3
5440,11923,Billing,High,20,4
5441,8666,Technical,Medium,14,5
5442,1309,Speed,Medium,16,5
5443,10066,Login,Medium,16,4
5444,14043,Network,High,10,3
5445,13082,Refund,High,8,4
5446,5144,Refund,High,19,5
5447,5053,Login,Low,16,1
5448,9455,Technical,High,13,3
5449,13162,Speed,Low,8,3
5450,14742,Technical,Medium,18,1
5451,12260,Billing,Low,16,3
5452,1764,Billing,Medium,2,5
5453,10976,Network,Medium,8,4
5454,7819,Speed,Low,15,4
5455,10840,Network,High,14,5
5456,13769,Login,Low,16,4
5457,2865,Technical,High,13,2
5458,2588,Network,Medium,20,5
5459,8868,Billing,Medium,7,1
5460,8216,Billing,High,3,3
5461,1049,Speed,High,16,3
5462,3707,Technical,Medium,17,3
5463,12550,Speed,Medium,10,3
5464,2614,Refund,Low,1,1
5465,9310,Refund,High,19,4
5466,8489,Billing,Low,4,2
5467,6712,Speed,High,8,3
5468,9216,Speed,Medium,10,4
5469,8495,Login,Low,15,3
5470,14425,Billing,Medium,9,2
5471,5652,Speed,High,4,3
5472,10390,Billing,High,19,4
5473,972,Billing,Medium,3,4
5474,556,Billing,High,5,1
5475,4958,Network,Low,5,1
5476,2989,Technical,Medium,3,1
5477,4331,Login,Low,10,3
5478,2626,Login,High,18,3
5479,8396,Speed,Low,18,1
5480,14253,Billing,Low,9,2
5481,11677,Billing,Medium,10,5
5482,8972,Technical,High,16,4
5483,9489,Login,Low,14,3
5484,11183,Refund,High,9,4
5485,11959,Billing,Medium,15,5
5486,10428,Refund,Low,18,1
5487,11617,Speed,Medium,3,1
5488,2391,Speed,High,5,5
5489,12053,Login,High,12,2
5490,9270,Billing,Medium,6,1
5491,160,Refund,Low,13,5
5492,9543,Speed,High,10,3
5493,14081,Billing,Medium,7,3
5494,2300,Billing,High,9,2
5495,2382,Speed,High,3,3
5496,7855,Refund,Medium,9,2
5497,2310,Network,High,20,2
5498,1320,Login,Low,13,5
5499,11089,Login,High,11,3
5500,10770,Refund,Medium,3,4
5501,12406,Refund,Medium,12,1
5502,12936,Technical,High,11,2
5503,11851,Network,Low,6,5
5504,4115,Billing,Low,13,5
5505,5173,Billing,Low,19,3
5506,1781,Speed,High,11,1
5507,14761,Technical,Medium,2,4
5508,1979,Login,Medium,12,5
5509,10608,Billing,Medium,9,2
5510,3587,Billing,Low,19,4
5511,6372,Refund,Low,10,2
5512,5955,Login,High,10,1
5513,5929,Login,Low,6,5
5514,9069,Speed,Medium,6,1
5515,13097,Billing,High,1,2
5516,7196,Login,High,20,3
5517,6220,Network,High,1,5
5518,7832,Technical,High,11,2
5519,11080,Network,Medium,17,5
5520,14794,Network,Medium,4,3
5521,12112,Network,Low,8,4
5522,45,Technical,High,16,1
5523,3448,Billing,Medium,13,3
5524,9280,Speed,Low,1,1
5525,184,Billing,Medium,14,4
5526,2061,Speed,Low,6,3
5527,2680,Network,Medium,5,1
5528,7757,Speed,Low,1,5
5529,5820,Speed,Medium,10,2
5530,5089,Speed,Medium,13,4
5531,6706,Refund,Low,14,3
5532,1614,Billing,High,9,4
5533,14048,Speed,Medium,3,4
5534,4857,Login,High,11,1
5535,6222,Billing,High,6,4
5536,11748,Network,High,3,1
5537,13114,Login,Low,10,2
5538,14560,Refund,High,11,4
5539,4469,Network,Medium,20,3
5540,2718,Network,Low,19,2
5541,2670,Billing,Medium,5,1
5542,526,Login,Low,16,1
5543,507,Speed,Medium,5,2
5544,10793,Billing,High,16,2
5545,6694,Technical,Low,18,1
5546,13676,Technical,Medium,9,2
5547,5443,Login,Low,12,4
5548,7653,Refund,Low,20,4
5549,12643,Login,Medium,9,3
5550,2059,Network,High,12,4
5551,877,Billing,Low,16,1
5552,14944,Speed,High,15,1
5553,8244,Technical,Medium,18,2
5554,10909,Speed,High,10,4
5555,5782,Billing,High,18,1
5556,1593,Login,Low,19,1
5557,1453,Refund,Low,7,1
5558,14478,Network,High,16,3
5559,4684,Refund,Low,13,2
5560,4934,Technical,High,14,5
5561,13350,Speed,Low,20,1
5562,11357,Speed,High,9,4
5563,645,Speed,Low,6,4
5564,5881,Login,Low,11,1
5565,14079,Login,Low,6,3
5566,9418,Speed,High,7,5
5567,13618,Speed,Low,15,4
5568,13970,Technical,Medium,11,5
5569,10385,Speed,Medium,3,1
5570,494,Network,Low,8,1
5571,2964,Billing,Medium,8,5
5572,13303,Refund,Medium,15,4
5573,3106,Billing,Medium,6,5
5574,11515,Billing,Medium,9,2
5575,14789,Technical,Low,18,4
5576,12630,Network,Medium,1,1
5577,11337,Login,Low,17,2
5578,3760,Speed,High,15,4
5579,1792,Login,High,15,2
5580,4261,Network,Medium,14,3
5581,6498,Technical,High,8,5
5582,7137,Login,Medium,3,1
5583,3119,Speed,High,6,4
5584,4173,Refund,Low,15,4
5585,4742,Refund,Low,6,1
5586,10204,Login,Medium,11,2
5587,3620,Network,High,1,4
5588,9247,Login,Medium,4,2
5589,14523,Network,High,5,3
5590,5847,Technical,Low,17,1
5591,3232,Speed,Medium,5,1
5592,12707,Technical,Low,17,3
5593,7888,Refund,Medium,15,3
5594,11818,Network,Medium,19,4
5595,14369,Network,Medium,14,2
5596,14074,Speed,Medium,7,1
5597,11397,Technical,Low,12,2
5598,1161,Network,Medium,16,1
5599,4728,Technical,Low,7,1
5600,943,Speed,High,17,4
5601,7798,Billing,High,8,1
5602,9462,Refund,Medium,6,4
5603,11411,Speed,Medium,18,1
5604,4742,Speed,Medium,7,4
5605,3621,Refund,Low,14,5
5606,10105,Technical,Medium,16,4
5607,7134,Billing,Low,2,1
5608,8732,Refund,Low,13,4
5609,13035,Technical,High,9,1
5610,7082,Login,High,15,2
5611,5045,Billing,Low,16,5
5612,3709,Network,Low,15,4
5613,4449,Technical,Low,17,1
5614,8546,Billing,Medium,20,3
5615,9435,Login,Medium,16,3
5616,422,Billing,Medium,9,2
5617,13363,Refund,Low,10,4
5618,8905,Technical,High,19,3
5619,13387,Speed,Medium,19,2
5620,7631,Network,Low,8,2
5621,4942,Network,Medium,10,4
5622,2468,Network,Medium,20,1
5623,13812,Speed,Medium,8,1
5624,6256,Speed,High,17,3
5625,4433,Technical,Low,5,2
5626,11065,Login,Low,4,4
5627,14114,Speed,High,2,1
5628,9375,Refund,High,13,4
5629,3919,Billing,Low,13,4
5630,12405,Billing,Low,2,5
5631,687,Refund,High,18,2
5632,882,Refund,Medium,12,2
5633,3275,Network,High,3,5
5634,2998,Speed,Low,3,5
5635,213,Network,Low,14,1
5636,6711,Login,High,3,2
5637,3259,Technical,Medium,8,5
5638,9335,Login,Low,17,3
5639,4333,Speed,Medium,2,4
5640,6954,Speed,Low,20,5
5641,2888,Technical,Low,12,3
5642,1826,Refund,High,13,3
5643,1562,Refund,Medium,12,5
5644,5826,Technical,Low,11,4
5645,10126,Technical,Low,12,1
5646,6394,Speed,Medium,5,5
5647,4244,Speed,Medium,1,5
5648,13394,Refund,Low,16,3
5649,972,Login,High,10,5
5650,5321,Speed,High,17,5
5651,14395,Speed,Medium,20,5
5652,8244,Login,Low,14,4
5653,3906,Refund,Medium,16,3
5654,10360,Billing,Low,20,5
5655,3554,Network,Medium,9,2
5656,1992,Speed,Low,9,2
5657,9472,Network,Medium,14,2
5658,3620,Network,Low,14,2
5659,9315,Network,Low,4,1
5660,1391,Refund,High,9,1
5661,5188,Login,Medium,10,1
5662,11052,Speed,Medium,18,1
5663,4926,Network,High,8,2
5664,13611,Refund,Medium,10,3
5665,508,Refund,Medium,4,3
5666,5989,Technical,Low,13,2
5667,1848,Billing,Low,19,3
5668,7110,Speed,High,6,2
5669,1526,Login,Low,4,2
5670,13944,Technical,Medium,7,4
5671,8274,Billing,Low,7,1
5672,7868,Technical,Medium,17,5
5673,7445,Speed,Low,15,4
5674,13582,Network,High,16,1
5675,3209,Billing,Medium,5,1
5676,13822,Network,High,3,5
5677,5214,Refund,High,8,5
5678,9890,Billing,Low,18,1
5679,5836,Login,Medium,7,2
5680,14246,Refund,High,16,1
5681,6879,Billing,Low,17,1
5682,4720,Billing,Low,7,5
5683,10052,Technical,Medium,17,5
5684,7849,Refund,Medium,16,3
5685,13986,Technical,Low,17,3
5686,8209,Technical,High,13,5
5687,7492,Refund,Medium,1,1
5688,8327,Speed,Medium,19,5
5689,8543,Network,Low,3,3
5690,5059,Technical,High,18,2
5691,1848,Refund,Low,9,4
5692,11352,Billing,High,9,1
5693,8475,Login,Medium,16,1
5694,3594,Refund,High,20,4
5695,2180,Login,Medium,19,1
5696,8669,Technical,High,18,2
5697,9945,Technical,Low,1,5
5698,1823,Speed,Low,19,5
5699,14986,Network,Low,17,2
5700,2008,Login,Medium,4,2
5701,10298,Billing,Medium,12,2
5702,6978,Network,Medium,19,3
5703,10000,Network,High,1,1
5704,3957,Network,Low,4,1
5705,14152,Login,Low,11,3
5706,12450,Billing,High,8,3
5707,7512,Technical,High,6,5
5708,14804,Billing,High,10,3
5709,2915,Technical,Low,5,1
5710,6867,Billing,Medium,1,4
5711,5551,Technical,High,6,3
5712,10464,Billing,Medium,2,3
5713,8912,Speed,Low,18,2
5714,2836,Login,Medium,18,4
5715,3794,Refund,Medium,7,2
5716,12091,Network,High,2,2
5717,6485,Billing,Low,10,1
5718,14286,Login,Medium,7,5
5719,13379,Login,High,2,1
5720,2639,Billing,High,18,1
5721,13881,Speed,Medium,13,3
5722,6080,Login,High,4,3
5723,13413,Network,High,9,3
5724,5902,Billing,High,6,4
5725,11175,Network,Medium,18,2
5726,1933,Refund,High,8,3
5727,12443,Technical,High,4,4
5728,12580,Billing,Low,12,3
5729,6994,Refund,Low,3,2
5730,2432,Network,High,3,4
5731,12731,Speed,Low,12,1
5732,10905,Network,Low,7,2
5733,13867,Billing,High,10,1
5734,12456,Technical,Medium,3,3
5735,8914,Billing,High,4,5
5736,2150,Technical,High,6,4
5737,9776,Network,Medium,19,3
5738,2049,Speed,High,5,5
5739,7911,Billing,High,7,1
5740,10064,Technical,Low,1,3
5741,5877,Technical,Low,20,1
5742,2159,Technical,Low,3,5
5743,9571,Network,High,9,4
5744,4572,Speed,High,8,2
5745,13845,Login,Medium,15,2
5746,8449,Login,Medium,15,4
5747,8531,Speed,Low,15,5
5748,8794,Refund,Medium,6,3
5749,1364,Billing,Low,19,5
5750,12061,Speed,Medium,9,1
5751,5269,Speed,Medium,10,5
5752,4827,Technical,Medium,6,2
5753,3295,Refund,Low,6,4
5754,2830,Network,Medium,10,4
5755,14332,Network,High,11,5
5756,12412,Login,High,11,4
5757,14787,Network,Low,6,3
5758,218,Billing,High,18,1
5759,4214,Speed,Low,1,1
5760,8555,Technical,High,17,2
5761,4702,Technical,Medium,2,3
5762,4563,Login,Medium,20,4
5763,1653,Refund,High,2,2
5764,3112,Network,Low,20,2
5765,7461,Technical,High,17,3
5766,1043,Billing,High,4,5
5767,9699,Refund,Low,12,2
5768,14627,Refund,High,18,4
5769,6891,Network,High,8,2
5770,3252,Network,High,19,4
5771,37,Technical,Low,7,5
5772,285,Refund,High,3,3
5773,8199,Login,High,8,4
5774,9259,Login,Medium,13,2
5775,8263,Refund,Medium,3,4
5776,9980,Login,Medium,5,1
5777,14198,Billing,Low,13,5
5778,1645,Technical,Low,6,3
5779,12095,Speed,Medium,5,5
5780,165,Speed,Low,17,4
5781,1701,Technical,High,19,3
5782,9259,Technical,High,6,2
5783,5619,Technical,Medium,14,3
5784,14611,Login,Low,13,4
5785,725,Billing,Low,15,5
5786,3696,Speed,Low,12,2
5787,14722,Login,High,19,3
5788,4225,Billing,Low,8,5
5789,10943,Login,Medium,2,5
5790,10563,Billing,High,20,1
5791,4364,Login,Low,13,1
5792,12337,Network,High,3,4
5793,12330,Speed,Low,11,1
5794,14170,Technical,Medium,16,5
5795,6624,Billing,Low,15,5
5796,7023,Speed,High,11,3
5797,13763,Speed,Medium,5,3
5798,5937,Speed,High,9,1
5799,2963,Speed,Medium,16,2
5800,3194,Billing,Low,20,4
5801,9664,Technical,Low,11,3
5802,1496,Login,High,20,1
5803,11881,Billing,Low,8,1
5804,921,Network,High,11,4
5805,14003,Speed,High,1,4
5806,13065,Speed,Medium,7,1
5807,848,Network,Low,19,1
5808,13686,Network,Low,1,3
5809,6241,Refund,Medium,12,5
5810,10055,Technical,Medium,3,4
5811,9749,Refund,High,7,3
5812,14872,Speed,Medium,4,3
5813,14048,Technical,High,13,3
5814,72,Network,High,8,3
5815,2836,Speed,Low,15,2
5816,1833,Speed,High,6,2
5817,541,Refund,Low,2,4
5818,11425,Refund,Medium,1,5
5819,382,Technical,High,3,4
5820,8338,Billing,Medium,10,3
5821,9058,Refund,Low,13,1
5822,11340,Refund,Low,8,2
5823,8378,Network,Low,2,5
5824,4381,Network,Low,15,1
5825,8300,Technical,Medium,1,4
5826,11751,Technical,Medium,2,3
5827,10308,Network,Medium,17,1
5828,5438,Login,Low,14,2
5829,12535,Network,Medium,3,2
5830,8014,Refund,High,1,3
5831,6648,Network,Medium,17,1
5832,12428,Network,Medium,17,1
5833,1900,Technical,Medium,18,2
5834,3551,Speed,High,10,5
5835,4372,Speed,High,10,1
5836,9304,Technical,Medium,12,2
5837,5287,Refund,Low,8,4
5838,6412,Login,Low,17,5
5839,13099,Billing,Medium,2,3
5840,11565,Refund,High,3,3
5841,3172,Speed,Medium,6,2
5842,13957,Refund,High,3,4
5843,5293,Refund,Medium,10,5
5844,3808,Speed,High,19,5
5845,6976,Billing,Low,2,2
5846,9510,Network,Medium,15,2
5847,2758,Technical,Medium,17,3
5848,5238,Technical,Medium,11,4
5849,13174,Speed,Low,2,3
5850,6465,Refund,Low,9,4
5851,14927,Speed,Medium,1,3
5852,13863,Speed,Low,3,1
5853,9152,Network,Medium,12,4
5854,8665,Technical,Medium,3,4
5855,3395,Technical,High,17,5
5856,1487,Billing,Medium,20,4
5857,12536,Refund,Medium,9,3
5858,7766,Network,Medium,9,5
5859,14953,Refund,High,20,1
5860,221,Billing,Low,17,4
5861,9632,Network,Medium,15,1
5862,13361,Billing,High,16,3
5863,2265,Login,High,2,5
5864,487,Billing,High,20,3
5865,4577,Billing,Low,10,3
5866,11862,Network,Medium,17,4
5867,7259,Technical,Medium,3,1
5868,1749,Network,Low,6,5
5869,5383,Speed,High,5,5
5870,2978,Login,Medium,15,2
5871,10545,Speed,High,13,5
5872,5629,Network,High,4,4
5873,14505,Refund,Medium,20,3
5874,2833,Speed,Low,5,1
5875,2162,Technical,Medium,5,1
5876,1859,Billing,Low,6,4
5877,14959,Technical,Low,3,4
5878,11814,Speed,Medium,17,1
5879,1083,Network,Low,8,4
5880,2420,Billing,High,7,4
5881,14656,Network,Low,13,2
5882,7741,Speed,High,15,1
5883,8506,Login,Medium,16,2
5884,13491,Speed,High,2,2
5885,693,Technical,High,8,1
5886,9777,Login,Medium,5,2
5887,8548,Billing,High,15,2
5888,12178,Speed,High,19,1
5889,8407,Network,High,11,4
5890,5020,Login,Medium,13,3
5891,8716,Login,High,4,3
5892,2147,Login,Medium,10,3
5893,9000,Billing,Low,14,3
5894,12670,Refund,Low,11,4
5895,5025,Network,High,4,2
5896,1305,Speed,High,13,3
5897,1525,Login,Medium,5,2
5898,900,Technical,Medium,8,4
5899,11892,Login,High,1,5
5900,5093,Speed,High,3,2
5901,13153,Technical,Medium,17,3
5902,4956,Refund,High,15,2
5903,13208,Speed,Medium,8,5
5904,11003,Login,Medium,19,4
5905,6720,Login,Medium,7,2
5906,9058,Billing,Low,11,2
5907,12316,Billing,Low,19,4
5908,13136,Technical,Medium,16,5
5909,5492,Login,High,10,5
5910,14607,Speed,Medium,1,2
5911,10680,Billing,Low,7,2
5912,812,Speed,High,19,2
5913,3824,Technical,Low,9,4
5914,7544,Speed,High,9,4
5915,10552,Billing,High,18,5
5916,11681,Billing,High,11,1
5917,2585,Speed,High,18,3
5918,9254,Refund,Low,15,4
5919,2737,Billing,Low,17,2
5920,8844,Refund,High,8,5
5921,2263,Technical,Medium,2,2
5922,11335,Network,Low,11,3
5923,1300,Technical,Low,17,4
5924,181,Speed,High,4,3
5925,365,Network,Low,7,1
5926,7156,Login,Low,14,5
5927,11393,Billing,Medium,14,1
5928,11579,Login,Medium,2,3
5929,14528,Login,Low,9,4
5930,14861,Login,Low,7,1
5931,7138,Technical,High,16,3
5932,7828,Speed,Low,4,1
5933,7184,Billing,High,6,5
5934,5069,Refund,High,12,5
5935,4302,Billing,Medium,2,3
5936,8302,Network,High,1,1
5937,10719,Technical,Medium,15,1
5938,7282,Billing,Medium,7,5
5939,5311,Technical,Medium,19,4
5940,136,Login,High,8,5
5941,6933,Login,High,16,3
5942,7163,Billing,Low,7,4
5943,7823,Technical,Medium,17,1
5944,9515,Network,Medium,9,3
5945,8557,Technical,Medium,14,2
5946,8063,Technical,Medium,5,1
5947,951,Login,Low,13,5
5948,14397,Speed,High,2,5
5949,13121,Speed,High,3,5
5950,7206,Network,Medium,5,2
5951,10963,Speed,High,9,3
5952,5314,Billing,Medium,6,3
5953,5191,Billing,Medium,1,4
5954,7355,Network,Medium,14,5
5955,9205,Network,Low,15,5
5956,13384,Network,Medium,8,4
5957,14198,Network,Low,15,4
5958,1318,Technical,High,19,4
5959,2109,Refund,High,14,4
5960,2879,Network,Low,11,3
5961,12351,Billing,High,2,4
5962,13752,Network,Low,13,5
5963,7663,Technical,High,13,4
5964,2376,Refund,High,11,1
5965,7907,Network,High,14,3
5966,2895,Speed,Low,9,1
5967,6464,Technical,Medium,6,4
5968,5780,Network,Low,2,3
5969,3935,Billing,Medium,7,4
5970,10568,Speed,Low,5,2
5971,6275,Technical,Medium,15,5
5972,2980,Technical,High,9,4
5973,12454,Login,High,7,4
5974,6440,Refund,Low,18,5
5975,14786,Speed,Low,19,3
5976,2376,Speed,Low,15,3
5977,13003,Network,High,8,4
5978,3273,Login,Low,16,3
5979,10337,Refund,Low,3,2
5980,13839,Technical,Low,3,2
5981,11271,Login,High,5,1
5982,12704,Refund,Medium,11,5
5983,2053,Speed,Medium,8,5
5984,6752,Login,Low,20,5
5985,10403,Refund,Medium,14,2
5986,6812,Refund,Medium,8,3
5987,14902,Technical,Medium,5,5
5988,14008,Billing,Low,3,1
5989,4029,Billing,Low,4,4
5990,1121,Technical,Medium,16,4
5991,5234,Speed,Medium,3,2
5992,9040,Billing,Medium,1,5
5993,5766,Refund,Medium,1,1
5994,2114,Network,Low,5,3
5995,3994,Technical,Medium,7,1
5996,1083,Billing,Low,3,1
5997,14231,Network,High,16,3
5998,10576,Technical,Medium,3,1
5999,6814,Login,High,6,1
6000,5390,Speed,High,10,4
6001,10190,Technical,Medium,9,5
6002,6701,Technical,Low,19,5
6003,5958,Login,Low,16,3
6004,7950,Network,Medium,13,4
6005,8280,Speed,Low,7,1
6006,9896,Refund,High,5,5
6007,14987,Network,Medium,7,2
6008,3310,Technical,Low,3,5
6009,2667,Technical,High,4,4
6010,10127,Network,Medium,3,2
6011,6913,Technical,Medium,14,4
6012,7228,Network,Low,1,5
6013,13527,Login,Medium,11,4
6014,3636,Refund,High,2,2
6015,125,Speed,High,20,4
6016,12621,Network,Low,1,4
6017,313,Technical,Low,12,5
6018,4018,Technical,High,14,4
6019,1711,Refund,Low,20,5
6020,4082,Technical,Medium,8,3
6021,10335,Billing,High,4,1
6022,5126,Network,Low,18,3
6023,8255,Login,High,14,5
6024,7095,Billing,Low,7,2
6025,4277,Network,High,5,4
6026,2207,Billing,High,11,3
6027,7458,Login,Low,13,1
6028,6258,Speed,Medium,7,3
6029,11168,Speed,High,9,1
6030,9534,Technical,Medium,9,5
6031,5329,Login,Medium,7,5
6032,3068,Login,Medium,19,1
6033,7802,Network,Low,20,4
6034,12483,Billing,High,20,3
6035,9022,Billing,High,17,4
6036,11483,Login,High,13,1
6037,10231,Speed,Low,15,3
6038,13037,Technical,Low,16,1
6039,8039,Billing,Low,19,5
6040,5659,Login,Medium,19,5
6041,2889,Speed,Low,11,1
6042,7578,Network,High,18,5
6043,12736,Refund,Low,14,2
6044,13143,Technical,Medium,2,4
6045,9208,Refund,Medium,13,3
6046,3014,Login,High,14,1
6047,3970,Technical,Medium,6,2
6048,14160,Network,Low,8,3
6049,13796,Network,Medium,17,5
6050,8632,Login,Low,2,2
6051,1135,Billing,Medium,19,1
6052,3371,Refund,High,18,4
6053,10444,Billing,Medium,14,5
6054,8675,Technical,Medium,8,1
6055,3776,Billing,High,12,2
6056,14555,Login,Low,14,5
6057,10577,Billing,High,19,3
6058,2918,Refund,High,11,5
6059,3771,Technical,Medium,5,5
6060,14714,Network,Medium,7,3
6061,6215,Technical,Low,20,5
6062,4874,Login,High,6,2
6063,2742,Refund,Low,12,4
6064,306,Technical,Low,9,2
6065,1433,Technical,Medium,4,3
6066,9879,Network,Low,14,1
6067,8599,Technical,Low,14,5
6068,13028,Speed,Low,14,1
6069,10619,Billing,Low,5,1
6070,4749,Network,Low,9,5
6071,7767,Network,Medium,8,4
6072,1056,Refund,High,12,2
6073,3598,Speed,High,3,4
6074,13569,Billing,High,8,4
6075,10872,Login,Medium,4,3
6076,14275,Login,Medium,7,2
6077,11084,Speed,Medium,1,4
6078,4930,Network,Low,8,1
6079,13118,Network,Medium,5,3
6080,5876,Refund,Low,9,1
6081,882,Refund,Low,4,2
6082,6896,Technical,High,14,4
6083,2851,Technical,Low,6,4
6084,1906,Speed,Medium,20,5
6085,2337,Refund,Low,3,2
6086,12622,Network,Medium,3,3
6087,14671,Billing,Medium,5,2
6088,14961,Speed,Low,7,2
6089,9116,Network,Medium,20,1
6090,12759,Technical,High,13,3
6091,10463,Login,Low,2,4
6092,13945,Network,Medium,4,2
6093,1229,Billing,Low,20,2
6094,8608,Billing,Low,9,3
6095,2473,Billing,Medium,16,4
6096,11377,Billing,High,11,3
6097,5630,Technical,Medium,9,1
6098,6792,Refund,High,19,2
6099,3232,Billing,Low,6,5
6100,9410,Refund,High,1,3
6101,3640,Speed,High,7,3
6102,9455,Refund,Medium,9,5
6103,11,Technical,Medium,10,4
6104,2759,Network,Medium,14,5
6105,13118,Login,Low,3,3
6106,3707,Technical,Medium,18,3
6107,6291,Network,Medium,7,4
6108,155,Billing,Low,12,2
6109,8146,Technical,High,11,1
6110,3971,Technical,Low,16,3
6111,2383,Refund,Low,10,4
6112,47,Refund,High,9,2
6113,8018,Refund,High,3,3
6114,10908,Network,High,1,5
6115,12039,Refund,High,20,3
6116,1949,Billing,Low,15,1
6117,11983,Technical,Medium,17,2
6118,6019,Refund,High,7,4
6119,11553,Billing,Low,17,1
6120,4161,Speed,Medium,13,5
6121,183,Refund,Medium,6,1
6122,3822,Login,Low,14,4
6123,7155,Login,Medium,19,3
6124,8866,Technical,Low,8,5
6125,2796,Billing,Medium,13,4
6126,11504,Speed,Medium,11,5
6127,1272,Network,Low,16,3
6128,8361,Refund,High,20,3
6129,8127,Network,High,14,5
6130,5096,Network,Medium,6,5
6131,3887,Speed,Low,4,2
6132,6822,Network,Medium,8,2
6133,12040,Technical,Low,14,4
6134,12590,Network,High,20,4
6135,4294,Network,Low,4,3
6136,11315,Billing,High,3,1
6137,10180,Refund,Low,13,4
6138,6138,Login,Low,13,2
6139,2751,Speed,Medium,4,4
6140,1016,Refund,Low,9,2
6141,2819,Network,Low,5,4
6142,12500,Refund,High,11,4
6143,6304,Refund,High,11,2
6144,3583,Speed,Low,18,1
6145,7328,Network,Low,14,5
6146,1437,Technical,Medium,2,1
6147,4055,Technical,Low,12,2
6148,13196,Billing,Low,5,3
6149,7997,Technical,Low,4,4
6150,14660,Refund,Low,13,4
6151,6037,Login,High,16,1
6152,1300,Refund,Medium,8,3
6153,14154,Billing,High,5,3
6154,3543,Billing,Medium,7,5
6155,9094,Speed,Medium,14,3
6156,12114,Billing,High,9,2
6157,1089,Billing,Low,8,1
6158,14668,Billing,Low,11,2
6159,10197,Billing,High,6,5
6160,12127,Technical,Medium,18,1
6161,4788,Refund,High,5,4
6162,6661,Billing,Low,4,1
6163,13130,Billing,Low,17,5
6164,13890,Refund,Medium,19,3
6165,5259,Billing,High,13,2
6166,2562,Refund,Low,8,4
6167,481,Login,Medium,9,2
6168,9963,Login,Low,17,4
6169,7716,Speed,Medium,17,3
6170,13367,Speed,Low,10,2
6171,4984,Speed,High,11,3
6172,1334,Speed,High,4,3
6173,14110,Login,Medium,13,2
6174,2452,Login,Medium,13,3
6175,12761,Billing,Low,10,1
6176,10708,Billing,Medium,13,1
6177,11045,Login,Low,7,2
6178,4909,Login,Medium,1,2
6179,6182,Speed,Low,7,4
6180,3816,Network,Medium,4,1
6181,6917,Refund,Medium,6,4
6182,4189,Billing,Medium,11,3
6183,974,Speed,Low,10,3
6184,4775,Billing,Medium,9,4
6185,8642,Login,Low,10,5
6186,2123,Technical,High,16,5
6187,1254,Refund,High,18,3
6188,11336,Login,Medium,20,2
6189,10932,Network,Medium,5,2
6190,13326,Billing,Low,5,1
6191,2945,Technical,High,5,4
6192,5715,Billing,High,17,5
6193,7594,Technical,High,6,5
6194,5217,Refund,Medium,16,4
6195,10950,Technical,Medium,18,4
6196,1611,Network,Medium,11,1
6197,10541,Speed,Low,4,4
6198,13980,Refund,Low,19,1
6199,3381,Refund,Medium,5,1
6200,9762,Refund,Low,2,5
6201,9374,Refund,Medium,20,1
6202,4993,Login,Medium,7,5
6203,10849,Network,High,9,2
6204,13292,Refund,Medium,11,4
6205,8643,Technical,High,20,4
6206,13061,Network,High,11,5
6207,1343,Refund,Low,20,5
6208,14135,Billing,Low,7,4
6209,4437,Speed,Low,2,2
6210,13923,Speed,Low,4,5
6211,3900,Login,Medium,9,5
6212,3530,Technical,High,14,5
6213,1252,Billing,Low,6,5
6214,4781,Speed,High,19,5
6215,13236,Speed,High,14,1
6216,2736,Billing,High,4,1
6217,14695,Technical,High,4,2
6218,14487,Speed,Low,12,5
6219,6802,Billing,Low,10,3
6220,6970,Speed,High,10,4
6221,4430,Refund,Medium,16,3
6222,7808,Login,Medium,11,5
6223,4850,Login,High,1,5
6224,6175,Speed,Medium,6,4
6225,2787,Refund,Low,18,5
6226,6965,Network,Low,17,3
6227,108,Refund,Low,2,4
6228,3642,Technical,Low,15,3
6229,12264,Speed,Medium,11,1
6230,819,Login,Medium,17,3
6231,2932,Login,High,20,3
6232,1093,Technical,Low,4,2
6233,1713,Billing,Low,8,3
6234,3927,Technical,Low,19,4
6235,4677,Login,Low,2,1
6236,9641,Billing,Medium,20,2
6237,6268,Network,Medium,19,3
6238,892,Technical,Medium,14,4
6239,11714,Billing,High,8,4
6240,4503,Technical,Low,18,1
6241,1308,Refund,Medium,14,1
6242,10608,Speed,Low,13,3
6243,6694,Speed,Low,3,4
6244,14591,Login,High,3,3
6245,7781,Network,Low,1,4
6246,4747,Login,Medium,10,1
6247,5249,Network,Low,4,5
6248,6417,Login,Medium,9,2
6249,3267,Technical,High,19,5
6250,1151,Network,Medium,19,2
6251,436,Login,Low,19,2
6252,940,Speed,Medium,12,5
6253,5302,Login,Low,2,3
6254,12684,Refund,Medium,10,3
6255,11118,Technical,Medium,13,5
6256,2344,Billing,Medium,18,3
6257,3670,Network,Low,4,2
6258,12751,Refund,Medium,4,1
6259,11535,Speed,High,18,2
6260,4476,Technical,High,13,5
6261,4517,Network,High,16,1
6262,4993,Technical,Medium,16,3
6263,11487,Network,High,14,5
6264,5406,Billing,Medium,10,1
6265,3198,Speed,High,18,3
6266,6581,Speed,Medium,3,4
6267,5750,Refund,High,16,5
6268,13292,Speed,Medium,7,2
6269,2565,Network,Medium,15,2
6270,5678,Speed,Low,15,4
6271,10898,Technical,Medium,12,1
6272,1831,Billing,Low,8,2
6273,10548,Network,Medium,4,3
6274,347,Billing,High,17,3
6275,11706,Login,Low,18,5
6276,13115,Speed,Medium,15,4
6277,3200,Refund,High,4,2
6278,9149,Speed,Low,13,4
6279,9665,Technical,High,7,1
6280,5303,Network,Low,8,1
6281,11435,Network,Medium,8,1
6282,10047,Network,Low,12,4
6283,6042,Login,Low,4,3
6284,9047,Login,High,16,1
6285,4127,Network,Medium,13,5
6286,2980,Billing,High,20,2
6287,7910,Network,Medium,17,1
6288,1105,Refund,High,16,1
6289,13667,Network,Medium,20,3
6290,13346,Refund,Low,15,2
6291,6105,Refund,Medium,6,3
6292,1703,Technical,Low,4,5
6293,6269,Refund,Low,8,2
6294,5535,Refund,Medium,14,1
6295,2319,Technical,Medium,3,4
6296,3631,Refund,Low,19,5
6297,3328,Login,Medium,20,4
6298,2353,Network,Medium,10,4
6299,2744,Technical,High,14,4
6300,11185,Refund,Low,4,4
6301,7342,Network,Medium,8,2
6302,7030,Refund,Low,9,3
6303,10301,Billing,High,16,3
6304,6283,Billing,High,7,4
6305,11611,Technical,Low,18,2
6306,742,Network,Medium,7,3
6307,2708,Speed,Low,3,3
6308,7761,Technical,High,18,2
6309,8526,Billing,High,13,4
6310,5277,Technical,High,12,4
6311,7314,Network,Medium,3,1
6312,14601,Speed,High,3,5
6313,14123,Login,Medium,1,1
6314,6337,Speed,Medium,14,1
6315,6953,Speed,Low,1,1
6316,2674,Technical,Low,3,1
6317,244,Speed,High,11,2
6318,12589,Refund,Medium,20,3
6319,14216,Speed,Medium,7,5
6320,6386,Login,Low,8,3
6321,13365,Technical,Medium,10,2
6322,4805,Speed,High,15,1
6323,11039,Billing,Low,3,2
6324,1330,Refund,High,20,3
6325,3760,Speed,High,1,2
6326,525,Login,Medium,12,5
6327,6901,Speed,Low,20,1
6328,3949,Billing,Low,3,5
6329,9190,Speed,Low,7,2
6330,6158,Refund,High,7,3
6331,6272,Refund,High,1,3
6332,3303,Login,Low,11,5
6333,6118,Login,Low,17,1
6334,5491,Refund,Medium,12,5
6335,12310,Billing,Low,18,3
6336,9867,Network,Low,10,2
6337,5451,Network,High,14,2
6338,10686,Refund,Low,17,1
6339,6070,Billing,Low,7,1
6340,14184,Billing,High,19,1
6341,14684,Network,Medium,7,4
6342,1632,Network,Low,8,5
6343,960,Login,Low,8,2
6344,2587,Speed,Medium,7,4
6345,12337,Login,High,19,5
6346,4135,Refund,Medium,12,1
6347,1724,Refund,High,12,4
6348,12640,Billing,High,9,5
6349,1698,Speed,Low,8,2
6350,10309,Login,Medium,20,4
6351,12041,Refund,Low,11,5
6352,3442,Login,Medium,17,3
6353,8696,Billing,Medium,8,2
6354,10810,Login,Medium,5,3
6355,6587,Network,Low,10,2
6356,13115,Speed,High,15,4
6357,4036,Technical,Medium,19,3
6358,9870,Network,High,3,4
6359,3125,Network,Low,14,5
6360,7620,Billing,Medium,16,2
6361,2265,Login,Medium,6,3
6362,4354,Refund,Medium,9,5
6363,887,Speed,High,19,4
6364,4836,Technical,Medium,18,5
6365,748,Refund,High,18,4
6366,3717,Billing,Low,1,2
6367,7594,Billing,Low,6,1
6368,7287,Login,High,2,2
6369,5535,Refund,Low,12,5
6370,2433,Network,High,15,2
6371,10657,Technical,Low,4,3
6372,702,Network,Low,6,2
6373,4353,Speed,Low,20,4
6374,10075,Technical,Medium,20,1
6375,10180,Refund,Low,4,3
6376,14482,Network,Medium,17,3
6377,5587,Network,High,19,3
6378,1982,Speed,High,14,2
6379,12089,Speed,Medium,6,4
6380,684,Refund,Low,11,2
6381,13543,Speed,Low,12,3
6382,6002,Refund,Low,15,5
6383,10307,Refund,Low,17,1
6384,6073,Speed,High,5,4
6385,12561,Network,Low,4,2
6386,1964,Billing,Low,6,5
6387,7690,Speed,Medium,2,3
6388,10056,Refund,Medium,17,3
6389,12793,Refund,Low,19,3
6390,13709,Refund,Medium,1,1
6391,4434,Speed,Medium,9,5
6392,9185,Technical,High,16,2
6393,11280,Speed,High,20,1
6394,6148,Network,Low,19,5
6395,4877,Refund,High,17,3
6396,7562,Billing,High,20,3
6397,11562,Billing,Low,17,1
6398,8457,Technical,Low,12,4
6399,5219,Login,Low,10,2
6400,3516,Technical,High,12,1
6401,2808,Refund,Medium,7,5
6402,7556,Speed,High,4,2
6403,9979,Network,High,11,5
6404,9942,Network,Medium,2,1
6405,10238,Billing,Medium,4,2
6406,13509,Login,Low,2,1
6407,10232,Speed,Medium,9,3
6408,4914,Speed,Medium,10,4
6409,10072,Login,Medium,1,5
6410,5722,Login,Low,10,3
6411,5840,Login,High,15,1
6412,14232,Technical,High,6,3
6413,1944,Speed,Low,9,5
6414,7864,Refund,Low,14,2
6415,3098,Speed,Low,7,3
6416,10324,Billing,Low,10,4
6417,12754,Speed,High,4,2
6418,9387,Network,High,16,3
6419,8161,Login,Medium,1,4
6420,9319,Refund,High,7,2
6421,14428,Network,Low,11,3
6422,9788,Network,Low,13,5
6423,1551,Billing,Low,8,5
6424,11621,Refund,Medium,2,5
6425,12887,Login,Medium,18,4
6426,1226,Network,Low,12,4
6427,11292,Login,Low,20,5
6428,1507,Refund,High,9,1
6429,12053,Speed,High,14,3
6430,2159,Network,Medium,6,1
6431,13521,Refund,Medium,10,2
6432,2238,Network,High,4,1
6433,231,Technical,High,11,3
6434,13370,Refund,High,16,1
6435,9505,Speed,High,1,1
6436,13192,Billing,Medium,9,5
6437,12140,Network,Medium,4,3
6438,10061,Login,High,18,2
6439,12491,Billing,Low,20,2
6440,7630,Network,Medium,17,1
6441,66,Network,High,9,3
6442,8054,Technical,High,16,2
6443,12454,Refund,Medium,7,3
6444,8396,Network,Medium,2,1
6445,13085,Speed,Medium,6,2
6446,274,Network,Medium,16,1
6447,4940,Login,Low,5,5
6448,6077,Technical,Low,12,1
6449,3922,Technical,Low,4,2
6450,3768,Login,Medium,6,2
6451,8869,Network,Low,13,4
6452,3067,Network,Low,4,3
6453,4613,Login,High,10,1
6454,7859,Network,Low,8,2
6455,6268,Login,Medium,10,5
6456,11171,Technical,Low,6,3
6457,6484,Speed,Medium,11,2
6458,13522,Technical,Low,9,2
6459,4000,Network,High,8,4
6460,10945,Login,Low,3,5
6461,12646,Login,Low,10,1
6462,7286,Billing,Medium,5,2
6463,11681,Refund,High,11,3
6464,6183,Speed,High,18,3
6465,332,Billing,Medium,12,3
6466,12762,Login,Low,17,4
6467,11508,Technical,High,13,2
6468,14172,Technical,Low,10,1
6469,1445,Network,Low,20,3
6470,14411,Speed,High,13,2
6471,12643,Technical,Medium,15,4
6472,6773,Login,Medium,1,4
6473,11335,Billing,High,1,3
6474,1369,Login,High,20,5
6475,4751,Technical,High,5,1
6476,10092,Speed,Low,12,2
6477,7175,Login,Medium,2,1
6478,11134,Technical,High,7,3
6479,13820,Network,Low,4,4
6480,14209,Billing,High,16,3
6481,14685,Refund,High,16,4
6482,10026,Technical,High,13,2
6483,3498,Speed,Medium,18,3
6484,13140,Technical,Medium,13,4
6485,4492,Network,Medium,18,1
6486,2630,Technical,High,17,2
6487,12885,Refund,High,4,1
6488,7567,Login,High,15,1
6489,9036,Refund,Medium,9,4
6490,11846,Login,Medium,1,3
6491,7488,Technical,Low,13,5
6492,10152,Network,Medium,5,3
6493,14192,Speed,Low,20,2
6494,10057,Login,Medium,8,5
6495,8593,Speed,Medium,19,5
6496,11676,Refund,High,18,2
6497,5278,Login,Medium,15,2
6498,10122,Refund,Low,3,4
6499,11570,Technical,High,13,4
6500,255,Billing,Medium,8,5
6501,1130,Speed,Low,6,2
6502,6907,Login,High,6,2
6503,2670,Billing,High,12,3
6504,9969,Network,High,6,2
6505,13814,Refund,Medium,6,4
6506,4802,Speed,Medium,14,3
6507,11903,Speed,High,4,5
6508,5043,Technical,High,7,2
6509,6352,Login,Low,17,4
6510,7616,Login,Medium,11,5
6511,7378,Network,High,1,1
6512,5964,Speed,Medium,12,4
6513,10952,Speed,Medium,1,2
6514,3908,Refund,Medium,8,3
6515,9055,Refund,Low,5,4
6516,2926,Speed,Medium,5,1
6517,3485,Network,High,10,1
6518,8272,Billing,Low,12,1
6519,6307,Network,Low,14,3
6520,14178,Network,High,2,5
6521,8278,Login,Low,11,5
6522,2662,Billing,High,2,3
6523,12196,Network,Low,16,3
6524,9329,Login,High,11,2
6525,10593,Refund,Medium,19,2
6526,9892,Technical,Low,16,1
6527,3946,Network,Low,11,2
6528,12231,Speed,Medium,7,1
6529,10293,Technical,High,11,2
6530,5018,Billing,Low,5,5
6531,7838,Billing,Medium,13,3
6532,758,Speed,Medium,5,2
6533,2554,Refund,Low,16,1
6534,982,Speed,Low,1,5
6535,3830,Login,Medium,6,5
6536,1200,Technical,High,19,3
6537,3954,Network,High,12,5
6538,9444,Billing,Low,14,2
6539,13545,Speed,Medium,1,3
6540,12620,Technical,Medium,13,2
6541,13819,Technical,High,9,4
6542,8563,Billing,High,13,3
6543,9810,Refund,High,17,5
6544,8941,Technical,Medium,2,3
6545,11586,Refund,High,9,3
6546,6357,Refund,Low,12,4
6547,176,Login,High,12,1
6548,341,Billing,Low,15,2
6549,14411,Refund,High,17,3
6550,5472,Speed,Low,20,4
6551,9110,Network,Low,1,5
6552,7335,Billing,Low,13,3
6553,538,Billing,High,3,5
6554,9203,Speed,High,20,5
6555,14584,Refund,High,18,1
6556,3860,Refund,Low,20,2
6557,12235,Billing,High,16,5
6558,2992,Network,Medium,10,4
6559,10056,Billing,Low,5,5
6560,7932,Refund,High,13,4
6561,3845,Billing,Medium,12,3
6562,9801,Login,Low,19,1
6563,14900,Refund,Low,1,2
6564,10309,Billing,High,7,3
6565,5947,Speed,Medium,2,4
6566,2482,Network,High,17,4
6567,3460,Technical,Medium,17,1
6568,6713,Login,Low,19,1
6569,14152,Billing,High,14,5
6570,13232,Billing,High,10,5
6571,9411,Network,Medium,18,2
6572,11482,Refund,Medium,5,2
6573,11148,Refund,Low,11,5
6574,4405,Network,Medium,12,3
6575,14265,Login,High,19,4
6576,4493,Network,High,6,3
6577,3480,Billing,High,1,3
6578,8318,Speed,High,5,1
6579,11983,Refund,Medium,8,1
6580,6854,Speed,High,4,5
6581,12714,Speed,Low,18,1
6582,3265,Speed,High,15,5
6583,11962,Billing,Medium,3,5
6584,3403,Technical,Medium,7,3
6585,7949,Refund,Low,16,1
6586,3318,Refund,Low,20,3
6587,14252,Refund,High,15,2
6588,7860,Speed,High,12,4
6589,10395,Speed,Low,14,4
6590,13289,Billing,Low,18,2
6591,5950,Refund,Medium,6,3
6592,576,Technical,Medium,19,5
6593,2452,Technical,Medium,16,4
6594,6048,Technical,High,16,4
6595,3307,Login,Medium,6,1
6596,11267,Refund,High,20,5
6597,35,Network,Low,2,2
6598,1849,Refund,Low,14,1
6599,14552,Refund,Low,16,4
6600,1478,Technical,Low,15,4
6601,13622,Speed,Low,9,1
6602,14961,Refund,High,12,5
6603,10798,Technical,Low,14,2
6604,14284,Refund,Low,5,4
6605,12087,Billing,High,18,4
6606,9371,Billing,Low,5,4
6607,10376,Refund,Low,16,3
6608,9164,Refund,Medium,11,4
6609,2307,Login,High,10,5
6610,8418,Login,Low,8,4
6611,10630,Speed,High,16,5
6612,14681,Login,High,16,2
6613,3251,Network,Low,9,2
6614,2892,Technical,Medium,9,1
6615,9250,Technical,High,3,1
6616,311,Login,High,19,5
6617,2037,Speed,High,11,4
6618,9676,Refund,Low,6,3
6619,2470,Refund,High,1,4
6620,13082,Billing,Low,6,3
6621,6405,Login,High,14,5
6622,8997,Refund,High,13,2
6623,10557,Refund,Medium,1,3
6624,9723,Refund,High,2,1
6625,11290,Speed,Low,8,1
6626,12638,Speed,Medium,1,2
6627,4661,Billing,Low,10,4
6628,4996,Speed,Medium,18,1
6629,12270,Speed,Medium,3,4
6630,939,Refund,Medium,6,3
6631,2456,Billing,High,4,3
6632,828,Refund,Low,8,3
6633,6960,Technical,Medium,10,3
6634,14562,Speed,Low,6,4
6635,872,Network,Medium,3,5
6636,220,Refund,High,12,2
6637,12565,Speed,High,3,2
6638,13637,Billing,Low,17,1
6639,13641,Billing,Low,18,3
6640,2895,Technical,High,5,1
6641,6822,Refund,Low,14,5
6642,3002,Login,Medium,1,5
6643,38,Login,Medium,3,5
6644,9758,Refund,High,2,3
6645,14162,Technical,High,20,2
6646,12556,Network,High,14,1
6647,8501,Speed,Medium,4,5
6648,3433,Login,High,12,1
6649,3433,Speed,Medium,16,1
6650,10,Login,Low,1,4
6651,12284,Speed,Medium,2,2
6652,10257,Billing,Low,5,5
6653,953,Billing,High,17,5
6654,1010,Login,High,7,2
6655,4378,Technical,Medium,5,1
6656,1008,Login,Medium,16,5
6657,6265,Login,High,9,5
6658,5295,Network,High,13,4
6659,8155,Network,Medium,8,5
6660,8314,Billing,High,9,5
6661,3939,Network,High,18,1
6662,13427,Login,Medium,15,2
6663,10323,Billing,Low,9,3
6664,8707,Billing,Medium,7,1
6665,1344,Network,Medium,17,5
6666,8229,Technical,Medium,14,4
6667,4257,Refund,Low,8,2
6668,9753,Billing,Medium,7,1
6669,3019,Refund,High,15,1
6670,7730,Speed,High,3,2
6671,5938,Speed,Medium,19,5
6672,4400,Billing,Medium,6,3
6673,14638,Network,Medium,3,4
6674,12737,Technical,Low,4,2
6675,3224,Refund,Medium,11,1
6676,13209,Billing,High,6,3
6677,2510,Speed,High,4,4
6678,7120,Refund,High,18,1
6679,7994,Network,High,3,2
6680,2926,Speed,Low,19,2
6681,2138,Login,High,2,1
6682,9951,Speed,Low,10,2
6683,2180,Refund,Low,2,2
6684,5249,Login,High,13,4
6685,2737,Billing,Low,9,3
6686,5816,Technical,Medium,12,2
6687,14402,Network,Medium,14,4
6688,6967,Refund,Medium,10,1
6689,3136,Login,Medium,10,4
6690,6472,Login,Medium,18,2
6691,9699,Network,High,17,2
6692,2132,Billing,Low,14,5
6693,9073,Billing,Low,18,2
6694,12586,Network,Low,18,1
6695,2708,Login,Medium,7,2
6696,14223,Login,Medium,20,4
6697,4188,Speed,Medium,12,1
6698,8731,Billing,Low,15,1
6699,2757,Technical,High,12,5
6700,11922,Login,High,2,5
6701,2100,Login,Low,2,4
6702,14370,Network,Low,10,2
6703,542,Refund,Medium,11,4
6704,8644,Login,Low,14,5
6705,8098,Billing,High,20,3
6706,14742,Speed,High,16,3
6707,181,Refund,Medium,7,3
6708,4109,Speed,High,1,1
6709,13379,Speed,Low,7,1
6710,3910,Login,Low,14,3
6711,5805,Network,High,16,4
6712,4652,Speed,High,11,2
6713,14215,Speed,Medium,2,2
6714,14732,Refund,Medium,3,5
6715,836,Login,High,9,2
6716,12558,Technical,Medium,18,3
6717,2779,Network,Low,9,5
6718,709,Refund,High,9,2
6719,5735,Speed,Low,14,1
6720,10708,Speed,Medium,17,1
6721,6720,Login,Low,19,5
6722,4736,Login,High,1,3
6723,988,Refund,Low,14,3
6724,10618,Speed,High,3,1
6725,4195,Refund,High,12,3
6726,13320,Technical,Medium,12,1
6727,9213,Login,Medium,13,5
6728,4021,Technical,Low,17,2
6729,4410,Login,High,18,1
6730,1563,Speed,High,4,2
6731,7412,Technical,Low,1,2
6732,9270,Billing,Medium,19,1
6733,4393,Billing,Low,15,1
6734,10741,Refund,Low,12,2
6735,2201,Technical,Medium,4,5
6736,11700,Technical,High,17,1
6737,7390,Login,Medium,7,2
6738,236,Login,High,13,4
6739,2463,Speed,Medium,20,1
6740,11529,Login,High,18,2
6741,6399,Speed,High,20,5
6742,4759,Speed,High,17,5
6743,1318,Billing,High,19,5
6744,2781,Refund,High,4,1
6745,597,Login,Medium,19,5
6746,7338,Speed,High,19,5
6747,4559,Network,Low,14,5
6748,5010,Technical,Low,11,5
6749,8806,Network,Medium,7,4
6750,13184,Login,Low,14,3
6751,10067,Network,High,18,5
6752,166,Speed,Medium,6,5
6753,284,Speed,Low,14,5
6754,7871,Speed,Medium,8,2
6755,11677,Technical,Medium,20,3
6756,12473,Login,Low,1,1
6757,12700,Technical,High,6,5
6758,580,Speed,High,7,5
6759,6735,Refund,Medium,18,1
6760,3574,Speed,Low,14,5
6761,9849,Refund,Medium,9,3
6762,9687,Billing,High,4,2
6763,10883,Billing,High,16,2
6764,2172,Billing,High,9,2
6765,5987,Login,Low,6,5
6766,7248,Network,Medium,8,1
6767,12678,Login,High,8,1
6768,14382,Billing,Medium,13,3
6769,712,Network,Medium,10,5
6770,3496,Billing,Low,17,3
6771,9227,Billing,Medium,10,4
6772,1865,Technical,Medium,15,1
6773,1968,Billing,Low,20,3
6774,2578,Refund,Medium,15,4
6775,10568,Refund,Low,5,4
6776,7784,Network,High,11,3
6777,6794,Network,Medium,9,5
6778,2598,Login,Low,19,5
6779,9603,Network,Low,3,2
6780,10237,Refund,Medium,13,3
6781,5743,Technical,Medium,12,4
6782,13351,Billing,Medium,10,5
6783,7194,Technical,High,16,3
6784,4044,Refund,Medium,18,5
6785,8239,Network,High,2,4
6786,7823,Network,High,18,2
6787,8917,Refund,Low,12,1
6788,4325,Refund,Low,15,1
6789,11717,Refund,High,15,1
6790,850,Billing,Medium,1,2
6791,5354,Billing,Low,3,4
6792,4739,Speed,Medium,1,3
6793,14932,Billing,Medium,5,3
6794,9112,Technical,Medium,3,4
6795,11616,Technical,High,18,3
6796,790,Refund,Low,20,3
6797,3644,Refund,High,3,5
6798,9878,Speed,Medium,12,1
6799,5733,Refund,High,5,1
6800,11907,Speed,High,4,5
6801,4244,Technical,Medium,10,2
6802,14126,Login,Medium,5,2
6803,10270,Speed,Low,20,5
6804,6397,Refund,Low,20,5
6805,507,Speed,Low,2,1
6806,4929,Refund,High,6,3
6807,5677,Speed,Medium,17,1
6808,1841,Speed,Low,10,2
6809,12763,Speed,Medium,3,3
6810,3605,Technical,Low,12,1
6811,12241,Network,Low,19,1
6812,4319,Billing,Low,8,5
6813,2232,Refund,Medium,6,2
6814,1233,Billing,High,13,5
6815,8845,Technical,Low,3,5
6816,1689,Speed,High,10,1
6817,9104,Login,High,11,1
6818,7386,Technical,Low,16,4
6819,3014,Login,Medium,11,2
6820,5719,Refund,High,1,4
6821,11992,Network,High,17,3
6822,5670,Technical,Medium,14,3
6823,13989,Technical,Low,16,3
6824,4978,Login,High,4,5
6825,1052,Speed,High,6,3
6826,13491,Billing,High,7,2
6827,14643,Login,Medium,8,2
6828,10581,Refund,Low,7,2
6829,13253,Network,Medium,8,3
6830,4198,Billing,Low,17,1
6831,13900,Network,High,7,5
6832,6658,Billing,Low,9,4
6833,2110,Technical,Low,9,5
6834,7999,Network,High,2,2
6835,3451,Technical,High,18,1
6836,4921,Network,Low,1,3
6837,12207,Network,Low,19,3
6838,1304,Technical,Low,9,1
6839,6443,Speed,High,15,2
6840,5054,Network,Low,3,1
6841,7621,Login,Medium,10,5
6842,9290,Network,Low,3,2
6843,13986,Billing,Low,12,3
6844,4053,Login,Low,3,5
6845,12928,Billing,Low,14,1
6846,14872,Refund,Medium,10,1
6847,12838,Network,High,19,3
6848,11037,Technical,High,14,4
6849,3770,Technical,Medium,17,2
6850,4353,Login,High,13,3
6851,5131,Speed,Medium,5,2
6852,12493,Network,Medium,8,4
6853,7632,Speed,Medium,12,5
6854,3527,Refund,Low,10,4
6855,8374,Refund,Medium,19,3
6856,9316,Refund,High,18,3
6857,12915,Billing,Medium,10,5
6858,363,Login,Low,7,2
6859,287,Login,High,20,3
6860,6266,Billing,Low,9,3
6861,3138,Network,High,7,2
6862,732,Technical,High,16,1
6863,10373,Login,High,16,4
6864,14108,Billing,Medium,7,4
6865,5396,Network,Medium,6,3
6866,1117,Technical,Medium,19,1
6867,14931,Refund,Low,18,2
6868,3224,Technical,High,19,2
6869,8955,Refund,Low,2,1
6870,4415,Technical,Low,10,1
6871,6371,Technical,Low,5,4
6872,5513,Speed,High,17,2
6873,14873,Billing,High,7,2
6874,356,Login,High,13,1
6875,10011,Billing,Low,18,3
6876,3996,Login,Low,18,4
6877,12037,Refund,Medium,12,3
6878,12191,Billing,Medium,5,5
6879,2414,Billing,High,11,1
6880,13406,Login,High,6,5
6881,3109,Billing,Low,5,2
6882,3536,Billing,Low,4,5
6883,14164,Billing,Low,6,4
6884,11586,Billing,High,19,4
6885,3040,Network,Medium,8,3
6886,1949,Speed,Medium,12,2
6887,8442,Speed,Low,9,5
6888,5890,Technical,Low,2,1
6889,5349,Refund,Low,10,5
6890,129,Network,Low,5,3
6891,5523,Login,High,19,5
6892,12186,Refund,Low,5,4
6893,3247,Billing,Medium,11,3
6894,6147,Technical,Low,2,3
6895,1345,Billing,Low,7,5
6896,137,Technical,Medium,11,3
6897,3212,Login,Low,12,3
6898,752,Technical,High,2,3
6899,7380,Technical,Low,20,2
6900,571,Speed,High,17,1
6901,1525,Network,High,15,2
6902,878,Login,Low,2,2
6903,5614,Network,Medium,19,3
6904,10570,Login,Medium,16,3
6905,5563,Speed,Low,12,3
6906,10014,Speed,Medium,9,2
6907,11731,Login,High,20,5
6908,10953,Refund,High,7,4
6909,5627,Network,Low,13,5
6910,498,Speed,High,20,2
6911,2627,Speed,Low,7,3
6912,12529,Refund,Medium,7,5
6913,11645,Speed,Medium,2,3
6914,5867,Billing,High,11,4
6915,4237,Technical,High,8,5
6916,14469,Billing,Low,10,3
6917,2240,Login,Medium,18,2
6918,7379,Billing,Low,6,2
6919,4945,Login,Low,17,4
6920,12009,Login,Low,9,2
6921,14693,Technical,Low,14,5
6922,7644,Network,Medium,8,2
6923,1616,Billing,High,5,5
6924,9998,Network,High,1,4
6925,13882,Technical,Medium,20,1
6926,10580,Network,Medium,20,3
6927,9848,Network,Medium,2,3
6928,9692,Billing,High,19,1
6929,6579,Billing,High,18,2
6930,9539,Refund,High,17,1
6931,1610,Technical,High,17,3
6932,8230,Billing,High,19,3
6933,13641,Network,Medium,18,2
6934,8262,Network,Medium,12,5
6935,11222,Network,Medium,11,3
6936,1566,Billing,Medium,11,2
6937,14796,Login,Low,4,3
6938,7319,Billing,Low,8,1
6939,10490,Network,Medium,11,5
6940,14629,Login,Low,11,1
6941,4985,Network,Low,20,4
6942,3027,Technical,High,11,1
6943,5028,Speed,Low,4,5
6944,445,Network,Medium,8,5
6945,429,Technical,High,15,2
6946,3620,Refund,Medium,3,1
6947,9516,Network,Low,2,3
6948,13544,Billing,Medium,20,4
6949,13765,Technical,High,5,1
6950,12804,Refund,Medium,3,3
6951,13796,Refund,High,13,1
6952,3710,Network,Medium,8,5
6953,8384,Speed,High,2,3
6954,3361,Speed,Medium,3,5
6955,11073,Speed,Low,3,4
6956,9514,Refund,High,20,5
6957,10640,Refund,Medium,2,3
6958,7080,Login,High,5,3
6959,7758,Technical,High,16,3
6960,12924,Technical,High,11,2
6961,289,Login,Low,20,4
6962,9531,Login,Medium,19,2
6963,11626,Refund,Low,6,4
6964,2787,Technical,Medium,11,1
6965,3283,Technical,Medium,13,2
6966,10901,Technical,Medium,4,5
6967,2701,Billing,Medium,3,1
6968,2828,Refund,Low,7,2
6969,8903,Login,High,18,3
6970,6018,Login,Low,11,4
6971,993,Technical,Medium,20,3
6972,3863,Login,Low,3,3
6973,1137,Billing,High,11,3
6974,11936,Speed,High,7,4
6975,5693,Technical,Low,18,1
6976,291,Technical,Low,4,2
6977,5755,Technical,High,11,3
6978,2612,Refund,Medium,5,2
6979,14991,Refund,High,13,3
6980,3492,Login,Medium,2,3
6981,12399,Refund,Low,8,1
6982,7054,Speed,High,11,1
6983,12682,Billing,Low,2,5
6984,8734,Network,Medium,18,3
6985,8932,Technical,High,10,2
6986,5040,Refund,Medium,20,5
6987,1436,Technical,High,7,3
6988,5659,Technical,Low,6,2
6989,14866,Billing,Medium,4,2
6990,3667,Network,High,3,5
6991,6044,Refund,Low,12,2
6992,412,Speed,Low,18,3
6993,11232,Refund,Medium,3,3
6994,13050,Network,High,11,3
6995,4707,Billing,High,9,2
6996,8492,Billing,High,2,5
6997,6771,Technical,Medium,12,2
6998,14511,Technical,Low,9,1
6999,9583,Billing,Medium,10,2
7000,11725,Network,High,8,5
7001,11058,Login,High,19,5
7002,14632,Network,High,16,4
7003,6238,Login,Medium,1,5
7004,7467,Refund,Medium,2,4
7005,14200,Speed,High,10,1
7006,4644,Billing,Medium,10,2
7007,669,Network,Low,19,3
7008,9767,Billing,Low,20,2
7009,8389,Network,Low,16,2
7010,5677,Speed,Medium,7,1
7011,14171,Speed,Low,9,1
7012,2017,Technical,High,18,2
7013,6494,Refund,High,18,1
7014,2124,Billing,Medium,2,4
7015,12758,Speed,Low,9,3
7016,10208,Technical,Medium,16,5
7017,13804,Login,Medium,19,5
7018,4609,Billing,Medium,3,5
7019,4364,Technical,Low,16,3
7020,4958,Network,Low,19,1
7021,860,Refund,Low,10,3
7022,807,Network,High,18,2
7023,3844,Network,Low,20,5
7024,6294,Billing,Medium,4,4
7025,12081,Refund,Medium,18,2
7026,6815,Network,Low,10,2
7027,12322,Speed,Medium,12,4
7028,10836,Speed,Medium,17,5
7029,14269,Refund,Low,19,5
7030,7179,Billing,Low,19,4
7031,14119,Billing,High,1,2
7032,6408,Speed,Medium,11,1
7033,12987,Speed,High,9,2
7034,2825,Billing,High,2,4
7035,4763,Billing,High,1,5
7036,3778,Speed,Medium,3,5
7037,10529,Network,Low,11,2
7038,7461,Billing,Medium,9,5
7039,2713,Technical,Medium,13,1
7040,8338,Technical,Low,9,2
7041,548,Refund,High,1,5
7042,1870,Speed,Medium,9,3
7043,4232,Billing,Medium,13,2
7044,9204,Billing,Medium,11,1
7045,11227,Network,Low,10,5
7046,7916,Login,Medium,6,2
7047,146,Billing,Low,1,4
7048,4914,Network,Low,7,2
7049,799,Login,Medium,1,1
7050,6941,Refund,Medium,17,5
7051,12517,Login,Low,12,5
7052,4084,Refund,Low,18,5
7053,11889,Refund,Medium,8,5
7054,3618,Speed,Medium,11,4
7055,2158,Refund,Medium,2,5
7056,10665,Network,Medium,1,3
7057,1747,Refund,Low,13,3
7058,2308,Billing,Low,8,2
7059,11097,Billing,Low,18,2
7060,10171,Technical,Medium,1,4
7061,11670,Technical,Medium,8,2
7062,8543,Billing,High,20,4
7063,11547,Speed,Low,9,2
7064,10932,Speed,Medium,3,2
7065,619,Billing,High,19,2
7066,884,Billing,Low,3,4
7067,5304,Refund,Low,10,5
7068,5542,Technical,Medium,2,2
7069,7437,Technical,Low,1,1
7070,1632,Speed,Medium,2,5
7071,7495,Speed,Low,14,3
7072,14884,Billing,Medium,10,3
7073,6066,Billing,Low,1,4
7074,5807,Speed,Medium,9,3
7075,2674,Billing,Low,5,3
7076,3593,Billing,Medium,14,3
7077,2419,Technical,High,20,2
7078,10346,Network,Medium,17,4
7079,7260,Speed,Medium,5,3
7080,7592,Refund,High,3,4
7081,5066,Technical,High,6,2
7082,9987,Technical,High,18,3
7083,3080,Technical,Medium,4,3
7084,419,Refund,Medium,19,4
7085,8979,Refund,High,7,5
7086,7679,Speed,Low,13,5
7087,11507,Network,Medium,2,1
7088,11596,Technical,High,3,4
7089,8446,Login,Low,11,3
7090,9607,Speed,Medium,11,1
7091,11704,Speed,Medium,16,2
7092,6334,Refund,Medium,7,4
7093,8314,Technical,Medium,2,4
7094,9185,Network,Low,18,1
7095,7654,Refund,Medium,18,1
7096,6706,Speed,Low,13,3
7097,13923,Speed,High,1,4
7098,6504,Login,Medium,8,3
7099,4653,Login,Medium,4,3
7100,2143,Speed,High,20,4
7101,12527,Network,Low,9,5
7102,4794,Billing,Low,8,3
7103,544,Technical,Low,10,3
7104,5220,Technical,Medium,9,1
7105,13935,Speed,Low,15,4
7106,9295,Refund,High,13,2
7107,10060,Refund,High,18,4
7108,8430,Speed,Medium,6,2
7109,12721,Speed,Low,17,4
7110,7079,Network,Low,10,2
7111,9286,Technical,Low,4,1
7112,1709,Refund,High,9,2
7113,5108,Technical,High,1,4
7114,5924,Speed,High,11,5
7115,14611,Technical,Low,2,5
7116,1849,Technical,Medium,14,5
7117,11265,Technical,Medium,16,2
7118,7071,Login,High,1,2
7119,12953,Network,Low,2,1
7120,8007,Technical,High,1,1
7121,12398,Refund,Medium,2,4
7122,13790,Network,Medium,9,5
7123,635,Technical,Medium,14,5
7124,12592,Speed,Medium,6,3
7125,2133,Speed,Medium,15,2
7126,6406,Technical,High,13,5
7127,6955,Network,Medium,13,5
7128,1497,Billing,Low,4,1
7129,272,Login,Low,7,4
7130,4947,Login,High,9,3
7131,10568,Technical,Medium,13,1
7132,5898,Billing,High,7,4
7133,5496,Network,Low,19,5
7134,3159,Network,High,18,2
7135,12170,Login,Low,14,1
7136,10153,Technical,High,8,3
7137,5575,Network,High,2,2
7138,5654,Network,High,4,4
7139,3394,Network,Medium,7,4
7140,9893,Refund,Low,5,5
7141,14620,Billing,Medium,17,4
7142,13366,Speed,High,2,5
7143,1626,Login,Medium,8,3
7144,7951,Refund,High,10,5
7145,11496,Login,Low,16,2
7146,6603,Technical,Medium,19,5
7147,654,Technical,Low,16,2
7148,13000,Billing,Low,14,5
7149,2283,Network,High,9,3
7150,83,Billing,High,18,5
7151,1340,Billing,Medium,6,3
7152,4683,Speed,Medium,3,5
7153,856,Network,High,20,1
7154,12247,Technical,Medium,17,2
7155,4517,Technical,High,3,2
7156,855,Speed,High,10,1
7157,10908,Refund,Medium,8,2
7158,2890,Billing,Medium,2,2
7159,11153,Refund,Medium,11,4
7160,13603,Refund,Low,2,1
7161,12905,Refund,High,9,3
7162,4267,Login,Medium,13,2
7163,14255,Refund,Low,3,4
7164,9443,Network,Medium,13,3
7165,5287,Speed,High,19,5
7166,6906,Technical,Medium,9,5
7167,3533,Speed,Medium,6,5
7168,5015,Network,Low,4,4
7169,5985,Technical,Low,14,1
7170,3906,Refund,Medium,20,4
7171,11597,Technical,High,5,3
7172,6959,Login,High,15,3
7173,10960,Speed,Low,2,1
7174,2241,Network,High,7,5
7175,1105,Refund,Medium,1,3
7176,1455,Speed,High,6,1
7177,6387,Billing,High,14,2
7178,123,Refund,High,9,1
7179,14574,Login,Low,5,5
7180,10197,Login,Medium,7,1
7181,7670,Speed,High,11,4
7182,7493,Refund,Low,15,5
7183,6197,Technical,High,7,5
7184,7204,Network,High,16,1
7185,11222,Speed,Low,6,1
7186,1929,Billing,Medium,7,2
7187,5714,Network,High,13,5
7188,12697,Login,Low,15,2
7189,11313,Technical,Medium,6,2
7190,11128,Network,Medium,10,3
7191,924,Billing,High,14,1
7192,3363,Refund,Low,14,3
7193,11060,Technical,Low,18,4
7194,10664,Technical,Medium,10,2
7195,12222,Network,Low,19,4
7196,6684,Refund,Low,13,1
7197,8123,Speed,Low,7,1
7198,8448,Speed,Medium,8,4
7199,692,Login,Low,1,5
7200,7365,Billing,High,20,4
7201,10900,Refund,Low,5,2
7202,5515,Login,Medium,3,1
7203,8179,Refund,High,19,1
7204,3902,Refund,Medium,14,5
7205,4904,Network,Low,11,3
7206,4732,Refund,Low,5,2
7207,12029,Network,Low,5,1
7208,7928,Network,Low,7,2
7209,9190,Technical,High,19,4
7210,1925,Speed,High,6,5
7211,13618,Speed,Low,3,2
7212,5352,Login,Low,20,2
7213,4976,Speed,Medium,8,1
7214,10420,Refund,Low,13,3
7215,5054,Network,High,11,3
7216,4317,Billing,Medium,9,2
7217,8351,Speed,Low,8,1
7218,602,Billing,High,6,3
7219,3181,Billing,High,15,5
7220,14821,Refund,High,16,4
7221,3503,Refund,Low,6,4
7222,6621,Network,High,3,5
7223,10168,Login,Medium,1,2
7224,5759,Billing,Low,20,4
7225,1063,Technical,Medium,2,5
7226,7254,Network,High,15,2
7227,3619,Refund,High,16,2
7228,10687,Technical,High,11,2
7229,7178,Technical,Medium,2,4
7230,12363,Billing,High,11,3
7231,7713,Network,Medium,3,4
7232,4076,Technical,Low,18,4
7233,5961,Billing,Medium,16,3
7234,2313,Login,High,17,5
7235,8382,Billing,Medium,6,4
7236,2338,Network,Medium,18,4
7237,4298,Speed,Medium,17,5
7238,6859,Refund,Low,12,5
7239,13234,Speed,Low,17,4
7240,13975,Login,Low,15,1
7241,2735,Speed,High,16,4
7242,13550,Billing,High,20,3
7243,1109,Network,High,5,4
7244,590,Network,Medium,13,2
7245,8904,Technical,High,3,3
7246,5953,Network,Medium,5,5
7247,8985,Login,Low,7,1
7248,14301,Login,High,11,5
7249,6045,Technical,Low,17,5
7250,14180,Billing,Medium,2,4
7251,14032,Network,High,13,2
7252,885,Speed,High,11,2
7253,664,Login,Low,18,2
7254,766,Speed,Medium,18,5
7255,5269,Network,Low,2,3
7256,328,Technical,Medium,7,2
7257,12920,Login,Low,9,2
7258,9138,Billing,Low,5,4
7259,6647,Refund,Medium,14,3
7260,14317,Technical,High,8,5
7261,3515,Billing,Low,12,4
7262,4169,Speed,Low,12,5
7263,14566,Login,Medium,6,4
7264,7613,Network,Medium,6,3
7265,12799,Billing,High,19,3
7266,4888,Login,Medium,15,4
7267,9843,Billing,High,9,4
7268,8333,Speed,Low,13,2
7269,6968,Refund,Medium,4,2
7270,14309,Refund,Medium,15,3
7271,11930,Login,Medium,15,4
7272,3312,Login,High,1,5
7273,5699,Technical,High,15,4
7274,1340,Refund,Medium,15,1
7275,5952,Billing,Low,1,4
7276,7796,Network,High,14,1
7277,10229,Refund,Medium,3,2
7278,13761,Network,High,20,1
7279,7234,Network,Medium,5,2
7280,13052,Speed,Medium,18,4
7281,12159,Refund,Low,6,4
7282,7825,Network,High,13,2
7283,6468,Speed,Medium,19,4
7284,11288,Speed,Low,19,2
7285,13408,Login,Low,17,5
7286,11584,Network,High,3,3
7287,2049,Speed,High,20,5
7288,2423,Login,High,12,3
7289,12039,Speed,Medium,13,1
7290,12526,Technical,Low,8,1
7291,673,Login,Medium,15,3
7292,10525,Billing,Low,2,3
7293,6594,Refund,Low,17,2
7294,11869,Speed,Medium,16,2
7295,8595,Network,Low,14,4
7296,9733,Refund,High,18,4
7297,5747,Billing,Low,19,5
7298,7229,Technical,High,15,4
7299,9879,Network,Medium,20,5
7300,11902,Billing,Low,18,1
7301,1852,Speed,High,4,1
7302,5269,Refund,High,8,2
7303,9499,Speed,High,9,3
7304,11276,Billing,Medium,13,1
7305,9989,Speed,Medium,9,3
7306,5250,Speed,High,14,4
7307,5451,Billing,Low,14,1
7308,2833,Network,Medium,4,2
7309,3226,Technical,High,9,3
7310,2212,Refund,Low,8,5
7311,3356,Login,High,1,3
7312,1134,Login,Low,4,5
7313,6854,Refund,Low,18,3
7314,1892,Login,Medium,10,2
7315,2340,Billing,High,6,4
7316,11486,Speed,High,10,5
7317,10571,Speed,Medium,18,2
7318,2144,Billing,Medium,17,2
7319,4139,Network,High,20,1
7320,9743,Billing,High,19,2
7321,13012,Network,Low,20,5
7322,6159,Technical,Medium,19,1
7323,10826,Refund,High,10,1
7324,11851,Speed,Medium,5,3
7325,5417,Login,Low,8,3
7326,8087,Login,Medium,7,2
7327,11570,Billing,High,3,3
7328,12174,Billing,Low,14,4
7329,14148,Billing,High,17,1
7330,14735,Technical,High,10,1
7331,14589,Login,Low,12,1
7332,5338,Billing,Low,18,5
7333,6353,Billing,High,14,4
7334,7580,Billing,Low,8,3
7335,4036,Refund,Low,16,1
7336,10530,Technical,Low,7,2
7337,4609,Speed,Medium,1,1
7338,3763,Login,Low,3,4
7339,10621,Refund,Medium,3,1
7340,8624,Speed,Medium,19,2
7341,1895,Billing,Low,10,1
7342,14673,Network,Low,4,3
7343,9811,Technical,Low,18,3
7344,7662,Login,Low,13,4
7345,1354,Technical,Medium,9,1
7346,13652,Login,Low,9,3
7347,11344,Login,Low,18,4
7348,1462,Technical,High,10,5
7349,3009,Billing,Low,17,3
7350,5113,Network,High,8,1
7351,9510,Refund,Medium,1,4
7352,10197,Billing,High,2,1
7353,10765,Billing,Medium,1,4
7354,1632,Technical,Medium,6,5
7355,11811,Network,Medium,12,3
7356,13731,Refund,High,14,2
7357,14211,Technical,High,18,3
7358,13172,Refund,High,1,2
7359,6929,Technical,High,1,1
7360,2147,Network,Medium,16,3
7361,3242,Speed,Low,19,2
7362,12366,Technical,Low,15,1
7363,12046,Refund,Medium,19,4
7364,13742,Technical,Low,6,2
7365,5090,Login,High,8,2
7366,12423,Technical,Low,16,2
7367,7259,Network,Low,20,5
7368,14206,Billing,High,17,5
7369,2453,Speed,High,14,3
7370,12299,Refund,Medium,20,2
7371,1140,Login,High,14,4
7372,13227,Network,High,13,2
7373,695,Technical,Medium,11,5
7374,2393,Login,High,17,5
7375,3507,Network,Medium,19,5
7376,4069,Network,Medium,5,1
7377,13077,Technical,High,9,5
7378,3044,Refund,Low,6,4
7379,12074,Billing,High,1,4
7380,5276,Refund,Low,8,3
7381,13803,Billing,Low,16,5
7382,6376,Refund,High,12,2
7383,12801,Speed,Low,17,3
7384,7516,Network,Low,3,3
7385,14052,Login,Medium,15,2
7386,8177,Refund,High,18,3
7387,4636,Refund,Low,4,3
7388,7495,Technical,High,9,5
7389,2239,Login,Medium,19,1
7390,21,Technical,Low,17,3
7391,12172,Speed,Low,9,1
7392,3900,Billing,High,14,5
7393,1802,Network,High,9,4
7394,7443,Billing,Medium,15,2
7395,13095,Login,Low,12,2
7396,12933,Refund,Medium,12,5
7397,14407,Login,High,15,2
7398,12204,Technical,Low,12,2
7399,620,Speed,High,20,3
7400,4308,Refund,Low,7,1
7401,327,Refund,High,18,4
7402,7588,Technical,Low,12,3
7403,5122,Network,Low,12,1
7404,1101,Login,Low,3,4
7405,6066,Speed,Medium,12,4
7406,598,Login,Low,14,4
7407,3510,Technical,Medium,8,4
7408,10516,Login,Medium,17,4
7409,8267,Login,Medium,7,2
7410,935,Network,Low,20,4
7411,5896,Network,Low,2,3
7412,8822,Login,High,1,3
7413,2224,Technical,Medium,18,1
7414,14664,Speed,Medium,15,2
7415,6864,Speed,Low,17,3
7416,5569,Billing,High,10,1
7417,6221,Network,Low,4,1
7418,12200,Refund,Low,18,5
7419,11880,Technical,Low,11,5
7420,4353,Refund,Medium,14,4
7421,13316,Refund,Medium,12,3
7422,11195,Login,High,13,1
7423,7166,Technical,Medium,14,3
7424,2422,Billing,Medium,2,3
7425,1761,Technical,Medium,8,3
7426,1884,Billing,Medium,8,1
7427,1499,Technical,High,9,5
7428,1768,Billing,High,7,5
7429,12868,Billing,Medium,1,2
7430,8379,Speed,Medium,5,1
7431,4174,Refund,High,3,4
7432,11043,Speed,High,18,3
7433,5490,Network,Low,3,1
7434,10598,Login,Medium,17,5
7435,10200,Speed,Low,6,4
7436,7038,Billing,High,16,2
7437,4327,Speed,High,19,5
7438,2436,Speed,Low,10,2
7439,6964,Login,Low,5,1
7440,11379,Network,Medium,8,4
7441,4584,Technical,High,1,5
7442,5073,Technical,High,15,4
7443,795,Login,Low,11,1
7444,3116,Network,Medium,5,5
7445,6037,Network,High,14,3
7446,9045,Speed,Medium,20,1
7447,13531,Technical,Medium,14,4
7448,3730,Billing,Medium,3,1
7449,13161,Billing,Low,5,2
7450,364,Network,Medium,12,3
7451,12675,Network,Low,5,1
7452,11763,Network,High,10,3
7453,10100,Refund,High,14,4
7454,4711,Speed,Low,14,1
7455,7415,Refund,Low,13,3
7456,69,Technical,Low,5,3
7457,5324,Technical,Low,11,2
7458,7046,Billing,High,20,1
7459,10116,Network,High,14,1
7460,12830,Refund,Low,20,2
7461,9921,Refund,High,17,3
7462,4698,Billing,Medium,2,2
7463,4331,Speed,Medium,10,4
7464,8215,Technical,Medium,14,3
7465,1122,Login,Medium,6,4
7466,12276,Speed,Medium,12,3
7467,14208,Login,High,15,5
7468,5608,Refund,Low,1,4
7469,7394,Speed,Low,16,5
7470,1806,Network,High,17,3
7471,9185,Billing,Medium,3,4
7472,2030,Refund,High,12,5
7473,11885,Technical,Low,6,2
7474,12578,Login,High,5,3
7475,8555,Refund,Medium,13,4
7476,13021,Login,High,20,2
7477,13939,Network,High,16,5
7478,13962,Billing,Low,10,1
7479,324,Network,Medium,6,2
7480,9980,Login,Low,3,5
7481,11712,Login,Low,15,3
7482,11684,Speed,High,4,4
7483,8059,Technical,High,20,3
7484,12849,Speed,Medium,3,3
7485,7306,Refund,High,7,2
7486,2805,Refund,Medium,3,5
7487,2913,Speed,Medium,14,5
7488,8016,Network,Low,8,3
7489,11723,Login,Medium,9,1
7490,6640,Network,Low,15,4
7491,6859,Network,Medium,3,5
7492,4106,Network,Medium,15,4
7493,13856,Network,Medium,20,5
7494,7859,Speed,Medium,1,4
7495,14063,Technical,Medium,2,3
7496,6142,Refund,High,20,2
7497,3094,Speed,High,2,3
7498,4875,Network,Low,20,3
7499,9601,Network,Low,14,4
7500,12582,Network,Low,4,2
7501,11742,Refund,Medium,18,5
7502,2924,Refund,Low,4,4
7503,8370,Speed,Medium,18,5
7504,2977,Network,Low,10,3
7505,4438,Technical,Medium,2,4
7506,2018,Refund,Medium,3,1
7507,9036,Billing,Medium,8,4
7508,12685,Technical,Low,1,4
7509,13594,Refund,Medium,5,3
7510,7588,Technical,High,14,3
7511,4582,Speed,Low,15,1
7512,4901,Login,High,19,5
7513,258,Speed,High,20,5
7514,6527,Technical,Low,14,4
7515,6703,Speed,Low,4,5
7516,9139,Login,Medium,15,3
7517,3700,Refund,High,18,1
7518,4077,Refund,Medium,11,3
7519,12513,Technical,Medium,13,5
7520,7501,Technical,Low,16,4
7521,2860,Speed,Medium,19,5
7522,3924,Login,High,19,5
7523,11411,Billing,Low,8,3
7524,13566,Login,High,3,1
7525,11966,Network,High,4,2
7526,3760,Network,Medium,9,3
7527,4955,Refund,Low,10,2
7528,5439,Speed,Medium,3,3
7529,6196,Network,Medium,19,1
7530,9243,Refund,Medium,19,5
7531,8436,Technical,Medium,16,4
7532,11753,Refund,High,13,4
7533,14537,Technical,Low,19,4
7534,1954,Technical,High,3,2
7535,14152,Network,High,9,5
7536,11927,Network,High,6,4
7537,7976,Refund,Low,14,1
7538,8905,Speed,High,14,1
7539,11160,Refund,Medium,9,3
7540,2201,Login,Low,13,4
7541,6817,Speed,Medium,19,3
7542,3576,Speed,Low,7,2
7543,6237,Technical,Low,15,4
7544,11627,Network,Low,17,3
7545,8321,Refund,High,6,3
7546,14130,Refund,Medium,13,1
7547,2238,Login,Low,2,1
7548,2538,Refund,High,20,5
7549,11536,Technical,Medium,1,4
7550,11544,Speed,Low,4,4
7551,14089,Login,Low,11,3
7552,739,Login,High,9,5
7553,3439,Technical,Low,16,3
7554,2847,Refund,Medium,10,4
7555,13738,Technical,Low,3,3
7556,1258,Billing,Low,15,1
7557,11062,Technical,Medium,19,2
7558,12219,Technical,Low,8,4
7559,2228,Technical,Low,10,5
7560,10149,Technical,High,13,4
7561,8586,Billing,High,9,1
7562,341,Technical,High,11,3
7563,11997,Login,High,14,2
7564,7477,Network,Low,17,1
7565,14810,Network,Medium,19,5
7566,11149,Technical,High,19,4
7567,6524,Technical,Medium,3,1
7568,11460,Login,Low,10,3
7569,8073,Speed,Low,8,5
7570,3182,Network,Medium,8,5
7571,12202,Billing,Low,18,1
7572,13946,Network,Low,5,2
7573,6228,Billing,High,13,3
7574,5094,Technical,Low,16,4
7575,12324,Refund,High,4,2
7576,13074,Refund,High,6,2
7577,6422,Refund,Low,10,1
7578,9717,Billing,Low,19,5
7579,2234,Speed,High,9,1
7580,6781,Speed,Medium,20,4
7581,2706,Login,Low,16,1
7582,4927,Refund,Medium,11,5
7583,12798,Network,Medium,17,3
7584,11218,Technical,Low,3,5
7585,2237,Login,Low,10,3
7586,167,Refund,Medium,12,2
7587,927,Refund,Medium,8,3
7588,8392,Login,High,4,5
7589,2013,Speed,Medium,8,5
7590,7644,Login,High,9,3
7591,1647,Billing,Medium,14,4
7592,12226,Billing,Low,5,1
7593,9206,Refund,Medium,5,3
7594,10550,Login,Low,2,3
7595,13745,Network,Medium,18,4
7596,1460,Speed,High,10,1
7597,11683,Login,High,4,2
7598,13984,Billing,Low,19,2
7599,10340,Network,Low,12,2
7600,11912,Billing,Medium,4,3
7601,12875,Refund,Medium,6,1
7602,7459,Speed,Medium,2,5
7603,14023,Technical,Low,15,2
7604,7409,Speed,High,10,2
7605,1033,Technical,High,17,5
7606,9479,Refund,Medium,7,3
7607,7698,Billing,Medium,18,3
7608,8458,Network,Low,4,3
7609,8358,Network,Medium,7,2
7610,7610,Billing,Low,16,4
7611,6306,Network,Medium,6,3
7612,4943,Refund,Medium,9,2
7613,6469,Speed,Medium,10,5
7614,12934,Technical,Low,18,5
7615,9938,Network,Low,19,5
7616,11353,Speed,Medium,11,2
7617,2037,Network,Low,20,5
7618,8998,Speed,High,10,1
7619,3757,Login,High,5,4
7620,9682,Technical,Medium,16,1
7621,1627,Billing,High,18,5
7622,9761,Login,Medium,13,2
7623,9535,Speed,High,10,5
7624,1741,Login,High,7,5
7625,10663,Login,High,16,2
7626,4348,Speed,Medium,9,1
7627,11073,Network,Low,14,3
7628,12919,Billing,Low,1,1
7629,3700,Technical,High,4,3
7630,11328,Login,High,10,4
7631,4457,Network,Low,9,3
7632,1160,Login,Low,15,1
7633,3495,Login,Low,2,2
7634,4671,Refund,High,15,4
7635,6235,Technical,Medium,20,1
7636,12695,Network,Medium,19,1
7637,7844,Technical,High,13,2
7638,9712,Technical,Medium,11,4
7639,6235,Login,High,2,3
7640,1083,Login,Low,11,5
7641,11867,Refund,High,17,3
7642,5427,Technical,Low,20,4
7643,2777,Speed,High,6,5
7644,9722,Network,Low,2,5
7645,11973,Technical,High,18,4
7646,9169,Technical,High,14,4
7647,12414,Technical,Low,4,5
7648,10666,Network,Low,6,4
7649,8321,Speed,Medium,14,2
7650,4365,Billing,High,5,5
7651,13188,Refund,Low,16,4
7652,4438,Technical,Low,3,1
7653,4168,Speed,High,19,3
7654,11175,Billing,Medium,14,5
7655,14173,Speed,High,4,5
7656,1675,Refund,Medium,1,2
7657,5500,Login,High,2,5
7658,1232,Login,High,7,1
7659,11505,Refund,Low,15,1
7660,8783,Refund,High,15,4
7661,4628,Refund,Low,3,5
7662,1193,Refund,High,19,3
7663,8123,Billing,High,6,3
7664,12706,Login,Low,5,5
7665,14696,Refund,Medium,10,5
7666,8254,Login,Medium,11,2
7667,9950,Speed,Medium,14,5
7668,8768,Refund,High,9,3
7669,11390,Technical,Low,1,3
7670,4844,Refund,Low,14,1
7671,3338,Refund,Medium,8,5
7672,5446,Technical,High,7,2
7673,48,Refund,Medium,8,2
7674,2,Billing,Medium,5,4
7675,6481,Technical,High,14,2
7676,13817,Refund,Low,12,5
7677,13513,Billing,Low,9,4
7678,5807,Speed,High,7,3
7679,13279,Technical,Medium,15,3
7680,14844,Speed,High,6,1
7681,4350,Login,Low,1,3
7682,8463,Billing,Low,19,3
7683,7077,Technical,Low,10,2
7684,6043,Refund,Low,15,3
7685,5673,Speed,Medium,19,4
7686,3863,Speed,Low,8,5
7687,12931,Technical,Low,3,3
7688,11469,Speed,High,20,2
7689,2828,Technical,Medium,18,2
7690,7016,Login,High,9,3
7691,3511,Billing,Medium,11,1
7692,14990,Billing,Low,10,4
7693,7544,Network,High,4,3
7694,2806,Billing,Medium,16,1
7695,8214,Login,Low,14,1
7696,579,Technical,Medium,1,2
7697,8733,Network,Medium,10,3
7698,11563,Billing,Low,20,4
7699,4052,Speed,Medium,17,3
7700,9521,Speed,Low,10,5
7701,9419,Refund,Low,20,3
7702,11553,Login,Low,1,4
7703,4500,Speed,High,7,2
7704,10295,Speed,Medium,5,2
7705,6483,Login,Low,18,1
7706,4382,Refund,Low,6,4
7707,10120,Technical,High,19,1
7708,14415,Speed,Low,1,4
7709,10543,Billing,High,19,4
7710,12843,Network,Low,10,1
7711,13404,Billing,High,13,3
7712,2790,Network,High,4,2
7713,8130,Technical,Low,4,4
7714,3315,Billing,High,8,3
7715,4171,Refund,High,1,2
7716,12992,Billing,Medium,18,5
7717,2105,Login,High,5,3
7718,3809,Technical,Medium,15,2
7719,2173,Speed,Low,8,5
7720,302,Refund,Low,13,3
7721,10282,Network,Low,18,4
7722,5019,Login,Medium,2,3
7723,12844,Billing,Medium,12,1
7724,7908,Technical,Medium,11,4
7725,4923,Refund,Low,17,4
7726,11905,Refund,High,20,4
7727,7638,Billing,Medium,1,4
7728,4015,Refund,High,20,5
7729,3406,Login,High,2,3
7730,9096,Refund,Low,1,4
7731,13779,Speed,Medium,6,4
7732,14810,Speed,Low,7,1
7733,3463,Refund,High,4,4
7734,8574,Network,Medium,10,1
7735,10228,Speed,High,14,2
7736,7662,Speed,Medium,7,5
7737,3441,Network,Low,11,4
7738,11592,Login,High,14,2
7739,5676,Network,Medium,19,5
7740,3268,Refund,Medium,11,5
7741,10512,Billing,High,20,4
7742,14498,Refund,Medium,5,3
7743,531,Network,High,11,1
7744,12394,Billing,Low,20,3
7745,4928,Refund,Medium,2,4
7746,4182,Refund,Medium,2,5
7747,8328,Technical,Medium,19,4
7748,12234,Speed,Medium,9,4
7749,6571,Network,Low,5,3
7750,5795,Speed,High,10,4
7751,5780,Billing,Low,2,5
7752,1409,Refund,Low,13,2
7753,5530,Network,Medium,7,2
7754,12768,Speed,Medium,8,1
7755,11760,Speed,Medium,13,1
7756,13395,Technical,Medium,10,2
7757,14292,Technical,Low,2,3
7758,12522,Billing,Low,16,4
7759,13963,Network,High,6,3
7760,1332,Technical,High,7,3
7761,9676,Login,Low,3,4
7762,9042,Billing,High,7,1
7763,2691,Refund,Medium,9,2
7764,12243,Speed,Medium,9,2
7765,7541,Network,Low,17,1
7766,4104,Refund,Medium,20,4
7767,12627,Refund,High,1,4
7768,12063,Refund,Medium,14,5
7769,10206,Network,High,17,3
7770,9431,Refund,Low,1,5
7771,8307,Network,Medium,6,2
7772,12623,Technical,High,11,3
7773,89,Refund,Medium,13,3
7774,5633,Login,High,1,5
7775,1856,Refund,Low,7,4
7776,8233,Technical,Medium,10,4
7777,12470,Technical,High,7,2
7778,6497,Login,Low,4,1
7779,5526,Speed,High,8,1
7780,11490,Technical,Medium,19,4
7781,2491,Refund,Medium,4,1
7782,14829,Network,Medium,19,3
7783,14926,Billing,High,18,4
7784,9210,Network,Low,4,3
7785,2662,Refund,Medium,18,2
7786,6009,Technical,High,12,1
7787,2706,Speed,Medium,6,1
7788,2487,Speed,Low,2,4
7789,7662,Billing,Medium,11,3
7790,3312,Billing,Low,9,5
7791,5471,Login,Medium,5,2
7792,437,Billing,High,11,3
7793,13281,Speed,Medium,12,4
7794,10392,Network,High,5,2
7795,4615,Login,Low,17,5
7796,4800,Network,Medium,19,4
7797,2161,Speed,Low,11,1
7798,14543,Speed,High,18,4
7799,13078,Network,Low,11,2
7800,2758,Technical,High,11,5
7801,1480,Login,High,4,2
7802,64,Network,High,11,2
7803,1926,Technical,High,5,4
7804,7113,Network,High,2,3
7805,11016,Login,High,12,4
7806,4159,Network,Low,1,2
7807,12351,Refund,Medium,18,2
7808,29,Refund,Low,1,1
7809,6909,Login,Medium,7,1
7810,2661,Billing,Medium,10,3
7811,6015,Refund,Low,18,5
7812,3182,Speed,Medium,15,2
7813,14773,Login,Medium,1,4
7814,704,Technical,Medium,14,5
7815,6719,Speed,Medium,17,4
7816,11116,Refund,High,9,1
7817,111,Speed,Medium,2,2
7818,2239,Login,Low,4,3
7819,4580,Technical,Medium,19,4
7820,6211,Billing,Medium,15,4
7821,3068,Network,Medium,20,3
7822,13555,Refund,High,16,4
7823,7883,Technical,Medium,18,4
7824,13839,Refund,High,16,5
7825,7488,Speed,Medium,11,1
7826,4769,Technical,Medium,18,2
7827,3778,Network,Medium,4,3
7828,9717,Technical,Medium,6,3
7829,1120,Speed,High,9,4
7830,13701,Network,Low,18,4
7831,9683,Refund,Low,7,1
7832,10095,Billing,Low,2,3
7833,3087,Login,High,20,5
7834,6323,Network,Low,16,4
7835,4234,Billing,Medium,15,4
7836,11757,Login,High,10,2
7837,5233,Refund,High,13,1
7838,14288,Login,Medium,9,3
7839,5654,Billing,High,15,1
7840,9444,Network,Low,14,3
7841,4913,Speed,Medium,13,1
7842,9495,Login,Medium,15,4
7843,3362,Refund,Low,16,4
7844,287,Refund,Low,7,5
7845,2579,Network,Low,18,3
7846,11465,Technical,High,20,5
7847,14727,Network,Low,14,3
7848,1601,Login,High,15,4
7849,8811,Billing,High,13,2
7850,695,Refund,High,10,5
7851,13763,Network,Low,17,3
7852,9285,Network,Medium,2,2
7853,11850,Login,Low,18,4
7854,6325,Technical,Medium,14,3
7855,3228,Network,Medium,10,3
7856,5648,Speed,High,15,5
7857,13609,Speed,High,14,5
7858,8516,Login,Medium,11,5
7859,13982,Technical,Low,7,3
7860,838,Billing,Low,16,2
7861,12488,Technical,Low,13,5
7862,3630,Network,Medium,14,2
7863,21,Refund,Low,2,4
7864,12176,Refund,Medium,1,4
7865,265,Login,Low,9,3
7866,1090,Speed,High,4,4
7867,5345,Network,Low,7,5
7868,10842,Speed,High,17,3
7869,8945,Network,Medium,18,2
7870,2993,Speed,Medium,3,3
7871,2866,Refund,Low,18,2
7872,8948,Network,High,20,4
7873,2803,Speed,High,4,5
7874,11805,Refund,Low,7,1
7875,2648,Billing,Low,19,1
7876,4235,Refund,High,17,2
7877,7751,Refund,Low,11,1
7878,13398,Login,High,17,3
7879,8465,Login,High,5,2
7880,427,Technical,High,15,3
7881,7439,Refund,High,2,1
7882,10337,Login,Low,5,4
7883,12096,Network,High,6,4
7884,12729,Refund,Medium,16,2
7885,7897,Refund,High,1,1
7886,6755,Refund,Medium,13,5
7887,14681,Network,Medium,17,5
7888,7038,Speed,Low,5,3
7889,2749,Network,High,16,4
7890,10356,Billing,High,4,2
7891,10404,Billing,Low,14,3
7892,14448,Billing,Low,20,1
7893,2584,Speed,High,20,2
7894,11428,Billing,Medium,7,4
7895,6581,Technical,Medium,19,3
7896,9324,Refund,Low,4,3
7897,11961,Network,Low,4,1
7898,4951,Technical,High,4,2
7899,1889,Login,High,1,1
7900,13372,Login,Medium,6,1
7901,1055,Technical,Medium,5,5
7902,7123,Billing,Medium,13,1
7903,7682,Billing,Low,14,1
7904,2737,Speed,Low,4,4
7905,10469,Refund,Low,19,3
7906,8268,Refund,High,19,1
7907,13537,Network,High,20,2
7908,3498,Network,High,12,4
7909,6071,Technical,High,5,5
7910,14375,Billing,Low,20,2
7911,11243,Refund,High,4,1
7912,6272,Network,Low,18,5
7913,11516,Billing,Medium,4,1
7914,3631,Billing,Low,9,5
7915,14951,Refund,High,10,3
7916,5315,Refund,Medium,17,1
7917,6649,Network,Medium,8,2
7918,4244,Speed,Low,4,5
7919,6389,Login,Low,9,4
7920,14448,Network,Low,9,4
7921,5358,Network,Medium,3,2
7922,10336,Login,Medium,8,4
7923,13246,Login,Medium,17,2
7924,7686,Billing,High,2,4
7925,9505,Technical,Medium,3,1
7926,2160,Billing,Low,6,3
7927,14364,Network,Medium,6,4
7928,6479,Technical,Low,4,2
7929,4546,Technical,Medium,18,4
7930,14897,Login,High,17,1
7931,14797,Login,Medium,13,1
7932,13642,Technical,High,5,3
7933,8976,Login,High,13,2
7934,7924,Speed,Medium,11,5
7935,2256,Speed,Medium,17,1
7936,11480,Speed,Medium,1,4
7937,12195,Technical,Low,17,5
7938,13401,Network,Medium,3,1
7939,9678,Login,Medium,6,5
7940,419,Refund,Low,9,3
7941,14939,Login,High,18,4
7942,5915,Refund,High,3,4
7943,8010,Speed,High,14,4
7944,14437,Login,Medium,13,4
7945,7315,Technical,Low,13,2
7946,12299,Technical,High,17,1
7947,14720,Speed,Medium,14,4
7948,10929,Speed,Low,1,3
7949,9543,Network,Low,12,5
7950,2762,Technical,High,9,4
7951,7332,Login,Low,15,2
7952,6962,Billing,Low,11,1
7953,2324,Billing,High,20,5
7954,634,Refund,High,20,4
7955,4782,Network,Medium,9,5
7956,1725,Technical,High,7,4
7957,6924,Refund,Medium,13,1
7958,4106,Technical,Medium,18,3
7959,1271,Refund,Low,9,5
7960,644,Technical,Medium,14,4
7961,2472,Network,Medium,8,4
7962,1166,Network,Medium,6,5
7963,6925,Network,High,13,1
7964,14474,Technical,Medium,13,4
7965,13968,Refund,Medium,18,3
7966,5387,Technical,Medium,3,3
7967,13049,Billing,Low,15,5
7968,5206,Billing,Low,11,3
7969,10016,Network,Low,7,2
7970,9262,Network,High,9,4
7971,11279,Billing,High,5,1
7972,7778,Billing,Low,10,5
7973,13431,Technical,Medium,3,5
7974,5399,Speed,Medium,11,5
7975,4612,Technical,Medium,15,3
7976,7142,Refund,Medium,1,4
7977,9180,Network,Low,17,4
7978,14597,Speed,High,2,4
7979,13972,Refund,High,15,5
7980,6515,Login,Low,12,3
7981,11696,Speed,High,13,3
7982,9664,Network,Medium,3,5
7983,14254,Refund,Low,16,3
7984,4124,Refund,Low,9,1
7985,11251,Login,Low,13,5
7986,8678,Billing,High,19,1
7987,7305,Billing,High,17,4
7988,166,Refund,High,11,1
7989,7073,Technical,High,16,4
7990,5451,Speed,High,13,2
7991,2957,Network,Low,5,2
7992,8699,Login,Low,15,2
7993,2877,Refund,Low,12,3
7994,12315,Technical,Medium,19,5
7995,8847,Network,Low,20,4
7996,12960,Billing,Medium,10,3
7997,9018,Login,Medium,8,1
7998,1736,Refund,High,12,2
7999,8123,Technical,High,17,4
8000,11824,Login,High,9,3
8001,1455,Speed,Low,6,5
8002,5218,Speed,Low,7,3
8003,854,Billing,Medium,18,1
8004,3429,Speed,Low,15,2
8005,13726,Login,Medium,3,3
8006,12320,Network,Medium,8,3
8007,11056,Speed,Medium,4,4
8008,1693,Network,High,17,1
8009,2779,Login,Medium,2,4
8010,4609,Network,Low,18,1
8011,10870,Speed,Medium,8,5
8012,543,Login,Low,3,4
8013,6754,Billing,Medium,10,5
8014,1018,Billing,Medium,8,1
8015,7388,Network,High,12,5
8016,2333,Login,Low,13,3
8017,12794,Technical,Medium,9,1
8018,2314,Refund,Low,6,5
8019,10209,Billing,High,1,2
8020,1880,Technical,High,14,3
8021,2063,Technical,High,16,5
8022,4041,Network,Low,2,4
8023,6785,Billing,High,19,5
8024,8339,Billing,Low,12,1
8025,7257,Billing,Low,2,5
8026,9149,Speed,Medium,10,2
8027,3570,Billing,Low,17,5
8028,10432,Network,High,3,2
8029,2450,Speed,Medium,14,3
8030,12066,Billing,Low,20,1
8031,3531,Technical,Low,6,5
8032,14388,Login,Medium,3,5
8033,7867,Refund,Low,4,5
8034,9782,Network,Low,9,4
8035,1547,Technical,Low,19,1
8036,1805,Login,Low,3,5
8037,11059,Technical,Medium,4,4
8038,14257,Refund,High,12,2
8039,13813,Technical,Medium,7,5
8040,9962,Speed,Low,20,4
8041,13942,Technical,High,1,5
8042,3628,Network,Low,14,1
8043,6622,Technical,Medium,14,3
8044,681,Billing,Medium,9,1
8045,362,Refund,Medium,11,5
8046,9834,Login,High,10,2
8047,3887,Refund,Medium,3,4
8048,2400,Speed,Medium,6,5
8049,1090,Login,Low,13,4
8050,6983,Refund,Low,14,3
8051,7601,Billing,Medium,15,4
8052,9298,Technical,Medium,17,3
8053,10056,Billing,Low,9,4
8054,1055,Speed,Medium,2,2
8055,13633,Technical,Low,15,3
8056,5715,Speed,Low,11,2
8057,5377,Login,High,4,3
8058,10027,Billing,Medium,18,2
8059,8401,Technical,Low,13,1
8060,3579,Refund,Low,11,4
8061,8781,Speed,Medium,6,3
8062,8755,Technical,Medium,18,5
8063,9107,Network,Medium,10,2
8064,13002,Network,Low,10,4
8065,637,Login,Low,16,1
8066,2821,Speed,Medium,5,2
8067,6812,Network,Low,13,5
8068,9320,Login,Low,18,1
8069,14789,Technical,Medium,11,1
8070,4566,Billing,Low,6,4
8071,6515,Refund,Low,15,1
8072,3937,Login,Low,7,2
8073,1847,Technical,High,18,3
8074,425,Network,High,13,3
8075,13674,Login,Low,10,1
8076,13144,Billing,High,16,4
8077,6572,Technical,High,7,4
8078,6157,Network,High,14,3
8079,14243,Billing,Medium,8,1
8080,11230,Billing,High,18,2
8081,4981,Network,Low,13,1
8082,8484,Network,High,18,2
8083,12550,Refund,Low,2,2
8084,956,Login,High,13,2
8085,80,Network,High,4,3
8086,6845,Network,Medium,9,3
8087,5849,Speed,Medium,7,2
8088,2682,Login,High,11,4
8089,14104,Technical,Medium,14,4
8090,4930,Refund,Low,1,1
8091,12966,Refund,Medium,9,3
8092,4752,Speed,Low,10,5
8093,10607,Technical,Low,18,1
8094,1745,Refund,High,5,3
8095,4895,Refund,Low,14,2
8096,8856,Login,Medium,12,5
8097,5809,Network,High,13,3
8098,771,Technical,Medium,12,4
8099,5536,Network,Medium,1,5
8100,8786,Billing,Medium,20,1
8101,6333,Refund,Low,7,1
8102,9409,Billing,High,5,4
8103,12221,Network,Medium,12,4
8104,266,Speed,Low,6,1
8105,4026,Billing,Medium,16,5
8106,13503,Speed,Medium,16,3
8107,6685,Technical,Low,4,1
8108,3075,Refund,Medium,15,2
8109,2138,Billing,Low,9,4
8110,14156,Technical,Medium,3,1
8111,926,Speed,Medium,6,1
8112,2755,Refund,High,20,1
8113,13496,Refund,Low,2,1
8114,7759,Network,High,14,1
8115,3835,Speed,Low,7,5
8116,12801,Technical,Medium,3,2
8117,8959,Technical,Low,2,1
8118,6624,Refund,Medium,9,5
8119,9431,Refund,Medium,6,5
8120,35,Speed,High,5,3
8121,4747,Speed,Medium,8,2
8122,2641,Network,High,16,2
8123,4306,Refund,Medium,7,1
8124,12062,Network,Low,16,5
8125,9561,Login,Medium,10,1
8126,5878,Speed,High,13,5
8127,788,Billing,Low,4,3
8128,6684,Technical,High,18,3
8129,8873,Login,Medium,19,4
8130,10823,Refund,High,14,4
8131,5784,Refund,Medium,17,5
8132,7538,Refund,Medium,18,3
8133,9719,Network,Low,14,2
8134,4624,Technical,High,15,2
8135,13040,Speed,Medium,20,3
8136,14233,Login,Medium,20,5
8137,1648,Refund,High,4,3
8138,13946,Speed,Medium,4,3
8139,5187,Speed,High,15,4
8140,10198,Speed,High,13,1
8141,11273,Technical,High,11,5
8142,9817,Speed,Medium,11,3
8143,13425,Network,Low,16,5
8144,482,Network,Medium,20,5
8145,11006,Network,High,13,4
8146,11043,Refund,Medium,9,3
8147,9767,Refund,Medium,10,1
8148,11879,Speed,High,7,1
8149,7150,Network,High,11,2
8150,4815,Network,High,16,3
8151,5800,Speed,High,16,5
8152,3588,Network,High,15,2
8153,10972,Billing,Medium,3,2
8154,14189,Login,Low,16,2
8155,10600,Refund,High,13,4
8156,4614,Billing,Low,6,3
8157,14739,Technical,Medium,4,1
8158,8338,Technical,High,19,4
8159,10877,Refund,High,2,2
8160,2147,Speed,Medium,19,1
8161,3769,Technical,Medium,3,2
8162,3387,Speed,High,1,2
8163,7207,Refund,Medium,14,5
8164,8698,Technical,Medium,4,4
8165,14556,Network,Low,14,3
8166,9979,Network,Medium,5,5
8167,7753,Speed,Low,15,3
8168,11140,Billing,Low,17,4
8169,2417,Network,Low,19,5
8170,4595,Billing,Low,18,1
8171,4325,Technical,Low,2,1
8172,6289,Network,Low,15,2
8173,8444,Speed,Low,7,5
8174,9010,Network,Low,12,3
8175,6001,Technical,High,13,4
8176,3786,Login,Low,15,4
8177,9415,Login,High,12,1
8178,3756,Refund,Medium,14,4
8179,3916,Refund,High,6,4
8180,9352,Network,Low,20,4
8181,7908,Technical,Medium,3,4
8182,4937,Network,Medium,19,3
8183,12724,Refund,Low,16,4
8184,5602,Technical,High,16,3
8185,12258,Refund,High,1,2
8186,5115,Technical,Low,17,1
8187,8977,Refund,High,5,1
8188,11575,Network,High,16,4
8189,7906,Billing,Medium,14,2
8190,8094,Network,Low,12,3
8191,3569,Login,Medium,13,1
8192,11681,Refund,Low,7,3
8193,3651,Speed,Low,12,1
8194,3518,Technical,Low,6,3
8195,14026,Refund,Medium,1,3
8196,8410,Network,Medium,6,2
8197,12469,Refund,Low,5,3
8198,9257,Refund,High,7,1
8199,2288,Speed,High,9,4
8200,7974,Refund,Medium,18,1
8201,8023,Refund,Low,3,3
8202,9656,Login,Low,2,5
8203,12173,Billing,Low,13,2
8204,12937,Refund,Medium,1,2
8205,10499,Billing,High,1,2
8206,2754,Network,High,10,2
8207,797,Refund,Low,7,3
8208,14271,Login,High,6,2
8209,7575,Refund,Medium,13,4
8210,6121,Technical,Medium,10,4
8211,3743,Technical,Low,13,1
8212,13895,Login,Low,14,3
8213,8656,Refund,Low,14,3
8214,11775,Technical,High,11,4
8215,11314,Technical,Medium,9,2
8216,13750,Speed,High,14,2
8217,9522,Technical,Low,20,3
8218,10211,Billing,High,13,4
8219,5853,Network,High,11,5
8220,13240,Login,Low,13,3
8221,2682,Billing,Low,4,4
8222,9523,Speed,Low,11,2
8223,5531,Speed,High,6,3
8224,14439,Technical,High,19,4
8225,712,Refund,High,12,3
8226,4334,Speed,Medium,16,1
8227,14518,Billing,Low,9,1
8228,10186,Billing,Low,19,4
8229,7914,Speed,Low,20,2
8230,10263,Speed,Low,9,5
8231,7875,Login,Low,4,1
8232,9564,Technical,Medium,10,2
8233,14272,Login,High,6,2
8234,683,Login,Medium,1,1
8235,2761,Network,Medium,14,2
8236,2076,Network,High,20,2
8237,13904,Refund,High,9,2
8238,10867,Refund,Medium,6,2
8239,8764,Login,Low,8,2
8240,5656,Technical,High,1,1
8241,11703,Speed,High,15,4
8242,6911,Speed,Low,14,5
8243,6318,Refund,Low,13,5
8244,2339,Login,Medium,20,4
8245,14453,Login,Medium,3,1
8246,2662,Refund,Low,14,3
8247,10851,Network,High,7,4
8248,3269,Login,Medium,2,2
8249,9175,Billing,Medium,9,1
8250,9935,Speed,Low,10,1
8251,10874,Network,Medium,18,3
8252,6109,Technical,Medium,12,2
8253,1161,Login,Medium,15,4
8254,12217,Billing,Low,20,4
8255,7490,Billing,Low,11,5
8256,753,Billing,Medium,12,2
8257,11322,Login,Low,4,1
8258,6088,Billing,Medium,14,2
8259,2071,Technical,High,16,5
8260,6859,Network,Low,6,5
8261,2503,Network,Low,16,1
8262,6512,Network,Medium,5,2
8263,8995,Login,High,4,4
8264,9062,Billing,Medium,10,1
8265,3431,Billing,Low,16,1
8266,5588,Login,High,20,3
8267,14588,Login,Low,2,3
8268,11706,Network,High,7,5
8269,1664,Login,Medium,15,2
8270,214,Billing,Low,6,3
8271,1374,Billing,Low,13,1
8272,206,Speed,Low,2,3
8273,5076,Network,Medium,12,4
8274,13145,Speed,Low,10,3
8275,9862,Speed,High,19,2
8276,2076,Network,Low,17,4
8277,5885,Billing,High,15,3
8278,3975,Technical,Low,10,5
8279,1825,Speed,High,13,5
8280,10953,Refund,Low,1,3
8281,7824,Refund,Medium,8,1
8282,14693,Billing,High,4,3
8283,4008,Refund,Low,18,4
8284,10451,Speed,Medium,15,4
8285,6332,Speed,Low,11,3
8286,13316,Refund,Medium,9,2
8287,1858,Refund,High,7,5
8288,10481,Refund,Medium,17,4
8289,12486,Refund,Low,7,2
8290,5011,Speed,Low,12,5
8291,10540,Technical,Low,5,1
8292,7713,Login,Medium,12,4
8293,9566,Refund,Medium,10,3
8294,1398,Login,High,13,4
8295,10715,Technical,Medium,14,1
8296,11075,Refund,Low,4,3
8297,5902,Refund,Medium,8,3
8298,5236,Speed,Medium,16,5
8299,11349,Speed,High,2,5
8300,4593,Login,Low,17,3
8301,11882,Technical,Medium,14,5
8302,11205,Billing,High,15,5
8303,14742,Speed,Low,18,2
8304,4412,Billing,High,3,1
8305,5622,Refund,Medium,16,3
8306,10116,Network,High,7,4
8307,12894,Login,High,1,2
8308,3772,Refund,High,7,2
8309,11323,Login,Low,1,2
8310,9222,Login,Low,17,3
8311,573,Speed,Low,7,1
8312,806,Speed,Medium,5,2
8313,6426,Speed,Low,2,1
8314,9405,Login,High,12,5
8315,7572,Speed,Medium,6,1
8316,5405,Technical,High,10,5
8317,11867,Billing,Low,2,2
8318,7337,Billing,Medium,6,2
8319,7814,Login,Medium,20,2
8320,2415,Network,Medium,15,2
8321,7133,Billing,Low,16,4
8322,6145,Network,Low,2,1
8323,14054,Network,Low,14,5
8324,8708,Speed,Medium,13,2
8325,13472,Login,Medium,17,5
8326,8990,Network,Low,1,1
8327,308,Technical,Low,17,3
8328,14929,Network,Low,18,1
8329,1093,Network,High,6,5
8330,7569,Refund,Low,9,2
8331,3390,Login,Medium,15,3
8332,5058,Technical,Low,15,2
8333,13562,Technical,Low,16,4
8334,12111,Technical,Low,4,4
8335,9388,Billing,Low,11,5
8336,12522,Technical,High,17,3
8337,14676,Technical,Medium,18,4
8338,10798,Billing,Low,19,3
8339,3280,Network,Low,7,1
8340,8128,Refund,Low,15,5
8341,12016,Technical,Medium,12,2
8342,9433,Login,Low,2,2
8343,10042,Login,Medium,17,4
8344,9374,Refund,Low,18,5
8345,878,Login,Medium,16,4
8346,6065,Refund,Low,20,5
8347,12802,Technical,High,6,5
8348,3630,Login,Low,20,1
8349,11931,Billing,High,13,4
8350,11872,Billing,High,17,3
8351,12574,Technical,High,5,5
8352,8461,Technical,High,6,5
8353,4665,Refund,Low,6,3
8354,12283,Login,Low,20,5
8355,3472,Network,Low,7,4
8356,11371,Login,High,1,4
8357,14112,Login,High,2,3
8358,3933,Billing,High,3,5
8359,9074,Speed,High,11,1
8360,8429,Speed,Medium,1,5
8361,3745,Billing,High,6,1
8362,6596,Login,Low,20,5
8363,8944,Speed,Low,12,3
8364,13423,Billing,High,4,3
8365,401,Technical,High,9,1
8366,6130,Speed,Low,20,4
8367,1590,Refund,Medium,1,5
8368,226,Billing,Medium,19,1
8369,14772,Speed,High,14,4
8370,1244,Technical,Low,5,3
8371,13420,Login,High,20,1
8372,2370,Login,Medium,20,2
8373,13897,Refund,Medium,10,2
8374,1013,Technical,High,16,3
8375,4472,Speed,High,1,2
8376,1837,Technical,High,20,1
8377,10464,Refund,Low,11,5
8378,12604,Network,Low,2,4
8379,918,Login,High,9,4
8380,5916,Refund,High,20,2
8381,12271,Refund,Medium,11,5
8382,4759,Billing,Low,20,4
8383,10762,Refund,Medium,18,4
8384,3564,Speed,Medium,2,4
8385,7716,Speed,High,3,4
8386,2051,Technical,Low,2,1
8387,12689,Network,Low,19,4
8388,8532,Login,Low,11,5
8389,11314,Speed,High,7,3
8390,2692,Speed,Medium,14,4
8391,6139,Billing,High,13,5
8392,10972,Billing,Low,5,4
8393,11389,Login,Medium,15,4
8394,13454,Login,Low,3,3
8395,147,Billing,High,8,4
8396,7786,Login,Low,12,2
8397,2571,Refund,Low,12,1
8398,7241,Speed,Medium,18,4
8399,5550,Network,Medium,2,4
8400,3882,Technical,Low,10,1
8401,1622,Technical,Medium,7,1
8402,13050,Login,Medium,12,5
8403,8770,Login,High,4,4
8404,14809,Login,Medium,17,2
8405,11075,Billing,Medium,1,2
8406,10577,Refund,Medium,8,5
8407,11597,Refund,Low,4,2
8408,5893,Refund,Medium,6,5
8409,14323,Billing,Medium,7,4
8410,4457,Speed,Medium,2,3
8411,6199,Technical,High,15,2
8412,3456,Login,High,2,4
8413,9824,Refund,High,13,4
8414,11868,Technical,Low,16,3
8415,14798,Network,Medium,9,3
8416,9113,Speed,Medium,9,4
8417,3752,Technical,Low,18,3
8418,7203,Billing,High,19,2
8419,2695,Refund,Medium,2,5
8420,7522,Technical,Medium,10,3
8421,6245,Login,Medium,14,3
8422,12901,Login,High,15,4
8423,5070,Speed,High,5,1
8424,9804,Speed,Medium,13,5
8425,9528,Network,Medium,3,3
8426,3295,Technical,Low,6,5
8427,1180,Network,Medium,15,2
8428,7348,Refund,High,19,4
8429,5201,Login,Medium,3,5
8430,2678,Speed,Medium,15,5
8431,5304,Technical,Low,1,3
8432,6479,Speed,High,8,2
8433,11123,Speed,High,3,4
8434,7145,Login,Low,15,5
8435,7635,Technical,High,10,1
8436,6577,Technical,Medium,6,1
8437,9930,Speed,High,6,1
8438,11319,Billing,Medium,7,5
8439,7100,Login,Low,11,5
8440,14163,Network,High,13,4
8441,13608,Refund,High,13,3
8442,2054,Login,High,12,5
8443,7448,Speed,High,19,1
8444,4603,Technical,High,2,2
8445,12399,Speed,High,13,3
8446,11413,Login,Medium,16,1
8447,6790,Network,Medium,9,3
8448,8742,Refund,Medium,14,1
8449,5180,Network,Low,6,5
8450,3245,Billing,Low,13,4
8451,3443,Billing,Low,9,3
8452,5188,Network,Medium,3,5
8453,6188,Billing,High,2,3
8454,9605,Login,Low,17,4
8455,4626,Network,Medium,8,4
8456,7875,Speed,Medium,5,5
8457,7589,Login,High,20,4
8458,6626,Technical,Medium,2,2
8459,6324,Refund,Medium,9,2
8460,1775,Network,Medium,1,2
8461,2872,Technical,Low,19,4
8462,11641,Speed,Low,6,3
8463,3854,Speed,Low,4,3
8464,2214,Technical,Medium,11,1
8465,1449,Billing,Low,9,4
8466,12084,Refund,Low,10,3
8467,2971,Speed,Medium,7,5
8468,14207,Login,Low,15,5
8469,11074,Technical,Medium,6,3
8470,6913,Login,High,13,2
8471,13888,Speed,Low,8,3
8472,2642,Network,Low,8,3
8473,5972,Billing,High,13,4
8474,3412,Login,Medium,5,3
8475,7197,Billing,High,3,2
8476,7217,Technical,High,12,1
8477,3433,Billing,High,6,3
8478,7318,Network,High,7,5
8479,10637,Refund,Medium,20,2
8480,14141,Billing,Medium,10,4
8481,50,Login,Low,4,4
8482,8660,Refund,Low,18,3
8483,7721,Login,Medium,8,2
8484,5177,Network,Low,2,2
8485,9685,Technical,Medium,6,3
8486,2305,Login,Medium,17,2
8487,6153,Network,High,14,5
8488,1347,Speed,Medium,19,1
8489,4175,Technical,Medium,20,1
8490,4817,Technical,Medium,18,2
8491,11716,Speed,High,16,3
8492,10525,Billing,Medium,3,4
8493,1706,Login,Low,20,1
8494,6652,Billing,Low,15,4
8495,2703,Network,Low,6,1
8496,14209,Network,Medium,10,3
8497,12185,Billing,Low,18,3
8498,13181,Login,Low,3,2
8499,12074,Speed,High,3,2
8500,9181,Speed,Medium,20,3
8501,4542,Billing,Medium,14,3
8502,14929,Network,Medium,14,1
8503,4393,Technical,High,5,5
8504,13705,Billing,Low,1,4
8505,6651,Network,Medium,7,2
8506,1280,Speed,Medium,3,2
8507,3751,Network,High,20,3
8508,4333,Speed,Low,5,3
8509,5050,Refund,Low,17,3
8510,7502,Technical,Low,1,5
8511,5306,Refund,Medium,16,3
8512,8961,Technical,High,4,2
8513,6133,Refund,Low,12,1
8514,472,Speed,High,12,2
8515,9193,Speed,Low,1,1
8516,11912,Speed,Medium,6,1
8517,6818,Technical,Low,12,4
8518,13272,Refund,High,11,2
8519,1259,Refund,Medium,4,1
8520,13668,Network,High,19,3
8521,901,Speed,Low,5,3
8522,2931,Technical,Medium,17,2
8523,466,Speed,High,13,2
8524,4428,Network,High,8,1
8525,4463,Speed,High,19,3
8526,13277,Network,High,3,4
8527,8084,Network,Low,2,2
8528,6412,Technical,High,15,2
8529,3909,Network,Low,1,3
8530,12617,Billing,Low,2,2
8531,11652,Speed,Low,17,5
8532,2512,Login,Low,2,5
8533,5771,Technical,High,8,3
8534,10098,Technical,High,11,4
8535,11854,Login,Medium,14,4
8536,8535,Login,Medium,2,3
8537,654,Login,High,3,1
8538,3479,Login,High,13,3
8539,11,Billing,Low,14,3
8540,4785,Login,Medium,2,3
8541,5211,Network,Medium,18,5
8542,1993,Network,Low,15,5
8543,13872,Billing,High,12,3
8544,2379,Network,Medium,17,3
8545,1084,Billing,Low,14,4
8546,228,Speed,Low,4,1
8547,2022,Technical,Medium,10,4
8548,10421,Technical,High,20,4
8549,4402,Speed,High,11,3
8550,9396,Network,Low,15,3
8551,4236,Billing,Medium,1,4
8552,1767,Network,Low,8,3
8553,8434,Technical,High,15,5
8554,10071,Login,Medium,18,4
8555,9862,Refund,Low,11,5
8556,12980,Refund,Low,14,3
8557,4334,Technical,Low,16,3
8558,11284,Speed,Medium,10,3
8559,8911,Billing,High,16,4
8560,9574,Refund,Medium,9,5
8561,13415,Login,Medium,3,4
8562,11667,Technical,Low,3,5
8563,13883,Billing,Low,7,4
8564,5010,Login,High,13,1
8565,3029,Refund,Low,17,4
8566,10128,Billing,High,5,4
8567,2799,Refund,Low,15,3
8568,4665,Speed,Low,13,3
8569,1165,Speed,Low,13,3
8570,4643,Network,Medium,17,2
8571,5475,Billing,Medium,16,3
8572,14259,Refund,Medium,4,5
8573,791,Network,Low,4,5
8574,3440,Speed,High,2,1
8575,11610,Refund,High,6,2
8576,9027,Network,Medium,8,2
8577,7330,Login,High,19,2
8578,8153,Technical,Medium,9,1
8579,1635,Refund,High,1,5
8580,5154,Technical,High,4,2
8581,4699,Network,Medium,8,4
8582,9507,Refund,Low,16,2
8583,13500,Refund,Medium,3,5
8584,4915,Billing,Medium,4,4
8585,3113,Login,Medium,5,2
8586,4117,Refund,Medium,5,5
8587,11977,Network,High,7,5
8588,13089,Network,Low,18,2
8589,13326,Network,Medium,5,3
8590,9083,Technical,High,14,2
8591,12636,Technical,Low,17,4
8592,4406,Login,Medium,5,2
8593,10695,Technical,High,18,1
8594,8058,Network,High,15,4
8595,7045,Network,Medium,8,5
8596,10735,Technical,High,16,1
8597,7895,Refund,High,18,3
8598,5075,Network,Low,7,1
8599,1272,Billing,Low,18,4
8600,5324,Login,Low,15,2
8601,13471,Refund,Medium,1,4
8602,401,Login,Low,7,3
8603,13483,Billing,High,9,3
8604,5643,Technical,High,10,3
8605,12654,Network,High,6,3
8606,2172,Refund,High,15,1
8607,5687,Refund,Low,4,4
8608,5747,Network,Medium,3,3
8609,9379,Login,High,17,4
8610,9381,Technical,High,20,3
8611,9977,Network,Medium,7,2
8612,13947,Technical,Medium,4,2
8613,5811,Speed,High,19,5
8614,10293,Network,High,4,4
8615,11860,Refund,High,12,4
8616,7692,Refund,Low,15,1
8617,8188,Technical,High,8,1
8618,7719,Refund,High,7,1
8619,9258,Login,Medium,1,4
8620,8037,Speed,Low,6,2
8621,5131,Speed,High,18,3
8622,5048,Refund,Low,1,3
8623,2438,Speed,High,1,2
8624,6234,Refund,High,18,3
8625,7,Refund,Low,5,1
8626,5838,Technical,High,5,4
8627,5593,Network,Low,19,5
8628,9260,Login,Medium,9,1
8629,10379,Login,Medium,8,3
8630,3027,Network,Medium,16,3
8631,1345,Network,Medium,10,4
8632,11684,Network,High,11,5
8633,12657,Billing,High,12,2
8634,5657,Login,Medium,19,3
8635,1521,Technical,Medium,1,3
8636,3248,Technical,Medium,8,1
8637,12626,Technical,Medium,6,2
8638,11850,Speed,Medium,3,5
8639,5700,Network,Medium,4,1
8640,255,Speed,High,15,2
8641,2294,Login,Low,3,4
8642,4603,Billing,Medium,5,5
8643,14134,Technical,High,14,4
8644,9080,Billing,Medium,14,5
8645,10850,Technical,High,19,2
8646,6137,Login,Low,12,5
8647,10382,Network,Low,10,4
8648,13614,Network,High,2,5
8649,14349,Technical,High,6,1
8650,14851,Login,Medium,11,2
8651,6064,Refund,Low,17,5
8652,8192,Speed,Low,12,5
8653,13056,Technical,High,3,2
8654,3256,Refund,High,10,2
8655,12565,Login,Low,20,3
8656,7056,Technical,Low,3,5
8657,10871,Billing,Medium,13,2
8658,12539,Billing,Low,15,1
8659,5229,Billing,Medium,16,1
8660,3009,Speed,High,7,4
8661,8977,Refund,Medium,9,3
8662,2459,Speed,Low,6,5
8663,12375,Billing,High,18,3
8664,13235,Network,Medium,13,1
8665,13416,Refund,High,13,4
8666,11821,Login,Medium,9,4
8667,1435,Refund,Medium,16,1
8668,8309,Technical,High,11,2
8669,10846,Login,Low,3,3
8670,946,Speed,High,2,3
8671,10021,Refund,Medium,3,4
8672,9731,Network,Medium,13,4
8673,13296,Billing,Low,17,2
8674,2210,Billing,Medium,8,3
8675,14051,Billing,Low,15,4
8676,12464,Refund,Medium,1,5
8677,14854,Refund,High,18,4
8678,5823,Billing,Medium,6,4
8679,136,Technical,Low,20,4
8680,12655,Speed,Medium,5,1
8681,11706,Network,High,12,5
8682,5067,Login,Low,15,5
8683,2152,Speed,Low,6,4
8684,10702,Technical,Medium,8,5
8685,3493,Refund,Low,3,5
8686,11602,Billing,High,10,3
8687,11261,Billing,High,11,3
8688,6054,Network,High,7,2
8689,8666,Refund,Medium,12,2
8690,3536,Network,Medium,10,5
8691,5256,Login,High,13,3
8692,4484,Technical,Low,14,2
8693,7167,Network,High,9,5
8694,12165,Network,Medium,15,4
8695,14920,Speed,High,18,3
8696,5995,Technical,Medium,11,1
8697,14068,Speed,Low,12,1
8698,3477,Login,Low,9,2
8699,6018,Billing,Medium,1,4
8700,6579,Login,High,14,3
8701,14776,Billing,High,3,3
8702,1444,Refund,Medium,9,3
8703,14151,Billing,High,2,2
8704,12591,Technical,High,19,2
8705,13402,Refund,Low,5,5
8706,1875,Billing,Low,18,2
8707,4070,Login,Medium,12,1
8708,2878,Refund,High,3,2
8709,10817,Refund,High,11,3
8710,14517,Login,Low,11,1
8711,8777,Speed,Low,16,1
8712,8966,Technical,Medium,1,5
8713,14528,Speed,High,3,5
8714,2378,Refund,Medium,20,4
8715,5905,Billing,High,18,4
8716,1379,Refund,Medium,5,3
8717,3014,Technical,Medium,18,5
8718,2870,Speed,Medium,4,1
8719,12876,Network,High,17,5
8720,9120,Refund,Low,5,1
8721,7163,Speed,High,4,5
8722,5739,Speed,Medium,6,2
8723,11866,Refund,Low,5,2
8724,5740,Technical,Low,11,2
8725,602,Refund,Low,1,1
8726,1916,Technical,Medium,4,1
8727,3971,Billing,Low,5,4
8728,265,Refund,Medium,3,4
8729,5885,Speed,Low,8,5
8730,3046,Network,High,20,4
8731,4880,Speed,Medium,4,5
8732,13144,Login,Medium,1,1
8733,10236,Network,Low,4,4
8734,13424,Network,Low,6,4
8735,7839,Speed,Medium,19,1
8736,5440,Refund,Low,7,1
8737,4740,Refund,High,10,1
8738,3225,Billing,Low,1,4
8739,3686,Speed,Medium,19,1
8740,8461,Speed,Medium,18,1
8741,2571,Network,Medium,18,1
8742,14534,Refund,Low,11,1
8743,11145,Refund,Low,15,4
8744,4715,Network,High,18,1
8745,11806,Login,Medium,2,2
8746,10405,Billing,Low,6,5
8747,10872,Technical,Medium,13,5
8748,5158,Technical,Medium,15,4
8749,9267,Speed,Medium,7,5
8750,3509,Speed,High,19,1
8751,14595,Billing,Medium,16,4
8752,6658,Technical,High,7,1
8753,4824,Network,Low,14,1
8754,7026,Technical,Medium,20,1
8755,2014,Login,Low,6,2
8756,8050,Refund,High,10,1
8757,4485,Login,Low,8,3
8758,11774,Login,High,20,1
8759,11755,Speed,Low,13,4
8760,1436,Speed,High,6,4
8761,12202,Technical,Medium,2,5
8762,1008,Speed,High,3,3
8763,3611,Refund,High,3,2
8764,4207,Network,High,7,2
8765,11241,Technical,Low,3,2
8766,5356,Network,Medium,18,2
8767,11445,Speed,High,16,3
8768,9890,Speed,Medium,18,5
8769,11999,Billing,Low,15,4
8770,14408,Speed,Low,4,3
8771,13548,Technical,Low,15,2
8772,4475,Billing,Low,6,3
8773,11403,Login,Low,4,3
8774,6742,Speed,Low,9,5
8775,9267,Refund,Medium,9,1
8776,894,Billing,High,7,3
8777,4256,Network,Low,17,5
8778,8993,Technical,Low,10,2
8779,9907,Technical,Low,9,2
8780,2564,Login,High,11,2
8781,5124,Refund,Medium,17,4
8782,6214,Billing,Medium,11,3
8783,13709,Speed,Medium,7,2
8784,13349,Billing,High,2,1
8785,9712,Login,Medium,8,2
8786,3865,Network,Low,6,2
8787,10000,Technical,High,9,2
8788,5007,Login,High,19,3
8789,9765,Network,High,3,3
8790,6105,Speed,Medium,18,1
8791,5722,Login,High,17,5
8792,8656,Refund,Medium,7,1
8793,631,Speed,Low,19,5
8794,3160,Technical,Medium,16,1
8795,9391,Speed,Medium,8,5
8796,5578,Speed,High,6,2
8797,11004,Billing,Medium,1,5
8798,5603,Billing,Low,1,3
8799,6167,Network,High,14,2
8800,536,Technical,Medium,1,5
8801,9620,Network,Low,15,5
8802,11143,Login,Low,2,2
8803,3954,Billing,Low,18,3
8804,105,Network,Medium,1,2
8805,10384,Login,Low,19,3
8806,8510,Network,High,3,2
8807,12198,Technical,High,7,3
8808,12007,Network,Low,13,5
8809,14975,Network,High,6,4
8810,12725,Login,Medium,10,4
8811,1987,Login,High,19,2
8812,13984,Billing,Low,1,1
8813,2943,Network,Medium,2,3
8814,4173,Technical,Low,8,1
8815,1205,Network,Medium,8,1
8816,12918,Billing,Medium,5,5
8817,4650,Network,Low,6,2
8818,6001,Speed,High,3,4
8819,723,Technical,Low,14,5
8820,14979,Billing,High,13,2
8821,10373,Network,High,11,4
8822,8454,Refund,Low,20,3
8823,13079,Technical,Medium,9,2
8824,2660,Billing,Low,3,4
8825,2674,Speed,High,9,4
8826,1987,Login,High,11,2
8827,4962,Billing,Low,9,2
8828,4376,Login,Low,6,5
8829,4105,Speed,Low,11,4
8830,9771,Refund,Medium,8,4
8831,10207,Technical,Low,10,1
8832,8088,Technical,High,11,2
8833,277,Technical,Medium,19,4
8834,316,Login,Medium,16,2
8835,2865,Login,High,10,4
8836,5061,Refund,High,18,2
8837,8027,Billing,Medium,12,2
8838,9454,Speed,Low,10,1
8839,14046,Billing,Low,14,1
8840,5580,Technical,High,9,4
8841,9385,Network,High,11,4
8842,3275,Network,Low,14,3
8843,12259,Technical,High,8,5
8844,14062,Network,Low,11,2
8845,3198,Technical,High,19,2
8846,3984,Billing,High,20,1
8847,6617,Network,High,20,5
8848,638,Refund,High,4,3
8849,6584,Network,High,11,5
8850,12564,Billing,High,4,3
8851,13174,Billing,Low,13,5
8852,8789,Speed,Medium,17,2
8853,12027,Technical,High,18,2
8854,3658,Refund,Medium,15,2
8855,12256,Login,Medium,14,2
8856,7351,Speed,High,2,1
8857,13358,Billing,High,2,1
8858,5580,Refund,High,14,1
8859,2840,Login,Low,8,4
8860,13720,Network,Low,2,2
8861,12579,Technical,Low,17,1
8862,12840,Refund,Low,11,2
8863,14983,Network,Medium,14,2
8864,1126,Refund,High,1,4
8865,12900,Billing,Low,15,5
8866,12298,Billing,High,5,5
8867,6860,Technical,Low,2,2
8868,8983,Billing,Low,10,2
8869,3645,Technical,High,14,4
8870,4720,Login,High,5,5
8871,1897,Network,Medium,7,4
8872,3890,Billing,Low,4,2
8873,3096,Network,Medium,14,2
8874,345,Technical,Medium,5,4
8875,9682,Network,High,5,5
8876,11086,Refund,Medium,9,5
8877,7871,Login,High,1,4
8878,6503,Billing,Low,12,4
8879,3952,Billing,Low,12,5
8880,7291,Refund,Medium,3,1
8881,9364,Network,High,9,1
8882,4086,Network,High,14,3
8883,9782,Billing,Medium,12,2
8884,334,Network,Low,13,2
8885,4587,Network,Medium,1,5
8886,11325,Login,Low,1,1
8887,9425,Speed,Medium,3,2
8888,1763,Technical,Low,7,3
8889,2433,Technical,Low,9,1
8890,12628,Technical,Medium,2,5
8891,14021,Technical,Low,7,4
8892,7641,Speed,High,9,5
8893,5550,Refund,Medium,2,1
8894,1454,Speed,Medium,9,1
8895,6919,Billing,Medium,1,1
8896,11152,Speed,High,13,2
8897,11609,Billing,High,11,3
8898,12865,Billing,Low,14,1
8899,9931,Login,Medium,19,1
8900,5276,Technical,Low,6,2
8901,7138,Login,High,6,1
8902,10886,Technical,Medium,20,5
8903,3393,Login,High,15,4
8904,6846,Billing,Medium,17,1
8905,14607,Login,Medium,3,3
8906,5479,Network,High,9,5
8907,770,Network,High,17,2
8908,1353,Billing,High,5,2
8909,10563,Billing,High,14,1
8910,59,Technical,Low,12,1
8911,8458,Refund,Medium,20,4
8912,2494,Refund,Low,6,2
8913,1680,Technical,Medium,4,2
8914,8357,Refund,Low,7,2
8915,10917,Network,Low,7,2
8916,14630,Speed,Low,8,4
8917,3222,Login,Medium,2,2
8918,2548,Technical,Medium,15,1
8919,5741,Refund,Medium,13,3
8920,8063,Login,High,4,2
8921,9005,Speed,High,12,1
8922,4935,Network,Low,4,5
8923,3547,Speed,Low,8,4
8924,6704,Billing,Medium,19,4
8925,2563,Login,Medium,11,5
8926,4286,Refund,High,20,5
8927,3379,Billing,Medium,2,2
8928,7714,Speed,Low,11,1
8929,2064,Speed,Medium,3,4
8930,6887,Technical,Medium,6,3
8931,8948,Speed,High,2,4
8932,12333,Billing,Medium,15,4
8933,12229,Speed,Low,12,5
8934,107,Network,Low,19,3
8935,14182,Billing,Medium,9,5
8936,21,Refund,Medium,3,1
8937,11292,Network,Low,17,5
8938,1677,Technical,Low,18,5
8939,9057,Refund,Low,12,4
8940,8385,Refund,High,18,1
8941,2369,Network,Low,4,2
8942,13047,Refund,Low,16,5
8943,1313,Login,Low,19,3
8944,4923,Network,High,1,4
8945,8535,Billing,Medium,3,4
8946,13060,Refund,Low,1,1
8947,4134,Technical,Medium,2,4
8948,10318,Refund,Low,4,4
8949,4906,Billing,Medium,12,3
8950,6371,Technical,High,13,5
8951,5142,Billing,High,17,2
8952,5820,Technical,Medium,16,2
8953,2212,Network,High,6,1
8954,7628,Technical,High,11,3
8955,4153,Login,High,12,5
8956,8334,Speed,Medium,12,1
8957,988,Refund,High,19,1
8958,8087,Billing,High,8,4
8959,7192,Billing,High,16,4
8960,7487,Refund,High,16,1
8961,9478,Speed,Low,3,4
8962,3359,Billing,Low,15,3
8963,1973,Refund,Low,20,2
8964,2791,Login,Low,18,3
8965,2469,Technical,Medium,18,1
8966,3894,Login,Low,17,3
8967,7082,Refund,Medium,19,5
8968,12927,Login,High,4,1
8969,7808,Billing,High,11,5
8970,12619,Login,Low,16,2
8971,1012,Billing,Low,7,5
8972,928,Network,Low,20,1
8973,4842,Technical,Low,12,2
8974,3000,Network,High,3,3
8975,9190,Login,Medium,13,3
8976,14260,Technical,High,16,5
8977,2588,Login,Low,15,5
8978,216,Billing,High,8,3
8979,9249,Technical,Low,20,4
8980,1798,Billing,Medium,4,5
8981,9178,Billing,Medium,14,1
8982,7046,Technical,Low,16,4
8983,10639,Login,High,11,1
8984,14755,Billing,Medium,4,4
8985,11920,Login,High,7,4
8986,6715,Speed,High,6,3
8987,5793,Login,High,20,2
8988,13529,Speed,High,6,4
8989,11366,Login,Medium,19,1
8990,6577,Refund,High,5,4
8991,10052,Speed,High,5,1
8992,12086,Technical,Low,6,3
8993,11273,Technical,High,2,5
8994,14804,Login,High,20,4
8995,1063,Speed,High,5,2
8996,2944,Technical,High,14,4
8997,4763,Technical,Medium,5,3
8998,434,Billing,Low,5,4
8999,6298,Login,High,14,3
9000,627,Network,Medium,14,5
9001,1410,Refund,High,5,5
9002,10912,Billing,Medium,14,5
9003,6871,Speed,Low,10,4
9004,4307,Network,Low,3,1
9005,6494,Billing,Medium,10,3
9006,1875,Billing,High,1,5
9007,8101,Speed,High,16,2
9008,10189,Login,Low,18,4
9009,3717,Network,Low,19,2
9010,14226,Network,Low,2,4
9011,8638,Login,High,9,1
9012,13731,Refund,Low,14,5
9013,530,Speed,Low,15,4
9014,2998,Technical,Medium,3,3
9015,5550,Network,Low,12,1
9016,13064,Refund,Low,2,4
9017,13417,Login,Low,3,1
9018,2543,Billing,Low,17,4
9019,2647,Billing,Medium,5,5
9020,13737,Network,Low,8,2
9021,1503,Refund,Medium,11,1
9022,4322,Network,Medium,10,5
9023,10574,Network,High,16,5
9024,6535,Technical,Medium,8,5
9025,6109,Network,Low,3,1
9026,7799,Login,High,11,3
9027,1863,Network,Low,9,3
9028,2371,Billing,High,4,1
9029,14483,Speed,High,11,5
9030,7013,Technical,Medium,14,5
9031,10869,Technical,High,7,3
9032,2618,Billing,Low,19,5
9033,11456,Login,Low,6,2
9034,11310,Refund,Medium,20,1
9035,14211,Login,Medium,12,5
9036,8628,Refund,Medium,11,4
9037,7403,Billing,High,20,4
9038,14102,Billing,Medium,8,2
9039,11713,Login,High,19,4
9040,7345,Billing,Medium,6,3
9041,8211,Login,Medium,8,5
9042,5951,Network,High,6,4
9043,7172,Speed,Low,11,3
9044,1995,Technical,Medium,3,1
9045,2319,Technical,Medium,4,3
9046,2296,Refund,High,14,4
9047,83,Speed,Low,16,1
9048,10471,Speed,Medium,10,5
9049,8046,Login,High,8,3
9050,2470,Technical,High,10,5
9051,8616,Speed,Low,15,5
9052,1323,Network,Medium,1,4
9053,5773,Technical,Low,8,3
9054,7886,Login,Medium,18,4
9055,9021,Billing,Medium,6,4
9056,12966,Login,Medium,14,4
9057,6124,Billing,Medium,16,2
9058,14921,Technical,Medium,4,1
9059,3743,Technical,Medium,6,5
9060,9880,Refund,High,3,4
9061,10450,Network,Medium,12,4
9062,5185,Speed,Low,11,3
9063,5671,Technical,Medium,19,3
9064,2715,Billing,Low,16,1
9065,6928,Network,Low,7,1
9066,8004,Login,Low,16,4
9067,13691,Technical,Low,15,2
9068,11098,Billing,High,7,1
9069,6364,Network,Medium,3,1
9070,10481,Speed,High,13,5
9071,7317,Network,Low,20,5
9072,6028,Speed,Medium,10,3
9073,6946,Speed,High,16,1
9074,3881,Technical,Medium,1,2
9075,677,Technical,High,17,4
9076,11086,Technical,High,14,4
9077,1472,Technical,Low,2,5
9078,7191,Network,High,6,3
9079,9011,Technical,Low,10,3
9080,3346,Billing,High,18,3
9081,6835,Login,Low,9,1
9082,4927,Technical,High,2,1
9083,10708,Login,Medium,8,2
9084,7701,Billing,Medium,15,4
9085,7963,Network,High,3,4
9086,10084,Network,High,10,3
9087,10168,Login,High,6,5
9088,1005,Network,High,11,3
9089,11866,Network,Medium,18,4
9090,4409,Technical,Medium,20,4
9091,92,Login,Medium,9,5
9092,7709,Login,Medium,9,3
9093,7310,Network,Medium,13,4
9094,855,Billing,Low,18,3
9095,9359,Billing,Medium,13,2
9096,6364,Refund,High,16,2
9097,9060,Login,High,12,4
9098,985,Billing,High,5,2
9099,358,Refund,High,5,5
9100,12372,Technical,Low,15,3
9101,6464,Billing,High,10,4
9102,439,Speed,High,9,2
9103,12060,Speed,High,12,1
9104,3891,Login,Medium,2,4
9105,10266,Login,Low,3,2
9106,1456,Billing,Low,12,1
9107,6154,Login,Medium,6,3
9108,9797,Login,High,17,2
9109,11393,Network,High,6,4
9110,9358,Refund,Medium,6,3
9111,14735,Network,High,12,4
9112,5915,Network,High,19,1
9113,1523,Network,Medium,1,4
9114,1730,Network,Medium,12,2
9115,4302,Billing,High,4,4
9116,6351,Login,High,4,2
9117,966,Login,Medium,16,2
9118,7524,Network,Medium,2,5
9119,2583,Refund,High,14,2
9120,1329,Billing,High,12,5
9121,10275,Billing,Medium,8,3
9122,6555,Refund,High,12,5
9123,10076,Technical,High,1,5
9124,9444,Speed,High,14,1
9125,3224,Speed,Low,2,3
9126,13805,Technical,Low,6,2
9127,2753,Refund,Medium,10,5
9128,4938,Technical,Medium,18,2
9129,4908,Speed,Low,4,2
9130,10525,Billing,High,11,2
9131,11265,Login,Medium,7,4
9132,12349,Technical,Medium,1,3
9133,1210,Refund,Medium,8,2
9134,4148,Technical,High,2,5
9135,8914,Speed,High,12,3
9136,3175,Technical,Low,20,3
9137,10207,Technical,High,20,3
9138,6629,Speed,Low,9,1
9139,14786,Network,Medium,19,5
9140,12538,Billing,High,11,4
9141,1058,Network,High,14,5
9142,6575,Billing,Medium,20,4
9143,11984,Refund,Medium,2,1
9144,3940,Login,High,17,2
9145,824,Refund,Medium,7,2
9146,10830,Technical,Low,19,5
9147,10249,Network,Low,3,4
9148,12027,Speed,High,8,4
9149,11318,Login,Medium,19,5
9150,760,Refund,Medium,1,3
9151,13957,Network,High,3,1
9152,1320,Technical,High,15,2
9153,9588,Speed,High,3,2
9154,8634,Login,Low,15,2
9155,11819,Login,High,9,5
9156,14502,Speed,Medium,19,5
9157,8923,Billing,Low,2,4
9158,2654,Billing,Low,14,4
9159,5077,Technical,Low,7,5
9160,7129,Network,Low,2,2
9161,669,Login,Low,16,1
9162,12412,Billing,Low,18,1
9163,10738,Network,Low,9,1
9164,11966,Network,High,1,5
9165,11623,Network,High,5,1
9166,11076,Technical,Medium,12,2
9167,1893,Login,High,7,5
9168,14665,Refund,Low,1,3
9169,12484,Speed,Low,11,3
9170,10025,Speed,Low,8,5
9171,489,Billing,High,7,5
9172,8656,Billing,Medium,11,4
9173,1565,Technical,Medium,16,3
9174,12520,Login,Low,19,3
9175,11974,Refund,High,7,1
9176,7738,Refund,Low,19,5
9177,3172,Refund,Low,7,5
9178,9618,Login,High,14,3
9179,3978,Technical,Low,11,4
9180,7558,Network,High,16,5
9181,1426,Technical,Medium,18,4
9182,10827,Billing,Medium,16,3
9183,10592,Refund,High,5,5
9184,9072,Technical,Medium,20,3
9185,10521,Login,High,3,2
9186,342,Speed,High,10,1
9187,14703,Login,High,19,5
9188,6263,Refund,Medium,14,3
9189,1866,Network,High,4,2
9190,6535,Speed,High,3,3
9191,12269,Login,Low,10,3
9192,448,Network,Medium,3,5
9193,1192,Network,Low,20,2
9194,8656,Network,Medium,17,1
9195,2535,Billing,Low,8,3
9196,11933,Billing,Medium,15,4
9197,3948,Network,Medium,4,2
9198,12679,Network,High,8,4
9199,5735,Billing,Medium,10,3
9200,4935,Billing,High,3,5
9201,9866,Billing,High,5,2
9202,2371,Login,High,20,1
9203,5225,Refund,Low,14,2
9204,9048,Speed,Medium,16,1
9205,4633,Refund,High,19,4
9206,614,Network,Low,8,3
9207,2969,Speed,High,17,1
9208,9814,Network,Low,12,1
9209,9923,Speed,Medium,15,5
9210,12949,Speed,Low,9,1
9211,11168,Speed,High,7,3
9212,5904,Billing,Medium,8,2
9213,9694,Technical,Low,8,2
9214,10696,Login,Medium,15,4
9215,11230,Network,High,20,1
9216,13499,Network,High,11,4
9217,5703,Network,Medium,19,5
9218,14347,Technical,Low,1,5
9219,14115,Speed,High,1,3
9220,13754,Refund,High,19,3
9221,689,Speed,High,7,3
9222,5266,Billing,Medium,17,1
9223,10124,Refund,Low,3,1
9224,11723,Billing,Low,7,3
9225,12758,Network,Medium,2,2
9226,9471,Refund,High,14,3
9227,7367,Network,Low,6,5
9228,3345,Login,Medium,5,2
9229,6989,Technical,Low,6,3
9230,8971,Billing,Low,11,1
9231,14722,Login,High,1,4
9232,10659,Login,Low,20,3
9233,10351,Technical,Medium,12,1
9234,6328,Refund,High,5,2
9235,1360,Refund,Medium,8,4
9236,9991,Network,Medium,10,3
9237,9097,Billing,Low,14,2
9238,12924,Technical,Low,1,4
9239,1430,Login,Medium,13,3
9240,5968,Login,Low,9,2
9241,2635,Refund,High,3,5
9242,6605,Speed,Low,16,4
9243,3527,Refund,Low,16,2
9244,14227,Login,Medium,13,4
9245,4533,Technical,Medium,14,5
9246,3066,Login,Medium,2,4
9247,14362,Speed,Medium,15,2
9248,13662,Login,Medium,9,3
9249,382,Technical,High,14,2
9250,12871,Billing,High,20,3
9251,1132,Technical,Low,2,2
9252,3748,Login,High,1,1
9253,8775,Login,Low,7,4
9254,14905,Login,High,8,4
9255,7675,Technical,Low,6,2
9256,11158,Technical,Low,1,2
9257,3788,Speed,Low,2,1
9258,13121,Speed,Medium,5,5
9259,1252,Refund,Low,14,3
9260,2024,Technical,Low,18,4
9261,4813,Network,High,9,4
9262,307,Refund,High,7,1
9263,7688,Billing,Medium,5,1
9264,6642,Refund,High,14,1
9265,7453,Login,High,11,2
9266,12849,Billing,Medium,11,5
9267,10212,Refund,High,15,3
9268,4083,Speed,Medium,6,5
9269,2233,Refund,High,20,2
9270,10784,Technical,High,20,2
9271,4067,Network,High,7,2
9272,14862,Technical,High,10,4
9273,9365,Login,High,5,2
9274,10515,Login,Low,18,3
9275,2164,Refund,Medium,8,4
9276,13254,Login,Medium,2,5
9277,4743,Technical,Medium,12,5
9278,7210,Speed,High,10,1
9279,341,Refund,Medium,17,4
9280,7288,Login,Low,5,5
9281,6803,Technical,Medium,15,2
9282,1815,Login,High,15,3
9283,6768,Speed,Medium,4,4
9284,9318,Speed,High,6,3
9285,12503,Refund,High,19,5
9286,3494,Billing,Medium,2,2
9287,9800,Network,Low,19,1
9288,5354,Billing,Medium,19,3
9289,4784,Refund,High,5,1
9290,6996,Technical,Medium,2,4
9291,452,Technical,Low,12,1
9292,3183,Login,High,12,3
9293,7580,Login,Medium,17,3
9294,6899,Login,Low,12,2
9295,14284,Login,Low,13,4
9296,7227,Login,Low,18,5
9297,13688,Speed,Low,3,2
9298,1595,Billing,Medium,2,2
9299,8738,Speed,Low,13,1
9300,11354,Billing,High,16,1
9301,6914,Login,Low,2,3
9302,12761,Billing,Medium,12,1
9303,2122,Technical,Low,18,3
9304,274,Billing,High,13,1
9305,11072,Network,Medium,12,2
9306,2247,Speed,High,16,1
9307,7908,Billing,High,9,4
9308,1952,Speed,High,1,3
9309,10803,Login,Medium,8,4
9310,4457,Billing,High,4,2
9311,5616,Technical,High,7,2
9312,2901,Technical,Medium,19,2
9313,1917,Login,Low,11,1
9314,13842,Technical,High,13,1
9315,8927,Refund,Low,10,5
9316,8847,Technical,Low,3,5
9317,6204,Technical,Medium,2,2
9318,12416,Technical,Low,14,2
9319,9267,Billing,Medium,15,2
9320,1448,Network,Medium,2,3
9321,9678,Billing,Medium,18,2
9322,8485,Refund,Medium,11,1
9323,2715,Billing,High,7,2
9324,2495,Speed,Medium,6,4
9325,10936,Login,Medium,14,4
9326,5744,Speed,Low,6,2
9327,14219,Billing,High,3,4
9328,11169,Technical,High,20,5
9329,2664,Technical,High,11,2
9330,14464,Speed,Medium,17,4
9331,13087,Technical,Low,16,2
9332,10431,Billing,Medium,4,3
9333,14022,Billing,Low,14,1
9334,6289,Billing,Medium,6,1
9335,12392,Refund,High,2,2
9336,13517,Speed,High,17,4
9337,2643,Refund,High,5,3
9338,12523,Refund,High,8,5
9339,11469,Login,High,18,2
9340,9949,Network,Medium,9,3
9341,12160,Network,Medium,10,2
9342,621,Technical,Low,9,1
9343,14508,Refund,Medium,17,5
9344,3762,Speed,Medium,17,5
9345,8795,Refund,Low,18,5
9346,3824,Refund,Low,2,4
9347,13605,Speed,High,9,5
9348,11052,Refund,Medium,7,1
9349,9026,Billing,Low,3,3
9350,12427,Speed,Low,4,2
9351,5119,Login,High,5,4
9352,9181,Network,High,8,2
9353,8527,Speed,Medium,7,1
9354,6118,Refund,Medium,6,3
9355,36,Technical,Medium,7,2
9356,14724,Refund,High,7,1
9357,14409,Speed,Medium,10,1
9358,13209,Network,Low,17,3
9359,14902,Network,High,5,5
9360,10069,Billing,High,1,5
9361,1671,Billing,Low,15,1
9362,10069,Login,High,14,2
9363,14042,Billing,Medium,2,1
9364,13687,Billing,Medium,3,2
9365,3942,Login,Low,18,1
9366,10835,Technical,Medium,19,3
9367,12947,Refund,High,5,4
9368,9419,Network,High,6,1
9369,13600,Network,High,5,4
9370,9173,Billing,High,9,2
9371,8337,Speed,High,1,3
9372,7535,Login,Low,20,5
9373,13525,Speed,High,6,1
9374,12210,Billing,High,11,1
9375,5012,Speed,Medium,9,4
9376,14203,Refund,Low,20,2
9377,10954,Technical,Low,13,4
9378,6405,Billing,Low,14,3
9379,12222,Technical,Medium,5,4
9380,1930,Technical,Low,4,2
9381,8883,Speed,Low,13,5
9382,13557,Technical,Low,1,2
9383,240,Login,Low,4,2
9384,7705,Billing,Low,17,5
9385,1231,Network,Medium,9,3
9386,6577,Technical,Medium,5,5
9387,12722,Refund,Medium,4,1
9388,14065,Network,Low,2,3
9389,7549,Network,Medium,17,4
9390,8205,Refund,Medium,7,4
9391,9149,Technical,High,11,2
9392,2595,Billing,Medium,1,1
9393,4320,Billing,Medium,9,5
9394,7525,Refund,Medium,17,5
9395,13840,Technical,Low,1,3
9396,5415,Speed,High,9,2
9397,2377,Login,Medium,12,5
9398,13885,Login,High,4,1
9399,353,Technical,Medium,16,3
9400,4708,Login,High,13,3
9401,14932,Network,Low,15,5
9402,5413,Technical,High,7,2
9403,8096,Technical,Medium,5,5
9404,9108,Refund,Medium,8,3
9405,7348,Refund,Low,12,4
9406,1213,Refund,Medium,3,4
9407,10596,Speed,Medium,7,1
9408,7769,Speed,Low,7,4
9409,6143,Billing,High,15,4
9410,9595,Billing,Medium,17,1
9411,766,Login,Low,10,4
9412,2634,Billing,Low,3,2
9413,7439,Technical,Low,16,1
9414,540,Technical,High,16,3
9415,5162,Network,Medium,9,2
9416,4880,Refund,Medium,10,2
9417,9753,Network,High,12,1
9418,11832,Login,Low,9,3
9419,1916,Technical,Low,2,1
9420,5320,Speed,Medium,15,2
9421,6900,Refund,Low,10,5
9422,12181,Login,Medium,11,4
9423,8896,Refund,Medium,1,2
9424,14860,Login,Low,16,1
9425,119,Login,Low,5,4
9426,1545,Network,Medium,2,4
9427,12615,Speed,Medium,18,5
9428,6048,Technical,Medium,7,1
9429,2029,Speed,Medium,15,3
9430,11863,Refund,Low,15,1
9431,13812,Refund,High,3,4
9432,12800,Refund,Medium,19,4
9433,3111,Login,High,8,2
9434,12145,Technical,Medium,15,5
9435,14837,Login,Low,19,2
9436,13111,Refund,Low,16,2
9437,10554,Refund,Low,14,4
9438,11084,Refund,Low,14,2
9439,6406,Login,High,14,4
9440,11749,Technical,Low,11,5
9441,11928,Speed,Low,8,5
9442,8466,Refund,Medium,6,3
9443,11265,Speed,High,14,3
9444,8331,Network,Medium,17,4
9445,2434,Billing,Low,8,3
9446,10497,Speed,High,4,2
9447,1702,Network,Low,3,4
9448,14819,Technical,High,15,1
9449,4463,Speed,Low,12,3
9450,7153,Billing,High,16,1
9451,6851,Speed,Medium,2,5
9452,3762,Billing,Medium,6,1
9453,13438,Network,Low,16,2
9454,11046,Billing,Medium,9,2
9455,2939,Refund,Medium,3,5
9456,11325,Login,Low,4,1
9457,7096,Network,Medium,17,1
9458,14146,Billing,Medium,13,1
9459,3135,Technical,Medium,8,1
9460,10051,Billing,Medium,10,1
9461,13155,Refund,High,2,5
9462,2200,Login,Low,7,3
9463,2461,Network,Low,4,2
9464,7073,Refund,High,5,1
9465,12836,Login,Medium,2,1
9466,10797,Billing,Low,6,1
9467,13360,Login,Low,11,2
9468,8163,Billing,Medium,16,2
9469,1306,Network,Low,17,3
9470,12572,Billing,High,4,3
9471,6652,Network,High,11,4
9472,1529,Network,Low,1,2
9473,14739,Billing,High,8,2
9474,13084,Speed,Medium,19,2
9475,3571,Speed,Medium,10,5
9476,8815,Speed,High,9,1
9477,4062,Refund,Low,14,3
9478,5001,Speed,Medium,20,4
9479,3301,Network,Medium,9,3
9480,4512,Network,High,1,1
9481,1700,Billing,Medium,7,2
9482,14276,Refund,Low,8,4
9483,3417,Billing,Medium,6,5
9484,3950,Billing,Medium,19,3
9485,7995,Refund,High,13,4
9486,3269,Network,Low,16,5
9487,10427,Speed,Medium,12,4
9488,262,Login,High,8,1
9489,13548,Login,High,7,2
9490,14397,Network,Low,17,5
9491,6181,Refund,Medium,5,1
9492,3734,Speed,Low,1,4
9493,13422,Login,Low,3,4
9494,707,Login,High,7,4
9495,1375,Login,Low,13,1
9496,10264,Refund,High,16,1
9497,13773,Network,High,13,4
9498,1678,Login,High,20,2
9499,2490,Speed,High,13,2
9500,6958,Login,Low,5,1
9501,3214,Network,High,5,4
9502,4779,Network,Medium,1,2
9503,5406,Speed,High,8,3
9504,1611,Network,Medium,8,1
9505,503,Refund,Low,9,5
9506,5981,Billing,Medium,18,1
9507,13597,Speed,Low,14,5
9508,10911,Network,Low,4,1
9509,11807,Refund,Low,2,4
9510,3487,Refund,Medium,5,2
9511,13785,Technical,Medium,7,4
9512,8414,Login,High,19,5
9513,13063,Login,Medium,20,2
9514,12839,Refund,Medium,9,1
9515,5994,Technical,Medium,7,4
9516,6786,Speed,Low,2,1
9517,2250,Refund,Low,13,1
9518,5438,Billing,High,16,5
9519,12190,Login,Medium,3,4
9520,1340,Network,High,2,3
9521,13750,Login,Low,14,1
9522,12475,Network,High,16,2
9523,7890,Speed,High,19,3
9524,196,Speed,Low,15,4
9525,13827,Technical,Low,20,4
9526,7284,Network,Medium,6,5
9527,8130,Login,High,17,2
9528,12112,Billing,Low,17,1
9529,11849,Technical,High,19,4
9530,12027,Technical,Low,2,2
9531,9777,Network,Low,13,4
9532,8543,Billing,High,13,2
9533,8676,Technical,Medium,11,5
9534,6218,Billing,Low,15,4
9535,7753,Refund,Medium,1,1
9536,5696,Speed,High,20,4
9537,2240,Speed,High,2,3
9538,8394,Network,Medium,17,5
9539,14092,Login,Medium,15,1
9540,11357,Speed,Low,18,4
9541,6655,Login,Medium,19,3
9542,6528,Billing,High,4,3
9543,9857,Speed,High,17,2
9544,3771,Network,High,11,5
9545,9386,Refund,Low,12,1
9546,4349,Refund,Low,9,5
9547,2878,Billing,Medium,4,1
9548,5122,Billing,High,3,4
9549,65,Login,High,3,4
9550,3081,Speed,High,8,2
9551,13324,Technical,Low,17,4
9552,7117,Technical,Medium,9,4
9553,5138,Billing,Medium,6,2
9554,3390,Technical,Medium,13,4
9555,11138,Technical,Medium,9,5
9556,10819,Technical,Medium,4,4
9557,6139,Refund,Low,2,2
9558,2740,Network,Low,19,3
9559,2299,Network,Medium,5,1
9560,3098,Technical,Medium,15,5
9561,5372,Billing,Medium,14,1
9562,11669,Network,Medium,8,4
9563,12597,Speed,Medium,20,5
9564,530,Billing,Low,14,4
9565,12590,Login,Low,19,2
9566,7451,Billing,Low,4,1
9567,8929,Billing,High,15,1
9568,5837,Login,High,19,5
9569,7199,Login,Low,3,5
9570,5651,Speed,Low,5,5
9571,9724,Technical,Medium,12,3
9572,2183,Refund,Medium,17,2
9573,2297,Speed,High,1,5
9574,11151,Technical,Low,2,5
9575,12758,Refund,High,16,1
9576,9635,Login,Medium,20,4
9577,9625,Speed,Medium,15,5
9578,6686,Technical,High,1,2
9579,6804,Technical,High,9,5
9580,5942,Refund,Low,4,2
9581,410,Refund,High,3,4
9582,13477,Refund,High,6,5
9583,37,Technical,High,11,4
9584,11589,Billing,Low,18,4
9585,14929,Technical,High,18,1
9586,12819,Billing,Low,10,4
9587,8823,Login,High,17,1
9588,379,Network,High,11,3
9589,14854,Technical,Low,1,2
9590,10639,Network,Low,13,3
9591,5102,Technical,Medium,16,3
9592,10536,Speed,Medium,16,2
9593,12503,Network,High,5,5
9594,4421,Network,Low,14,5
9595,13377,Billing,Low,14,4
9596,7497,Billing,Low,2,5
9597,6431,Network,Low,8,5
9598,3050,Billing,Low,4,2
9599,12659,Login,Medium,17,3
9600,5787,Network,Low,15,5
9601,2598,Refund,Low,10,2
9602,10192,Technical,Medium,6,2
9603,5,Billing,Low,10,3
9604,5562,Login,High,2,4
9605,310,Refund,Medium,5,3
9606,8738,Refund,High,15,3
9607,4836,Billing,Low,7,3
9608,4109,Billing,Medium,17,1
9609,492,Billing,Medium,12,5
9610,13098,Network,Medium,17,5
9611,2706,Technical,Low,13,1
9612,8174,Speed,Medium,8,2
9613,2585,Network,Low,13,2
9614,8425,Billing,Low,8,2
9615,8232,Speed,High,8,2
9616,7317,Refund,Medium,2,1
9617,11191,Refund,High,16,4
9618,12506,Billing,High,7,2
9619,11079,Billing,Low,8,2
9620,391,Login,High,7,5
9621,11272,Login,High,1,2
9622,8594,Technical,Medium,2,1
9623,299,Billing,Low,16,3
9624,4704,Technical,Low,10,2
9625,6753,Technical,High,18,4
9626,12663,Speed,High,11,3
9627,5256,Speed,Low,9,4
9628,215,Technical,High,1,5
9629,10274,Technical,Medium,14,2
9630,10154,Speed,High,10,2
9631,4722,Technical,Low,7,5
9632,11627,Network,Low,1,5
9633,13219,Billing,Low,7,1
9634,12687,Technical,Medium,15,3
9635,6818,Network,High,4,3
9636,4835,Refund,Low,16,2
9637,4371,Technical,High,5,5
9638,4827,Network,Medium,20,4
9639,7668,Refund,High,8,4
9640,3041,Technical,Low,20,2
9641,5400,Login,High,15,5
9642,4478,Login,Low,9,3
9643,12811,Billing,Low,15,1
9644,851,Refund,Medium,16,2
9645,12396,Billing,Medium,2,2
9646,8486,Billing,Low,19,3
9647,2028,Technical,High,1,2
9648,3376,Technical,High,6,4
9649,12134,Technical,Low,4,3
9650,11722,Login,Medium,11,5
9651,1734,Login,Medium,13,5
9652,8361,Speed,Medium,7,2
9653,5185,Billing,Medium,20,3
9654,730,Speed,High,2,2
9655,12745,Billing,Medium,14,2
9656,8092,Login,Low,16,5
9657,2548,Speed,High,12,3
9658,5165,Refund,High,20,2
9659,12427,Refund,Low,1,3
9660,6814,Billing,Medium,17,1
9661,5754,Refund,High,12,4
9662,7722,Network,Low,5,2
9663,6607,Speed,High,18,5
9664,1129,Technical,High,17,5
9665,8871,Speed,Low,4,2
9666,12154,Login,High,12,1
9667,600,Login,High,14,2
9668,2726,Refund,Medium,10,4
9669,6542,Billing,Low,8,5
9670,5415,Technical,High,5,4
9671,10266,Speed,Low,13,1
9672,648,Billing,High,10,4
9673,6372,Speed,Medium,2,2
9674,13647,Technical,High,4,5
9675,13244,Billing,Low,14,1
9676,11358,Billing,High,1,3
9677,9818,Login,Medium,16,1
9678,14930,Network,High,13,4
9679,4498,Refund,Medium,1,1
9680,8860,Technical,High,1,5
9681,6465,Refund,Medium,2,2
9682,8416,Billing,Low,19,5
9683,2740,Billing,High,7,1
9684,6935,Technical,High,13,4
9685,14107,Billing,Low,12,3
9686,2897,Network,Low,17,3
9687,14824,Refund,Medium,5,5
9688,9047,Refund,High,5,3
9689,11787,Refund,High,11,3
9690,1162,Network,High,16,3
9691,3957,Billing,Low,17,2
9692,14306,Network,Medium,14,3
9693,6253,Network,Low,15,2
9694,9965,Login,Low,19,2
9695,476,Technical,Low,15,5
9696,13021,Billing,Medium,15,1
9697,1432,Speed,Low,3,5
9698,1548,Technical,Medium,4,5
9699,11567,Billing,Medium,13,4
9700,8245,Login,High,16,5
9701,13214,Technical,Low,11,5
9702,10231,Login,Low,19,2
9703,1436,Network,Low,15,3
9704,10972,Technical,High,14,4
9705,5488,Billing,Low,2,3
9706,8635,Refund,High,5,1
9707,12000,Refund,Medium,11,4
9708,8703,Refund,Medium,16,1
9709,1986,Technical,Medium,13,1
9710,3851,Speed,Medium,3,4
9711,5437,Network,Medium,13,5
9712,5492,Technical,Medium,12,3
9713,11686,Login,High,11,4
9714,2746,Speed,Medium,2,1
9715,3698,Login,High,8,4
9716,2560,Login,Low,12,2
9717,9605,Billing,Low,7,2
9718,6322,Refund,Medium,6,3
9719,10735,Refund,Medium,5,5
9720,3745,Speed,Low,10,5
9721,9508,Login,Low,14,4
9722,13250,Technical,High,19,4
9723,10317,Login,Medium,4,1
9724,8068,Network,Low,3,2
9725,7610,Billing,Low,10,5
9726,12320,Network,Low,8,4
9727,866,Technical,High,11,2
9728,1230,Technical,Medium,16,1
9729,735,Network,High,17,1
9730,9065,Refund,Medium,10,4
9731,9813,Network,Low,20,2
9732,5322,Speed,Medium,17,4
9733,2537,Refund,Medium,13,4
9734,7306,Billing,Medium,3,2
9735,13922,Speed,High,16,5
9736,3773,Network,Low,4,2
9737,2693,Login,High,2,1
9738,5799,Network,Medium,13,1
9739,14846,Refund,High,5,4
9740,14508,Speed,High,10,5
9741,12490,Speed,Low,20,1
9742,11914,Technical,High,11,1
9743,2365,Billing,Medium,8,1
9744,2178,Billing,Low,9,2
9745,3214,Technical,Low,18,4
9746,14471,Technical,Low,12,2
9747,2407,Login,Low,17,1
9748,13107,Login,Low,18,1
9749,13270,Refund,High,2,2
9750,643,Speed,High,12,3
9751,4772,Billing,Medium,17,1
9752,12663,Technical,High,19,3
9753,3733,Speed,High,20,4
9754,5094,Login,Medium,8,5
9755,8861,Refund,High,15,2
9756,11068,Speed,Low,14,1
9757,10567,Login,Medium,13,1
9758,7818,Technical,High,14,5
9759,1494,Technical,Low,11,1
9760,11661,Refund,High,14,1
9761,12822,Speed,Medium,18,2
9762,10805,Speed,High,3,4
9763,3584,Network,Medium,3,3
9764,9933,Speed,High,5,4
9765,7054,Refund,Medium,8,5
9766,13573,Network,Low,16,1
9767,2601,Technical,Low,5,5
9768,12586,Billing,Medium,5,3
9769,5368,Billing,High,18,2
9770,3519,Billing,High,13,5
9771,9074,Login,Medium,20,1
9772,13973,Speed,High,6,3
9773,7909,Login,Medium,12,1
9774,5307,Login,High,17,3
9775,1212,Refund,High,11,3
9776,8565,Technical,Medium,20,4
9777,1488,Login,Medium,10,2
9778,2501,Speed,Medium,14,1
9779,14481,Network,Low,11,1
9780,14618,Billing,High,15,5
9781,776,Speed,High,14,3
9782,1021,Login,Medium,16,5
9783,2714,Technical,Medium,10,5
9784,7659,Speed,High,19,1
9785,6647,Speed,Medium,16,5
9786,8699,Refund,High,8,2
9787,9361,Network,Medium,13,3
9788,5582,Refund,Low,9,5
9789,13605,Technical,Medium,17,4
9790,14050,Login,Low,18,5
9791,3411,Technical,Low,15,4
9792,14995,Speed,High,17,1
9793,2121,Billing,Medium,10,5
9794,14681,Billing,Low,17,4
9795,245,Refund,High,12,4
9796,2548,Login,Low,5,1
9797,2292,Login,Medium,5,1
9798,175,Login,Low,3,4
9799,2327,Refund,High,13,4
9800,11136,Network,Medium,8,5
9801,12542,Technical,Medium,19,5
9802,3605,Refund,Medium,1,4
9803,12804,Refund,Low,8,2
9804,613,Speed,Low,10,2
9805,7406,Speed,High,19,3
9806,5402,Billing,Medium,12,4
9807,2267,Network,Low,15,4
9808,9473,Billing,Low,20,2
9809,8330,Refund,High,15,2
9810,11565,Refund,High,18,4
9811,7446,Refund,Medium,18,4
9812,3216,Billing,Low,5,5
9813,1791,Login,Medium,8,1
9814,7170,Technical,Low,10,3
9815,9942,Billing,Medium,7,3
9816,3282,Billing,Medium,15,5
9817,14325,Technical,High,9,3
9818,14333,Speed,High,1,1
9819,10285,Technical,Medium,5,4
9820,1624,Network,Low,4,1
9821,12009,Speed,High,7,4
9822,3064,Login,Low,1,3
9823,12288,Technical,Low,10,5
9824,1734,Technical,Low,12,1
9825,7460,Network,Medium,9,4
9826,10375,Refund,Low,2,3
9827,9201,Speed,High,10,5
9828,6273,Refund,High,16,4
9829,12147,Technical,Medium,14,1
9830,3844,Refund,Medium,11,1
9831,14735,Network,High,20,1
9832,11328,Technical,Low,9,5
9833,12356,Billing,High,3,4
9834,2272,Technical,High,13,1
9835,5554,Refund,Medium,9,1
9836,8747,Technical,Low,20,5
9837,8907,Billing,Medium,11,3
9838,8657,Speed,Low,7,5
9839,714,Login,Medium,13,5
9840,14443,Network,High,2,4
9841,9116,Network,Low,5,5
9842,1183,Login,Low,2,2
9843,2749,Refund,High,11,4
9844,9852,Technical,Medium,14,2
9845,10678,Login,High,14,4
9846,13586,Network,Medium,3,2
9847,11723,Network,High,2,4
9848,10554,Login,High,4,4
9849,11053,Login,Medium,18,3
9850,11256,Billing,Medium,13,1
9851,7359,Refund,Medium,15,2
9852,12960,Refund,Medium,20,3
9853,1490,Network,High,6,3
9854,14792,Billing,Low,13,4
9855,13997,Technical,Low,7,5
9856,4617,Refund,Medium,12,1
9857,13844,Billing,High,8,3
9858,2183,Refund,Medium,18,2
9859,7830,Billing,Medium,9,5
9860,14901,Refund,Low,7,2
9861,9016,Technical,Medium,18,5
9862,7678,Login,Low,2,1
9863,6103,Network,Low,15,2
9864,12704,Speed,High,9,1
9865,6111,Network,Medium,15,5
9866,12240,Billing,Medium,18,2
9867,12462,Network,Low,3,5
9868,1776,Speed,Medium,6,2
9869,1254,Speed,Medium,4,2
9870,12606,Login,Medium,9,1
9871,5544,Network,Low,2,2
9872,7947,Technical,High,14,2
9873,12589,Login,High,11,4
9874,9816,Technical,Medium,11,5
9875,7891,Network,Low,7,2
9876,2136,Network,Low,13,1
9877,11457,Refund,Low,17,2
9878,31,Login,Low,12,4
9879,8684,Billing,Medium,12,2
9880,3424,Speed,Low,12,2
9881,13162,Speed,Low,12,2
9882,7507,Technical,High,6,2
9883,5297,Technical,Low,4,3
9884,9010,Speed,High,15,2
9885,2601,Technical,Medium,17,1
9886,4822,Refund,Low,18,4
9887,9052,Login,High,9,2
9888,8635,Network,Medium,1,2
9889,1689,Refund,Medium,16,2
9890,2951,Refund,Low,14,2
9891,6114,Technical,High,15,1
9892,13296,Network,Low,2,3
9893,7314,Refund,Low,16,2
9894,7038,Network,High,8,5
9895,9329,Technical,Low,5,5
9896,1099,Speed,Low,14,2
9897,8042,Speed,High,7,2
9898,4597,Technical,High,9,4
9899,976,Speed,High,10,3
9900,8783,Network,High,3,1
9901,2290,Speed,Medium,3,5
9902,13777,Login,Low,11,3
9903,7246,Login,Medium,13,2
9904,5545,Refund,High,3,1
9905,7246,Refund,Medium,16,3
9906,8315,Login,Medium,7,4
9907,13362,Login,High,11,3
9908,6777,Refund,Medium,16,3
9909,10239,Speed,High,5,4
9910,11572,Refund,Low,15,2
9911,13222,Network,High,1,4
9912,5760,Login,Low,4,5
9913,12504,Speed,Low,17,4
9914,4269,Login,High,13,1
9915,9491,Login,Medium,1,2
9916,11067,Billing,Medium,8,2
9917,5057,Login,High,15,1
9918,10153,Login,Medium,19,5
9919,8433,Network,High,1,5
9920,8626,Network,High,9,3
9921,12225,Network,High,16,3
9922,14567,Billing,Medium,8,5
9923,7682,Network,High,2,1
9924,14887,Technical,High,17,2
9925,12209,Billing,Low,4,4
9926,3211,Network,High,15,5
9927,13008,Network,Medium,12,2
9928,5099,Refund,High,6,5
9929,7780,Network,Low,15,1
9930,3337,Login,Medium,9,3
9931,13811,Billing,Medium,1,1
9932,8230,Network,High,11,4
9933,11058,Billing,High,1,4
9934,10319,Refund,Low,5,1
9935,9343,Login,Low,18,3
9936,9995,Login,Medium,13,1
9937,14020,Network,Medium,16,4
9938,6400,Speed,Medium,8,2
9939,13180,Network,Medium,1,5
9940,649,Speed,Medium,19,4
9941,2318,Speed,Low,19,3
9942,5912,Network,Medium,18,5
9943,13248,Speed,Medium,16,1
9944,535,Refund,Medium,5,5
9945,756,Billing,Low,4,4
9946,7978,Billing,High,12,5
9947,10788,Login,High,16,2
9948,13076,Speed,High,16,1
9949,14028,Login,Low,10,2
9950,12976,Refund,High,12,5
9951,14022,Technical,Medium,8,5
9952,14245,Refund,Medium,18,3
9953,12947,Billing,Low,11,1
9954,983,Technical,Medium,9,5
9955,3938,Login,Medium,1,5
9956,9671,Network,High,18,3
9957,4949,Billing,Low,3,2
9958,88,Network,Medium,6,3
9959,13779,Speed,Medium,17,2
9960,7041,Network,High,10,4
9961,833,Technical,High,2,5
9962,4905,Refund,Medium,2,3
9963,11149,Billing,Medium,18,2
9964,4903,Technical,Low,7,4
9965,11634,Speed,High,3,4
9966,4200,Speed,High,10,3
9967,836,Refund,Low,6,4
9968,1739,Speed,High,3,5
9969,5274,Network,Medium,5,5
9970,5698,Network,Medium,6,2
9971,8647,Speed,High,2,5
9972,5097,Technical,Low,8,5
9973,13133,Refund,Low,4,2
9974,13876,Billing,Medium,4,1
9975,1175,Network,Low,1,2
9976,6862,Refund,Medium,5,5
9977,9657,Network,Low,12,4
9978,2947,Speed,Low,3,2
9979,2491,Login,Low,4,4
9980,13220,Login,High,1,3
9981,10975,Billing,Low,1,5
9982,14204,Technical,Medium,12,3
9983,3083,Network,Low,9,4
9984,525,Technical,Low,12,1
9985,11619,Login,Low,10,4
9986,1783,Technical,High,13,4
9987,12706,Technical,Low,9,2
9988,11086,Billing,High,8,1
9989,9338,Login,Low,10,5
9990,14215,Technical,High,16,1
9991,13099,Technical,Low,17,1
9992,5447,Login,Medium,3,2
9993,9110,Network,High,18,1
9994,6650,Login,Medium,2,2
9995,6169,Login,Medium,10,2
9996,5036,Speed,Medium,8,3
9997,14475,Speed,High,6,4
9998,14659,Billing,High,16,4
9999,10521,Login,Medium,20,5
10000,12047,Speed,High,9,5
10001,9862,Technical,Low,9,3
10002,4604,Refund,Medium,13,1
10003,4445,Speed,Medium,9,1
10004,640,Speed,Low,9,2
10005,796,Network,High,11,5
10006,2332,Login,High,13,1
10007,4098,Billing,Low,11,5
10008,14336,Technical,High,6,5
10009,11690,Network,High,19,1
10010,11795,Network,High,9,5
10011,220,Network,High,15,5
10012,3388,Speed,High,6,1
10013,12920,Technical,Medium,16,5
10014,14205,Technical,Medium,15,4
10015,7947,Refund,Medium,14,5
10016,3027,Billing,Medium,6,2
10017,6447,Speed,High,19,1
10018,2449,Speed,Medium,1,4
10019,13684,Technical,Low,19,5
10020,9326,Refund,Low,4,4
10021,2732,Technical,Low,20,1
10022,4339,Network,Medium,7,3
10023,4194,Login,High,2,2
10024,5827,Login,Low,2,1
10025,9206,Technical,High,18,2
10026,764,Network,High,19,4
10027,4121,Login,Medium,2,5
10028,11344,Billing,High,13,1
10029,6475,Login,High,15,5
10030,6041,Technical,Low,2,5
10031,3171,Login,Medium,1,5
10032,12993,Network,Low,9,2
10033,771,Network,Low,10,1
10034,2641,Login,High,15,3
10035,11771,Refund,Low,16,4
10036,4797,Login,Medium,6,1
10037,14677,Technical,High,6,2
10038,9662,Login,Low,3,3
10039,3639,Speed,Medium,1,1
10040,13132,Network,Low,19,4
10041,8361,Refund,Medium,7,1
10042,13183,Refund,High,3,4
10043,14701,Login,Low,17,5
10044,8218,Login,High,7,3
10045,2666,Login,Medium,10,1
10046,14774,Speed,High,8,5
10047,8085,Login,High,13,2
10048,2331,Billing,High,18,1
10049,14788,Speed,High,4,5
10050,11829,Technical,High,18,4
10051,6658,Technical,Medium,14,2
10052,12348,Refund,Low,2,1
10053,13129,Login,Medium,10,5
10054,6666,Technical,Low,8,5
10055,1967,Refund,Low,15,1
10056,12068,Billing,Medium,16,5
10057,11836,Login,Low,4,3
10058,13200,Refund,High,15,1
10059,6543,Network,Low,10,1
10060,735,Technical,Medium,19,3
10061,11029,Refund,Low,19,4
10062,789,Refund,High,7,2
10063,7681,Speed,Low,18,2
10064,2007,Refund,Medium,17,4
10065,9278,Speed,Medium,18,3
10066,4559,Technical,High,17,1
10067,6382,Login,High,1,3
10068,14931,Network,Medium,20,1
10069,6013,Login,Medium,4,4
10070,2881,Network,Low,1,3
10071,14602,Technical,Medium,3,4
10072,1338,Speed,Medium,5,3
10073,14684,Speed,High,16,1
10074,5337,Login,Medium,16,4
10075,2428,Refund,Medium,9,1
10076,8531,Billing,Low,7,3
10077,12731,Login,High,6,1
10078,10579,Speed,Medium,10,2
10079,1711,Network,Low,6,3
10080,7981,Refund,High,6,4
10081,921,Speed,Low,6,3
10082,7814,Speed,High,5,1
10083,8168,Speed,Low,2,5
10084,12222,Technical,Medium,14,5
10085,4334,Login,High,6,1
10086,5967,Login,Low,10,1
10087,12123,Network,Low,4,5
10088,11844,Speed,Medium,7,3
10089,10397,Login,Low,5,1
10090,12321,Billing,High,6,3
10091,12414,Technical,Low,4,1
10092,13630,Technical,Low,12,3
10093,14456,Technical,High,14,3
10094,685,Billing,Low,15,4
10095,6773,Billing,Medium,9,2
10096,2362,Refund,High,13,3
10097,3613,Technical,Low,1,1
10098,5780,Billing,Medium,7,1
10099,12828,Billing,High,16,2
10100,7346,Billing,High,13,1
10101,8255,Refund,Medium,19,5
10102,8079,Billing,Low,12,1
10103,641,Billing,Medium,4,1
10104,14531,Billing,Medium,8,2
10105,12030,Speed,Medium,7,1
10106,8003,Network,Low,1,3
10107,2445,Billing,Low,5,2
10108,10377,Network,Medium,4,5
10109,8116,Speed,Low,18,2
10110,10938,Network,High,17,5
10111,8485,Login,Low,4,2
10112,6184,Refund,Low,8,1
10113,7063,Network,High,2,2
10114,7148,Login,High,16,2
10115,1936,Speed,Medium,6,4
10116,11593,Billing,Medium,6,3
10117,990,Refund,Low,9,2
10118,13199,Network,High,17,3
10119,8087,Billing,High,14,5
10120,6650,Login,Medium,6,1
10121,6050,Login,High,4,4
10122,562,Technical,Medium,16,5
10123,2731,Refund,Low,6,4
10124,8066,Technical,High,3,2
10125,2270,Technical,Medium,13,5
10126,9722,Network,Low,14,3
10127,13758,Technical,Medium,16,1
10128,8363,Technical,Low,3,5
10129,14873,Login,High,14,5
10130,12807,Technical,Low,18,4
10131,14600,Billing,High,17,5
10132,3087,Technical,High,19,3
10133,10760,Login,Low,16,3
10134,3697,Network,Medium,10,3
10135,1734,Speed,Medium,4,1
10136,3589,Billing,High,1,2
10137,2813,Technical,Low,18,2
10138,10624,Network,Low,17,4
10139,13893,Refund,Low,6,3
10140,7786,Speed,High,11,4
10141,10094,Speed,High,4,2
10142,3954,Technical,Medium,12,3
10143,2860,Refund,Low,4,3
10144,4062,Billing,Low,10,4
10145,4073,Technical,Low,9,4
10146,5132,Technical,Medium,14,4
10147,1044,Refund,Low,18,4
10148,1020,Billing,High,5,2
10149,10631,Technical,High,2,3
10150,942,Refund,High,1,4
10151,10340,Billing,Low,9,1
10152,4870,Speed,High,19,2
10153,6091,Network,High,8,4
10154,8449,Technical,Low,10,4
10155,14219,Refund,Medium,9,4
10156,13187,Technical,Medium,3,4
10157,8355,Technical,Medium,4,1
10158,10542,Billing,Medium,20,3
10159,2931,Technical,Low,1,2
10160,8120,Billing,High,18,2
10161,9642,Technical,Medium,5,4
10162,7657,Login,Low,5,2
10163,8439,Login,Medium,19,4
10164,6407,Technical,Medium,4,4
10165,8265,Technical,Low,6,3
10166,14596,Network,Low,8,1
10167,3765,Refund,High,9,5
10168,86,Refund,High,11,4
10169,12493,Speed,High,3,5
10170,11025,Network,Low,3,5
10171,8219,Billing,Low,7,5
10172,4095,Login,Medium,10,5
10173,4395,Technical,Low,1,2
10174,8614,Login,Low,1,1
10175,22,Login,Low,19,2
10176,8125,Speed,High,2,5
10177,6570,Billing,High,14,1
10178,495,Speed,Medium,5,4
10179,10844,Login,Low,8,4
10180,5115,Refund,Low,10,5
10181,4866,Network,Medium,17,5
10182,12796,Technical,Medium,14,2
10183,14553,Billing,High,8,3
10184,7298,Speed,High,1,4
10185,8164,Refund,High,5,5
10186,6868,Refund,Low,2,4
10187,9631,Billing,High,16,1
10188,12070,Login,High,18,1
10189,767,Network,Medium,16,4
10190,4130,Billing,Low,2,3
10191,7991,Speed,Low,20,5
10192,14393,Technical,High,16,5
10193,10503,Network,Medium,3,1
10194,13351,Network,Low,4,4
10195,6230,Billing,Medium,9,3
10196,12384,Network,High,1,2
10197,13171,Billing,Low,18,3
10198,6932,Network,Medium,6,1
10199,1607,Speed,Medium,15,4
10200,13972,Refund,Low,9,3
10201,10294,Technical,Medium,15,5
10202,13103,Refund,High,19,1
10203,8781,Speed,Low,12,4
10204,6065,Billing,Medium,8,2
10205,13752,Login,Medium,11,5
10206,12220,Speed,High,15,3
10207,2260,Technical,High,14,2
10208,1205,Refund,Medium,3,3
10209,2169,Refund,High,4,5
10210,11185,Refund,High,20,1
10211,9897,Speed,High,20,4
10212,9696,Billing,Low,17,3
10213,683,Speed,Medium,18,4
10214,3811,Refund,Medium,12,4
10215,14831,Technical,High,20,1
10216,3347,Technical,High,20,2
10217,9580,Network,High,6,2
10218,2633,Login,High,19,4
10219,6788,Billing,High,2,5
10220,14363,Login,Medium,3,4
10221,3037,Refund,High,13,1
10222,7803,Speed,Low,5,4
10223,12242,Technical,High,3,2
10224,10725,Network,Medium,20,2
10225,11953,Refund,Medium,15,1
10226,2424,Refund,Low,12,1
10227,14618,Technical,High,6,2
10228,14117,Refund,Medium,9,4
10229,13325,Technical,Medium,9,5
10230,13798,Technical,Low,18,3
10231,2525,Refund,Medium,17,3
10232,10756,Network,High,20,5
10233,2499,Technical,Low,6,1
10234,13087,Billing,Low,19,3
10235,14475,Network,Medium,2,1
10236,11744,Technical,Medium,18,3
10237,9039,Login,High,8,1
10238,12468,Network,Medium,5,1
10239,6983,Refund,Medium,14,5
10240,2581,Network,Medium,7,3
10241,290,Speed,Medium,11,3
10242,10078,Billing,Medium,9,4
10243,10289,Speed,Medium,14,1
10244,7842,Login,Medium,4,3
10245,6632,Network,Medium,10,3
10246,5201,Network,Medium,17,3
10247,7413,Technical,Low,17,3
10248,889,Network,High,6,1
10249,13172,Technical,High,5,1
10250,6649,Billing,High,13,4
10251,8120,Speed,Low,17,1
10252,4021,Technical,Low,10,5
10253,7112,Refund,High,20,3
10254,12307,Billing,Medium,13,5
10255,8470,Network,Low,12,2
10256,8895,Network,High,10,3
10257,7064,Login,High,16,3
10258,7670,Refund,Medium,5,1
10259,7172,Technical,High,1,3
10260,13163,Technical,High,6,2
10261,6763,Billing,Medium,3,2
10262,4532,Speed,Medium,7,4
10263,10453,Billing,Low,4,3
10264,4376,Refund,Medium,13,5
10265,3745,Speed,High,15,2
10266,4817,Login,High,9,3
10267,7776,Login,Medium,2,1
10268,10291,Refund,Low,10,4
10269,8788,Speed,High,20,4
10270,2840,Refund,Medium,2,4
10271,720,Network,Medium,10,4
10272,2680,Login,High,7,4
10273,13829,Technical,Low,13,4
10274,8393,Network,Low,7,3
10275,13259,Speed,Low,6,3
10276,11786,Login,Medium,13,4
10277,3191,Technical,High,3,4
10278,10025,Technical,High,15,4
10279,9332,Login,High,1,2
10280,7598,Login,High,7,3
10281,12383,Network,Medium,16,5
10282,9599,Technical,Low,10,1
10283,3183,Speed,Low,5,3
10284,7354,Speed,High,7,1
10285,3943,Billing,High,7,1
10286,386,Speed,Low,5,3
10287,2726,Technical,Medium,1,3
10288,3431,Speed,High,7,2
10289,9188,Refund,Low,2,2
10290,13731,Speed,High,2,4
10291,14053,Technical,Medium,16,5
10292,1836,Speed,High,19,4
10293,3697,Speed,High,17,2
10294,8605,Network,Low,12,2
10295,8831,Billing,High,13,1
10296,2602,Billing,Low,19,4
10297,2713,Technical,High,6,5
10298,14743,Billing,High,12,3
10299,9289,Billing,Medium,5,5
10300,10542,Speed,High,4,1
10301,4674,Login,Low,1,5
10302,5102,Network,High,2,4
10303,12266,Network,High,9,3
10304,14812,Network,Medium,18,1
10305,14357,Refund,Medium,6,4
10306,3622,Refund,Medium,7,1
10307,7022,Billing,High,4,3
10308,3788,Speed,High,19,5
10309,10239,Network,Medium,5,2
10310,716,Technical,Medium,10,2
10311,4317,Refund,High,3,3
10312,4972,Speed,High,18,4
10313,3170,Network,High,12,5
10314,12610,Network,High,1,1
10315,8174,Login,Low,5,1
10316,12530,Technical,Medium,15,2
10317,15,Technical,Medium,6,4
10318,11541,Refund,High,1,3
10319,10161,Refund,High,10,1
10320,11834,Technical,High,2,2
10321,253,Technical,High,7,5
10322,11883,Network,High,14,4
10323,13706,Login,High,9,1
10324,12290,Login,High,2,1
10325,12822,Network,High,13,4
10326,12764,Login,Low,11,3
10327,11396,Technical,High,19,4
10328,6430,Login,High,13,1
10329,5205,Refund,High,3,3
10330,2382,Speed,High,4,2
10331,7865,Login,High,9,3
10332,2774,Refund,Low,10,3
10333,14034,Login,Low,4,1
10334,6356,Speed,Medium,9,5
10335,13472,Technical,High,14,5
10336,9708,Refund,High,2,4
10337,12139,Technical,Medium,3,3
10338,14786,Network,Medium,1,3
10339,2075,Billing,High,8,3
10340,2193,Speed,High,13,4
10341,14223,Technical,Medium,2,5
10342,8189,Network,Medium,15,2
10343,12339,Billing,Low,8,4
10344,4454,Speed,Low,11,2
10345,12995,Technical,High,5,2
10346,308,Refund,Medium,18,5
10347,8128,Technical,Medium,9,2
10348,12529,Speed,Medium,6,1
10349,6114,Technical,Low,19,2
10350,12327,Refund,Medium,20,1
10351,8703,Login,Medium,6,2
10352,11494,Billing,Low,16,4
10353,11940,Refund,High,14,2
10354,7972,Speed,High,3,2
10355,13964,Speed,High,17,3
10356,11652,Network,High,20,3
10357,1803,Speed,Medium,20,5
10358,12270,Login,Medium,12,2
10359,8880,Billing,High,5,3
10360,1938,Speed,High,1,3
10361,4223,Billing,High,13,3
10362,6888,Network,High,13,5
10363,3983,Speed,Low,16,2
10364,10285,Technical,Medium,8,2
10365,10130,Billing,Medium,10,5
10366,6632,Network,High,19,4
10367,10814,Billing,High,20,5
10368,12165,Speed,High,9,1
10369,5865,Network,Medium,6,4
10370,9270,Speed,High,13,3
10371,5651,Network,High,2,1
10372,2131,Speed,Medium,8,2
10373,4016,Login,Low,2,3
10374,8556,Network,High,12,3
10375,5976,Refund,High,16,1
10376,13073,Refund,High,12,4
10377,12663,Billing,Medium,12,4
10378,10879,Login,Low,16,5
10379,7924,Technical,Medium,17,2
10380,2348,Network,Low,12,2
10381,1196,Network,Low,5,2
10382,8957,Billing,High,18,1
10383,9874,Refund,Medium,1,2
10384,8382,Network,Low,7,2
10385,9014,Network,Low,20,3
10386,8084,Speed,High,17,4
10387,13573,Login,High,20,1
10388,13871,Network,Medium,9,5
10389,2430,Refund,Medium,5,1
10390,9082,Billing,High,14,3
10391,2804,Login,Low,7,2
10392,10640,Billing,Medium,16,2
10393,4247,Technical,High,16,3
10394,6617,Network,Medium,5,5
10395,3237,Technical,High,5,2
10396,8207,Network,Low,16,5
10397,269,Technical,High,9,3
10398,7010,Billing,Medium,4,5
10399,10737,Speed,High,18,2
10400,3307,Technical,Medium,6,3
10401,2407,Technical,Medium,19,5
10402,13958,Network,Medium,10,1
10403,3778,Login,Low,18,4
10404,2803,Refund,Medium,17,5
10405,11547,Network,High,2,4
10406,5941,Technical,Medium,2,2
10407,11899,Speed,Low,20,1
10408,14301,Network,High,16,2
10409,1724,Refund,Medium,16,3
10410,635,Network,Medium,14,5
10411,6900,Refund,Medium,12,2
10412,14051,Technical,Medium,1,4
10413,12182,Refund,Low,10,2
10414,4139,Refund,Medium,5,2
10415,12743,Technical,High,16,2
10416,10627,Login,High,7,5
10417,10598,Speed,Medium,4,4
10418,14667,Technical,High,12,4
10419,8267,Billing,Low,11,1
10420,12906,Billing,Medium,2,5
10421,9372,Technical,Low,5,2
10422,13109,Login,Medium,4,5
10423,14759,Technical,Medium,16,4
10424,5506,Network,Low,10,3
10425,5197,Refund,High,5,3
10426,8117,Network,High,3,3
10427,13712,Speed,Medium,19,4
10428,6100,Technical,Low,5,1
10429,14275,Technical,High,6,5
10430,8750,Refund,High,15,2
10431,9166,Technical,High,1,2
10432,4294,Network,High,12,4
10433,7468,Technical,Medium,20,4
10434,12005,Technical,Low,20,2
10435,4777,Technical,High,15,1
10436,12753,Billing,High,13,3
10437,6800,Speed,Low,19,2
10438,12737,Refund,Medium,17,3
10439,2682,Billing,Low,8,2
10440,9126,Billing,Low,10,4
10441,7444,Refund,High,9,1
10442,644,Speed,Low,1,4
10443,1156,Technical,High,19,5
10444,669,Speed,Medium,15,4
10445,436,Login,High,6,1
10446,11113,Refund,High,8,2
10447,6872,Technical,Medium,16,3
10448,9721,Speed,Medium,7,4
10449,10263,Login,Medium,4,2
10450,7395,Refund,Low,10,2
10451,10123,Network,Medium,3,3
10452,11846,Speed,Medium,1,5
10453,13498,Login,Medium,11,1
10454,12317,Network,Medium,11,5
10455,11875,Billing,Low,12,1
10456,8708,Billing,High,10,1
10457,3678,Login,Medium,7,2
10458,6107,Speed,Low,9,5
10459,12494,Network,High,11,5
10460,8362,Billing,Low,1,2
10461,13473,Speed,Low,5,3
10462,7744,Technical,High,11,1
10463,7055,Billing,Medium,17,2
10464,6239,Speed,Medium,20,3
10465,7323,Network,Medium,9,4
10466,3535,Speed,Low,5,4
10467,13050,Refund,Medium,13,2
10468,4564,Network,Low,18,3
10469,8184,Login,High,1,5
10470,12604,Billing,Low,2,4
10471,11051,Refund,High,15,2
10472,8546,Network,Medium,3,4
10473,737,Network,Medium,8,1
10474,14752,Network,Medium,14,4
10475,5142,Speed,High,6,4
10476,8564,Technical,Medium,8,5
10477,3720,Login,Medium,11,1
10478,5232,Technical,Medium,18,3
10479,1191,Billing,High,2,4
10480,3298,Login,Medium,12,3
10481,13580,Speed,Low,16,2
10482,12159,Login,High,18,1
10483,12364,Network,Low,9,3
10484,4415,Speed,Low,8,3
10485,4555,Technical,High,3,3
10486,3276,Refund,Medium,20,1
10487,1958,Technical,Medium,3,1
10488,14106,Billing,Medium,11,5
10489,6155,Login,Low,9,5
10490,11558,Login,High,12,5
10491,3952,Login,High,1,2
10492,13566,Network,Medium,16,2
10493,10619,Billing,Medium,7,5
10494,5028,Login,High,5,5
10495,12357,Billing,Low,2,4
10496,4349,Refund,High,20,4
10497,9202,Login,High,16,3
10498,3179,Technical,Medium,19,1
10499,9685,Login,High,7,1
10500,297,Technical,Medium,20,4
10501,6867,Refund,Low,11,1
10502,10999,Network,Medium,7,3
10503,7489,Refund,Medium,13,3
10504,3518,Network,Low,20,5
10505,11,Network,Medium,12,2
10506,142,Refund,Low,8,3
10507,12334,Technical,Low,11,4
10508,746,Login,Medium,5,3
10509,13414,Billing,Low,11,3
10510,986,Billing,Low,18,3
10511,5178,Refund,Medium,17,5
10512,14194,Network,Medium,4,4
10513,2279,Login,Low,3,5
10514,8802,Login,Low,6,4
10515,6353,Speed,Low,15,2
10516,5113,Billing,Low,1,3
10517,12651,Speed,High,14,3
10518,11651,Refund,Medium,6,3
10519,4477,Network,High,6,1
10520,664,Refund,High,10,1
10521,13521,Billing,High,14,3
10522,8029,Billing,Low,3,4
10523,3220,Refund,High,6,4
10524,3058,Technical,High,18,4
10525,14703,Speed,High,6,4
10526,6216,Speed,Low,1,1
10527,3531,Billing,Medium,18,1
10528,7682,Network,Medium,9,1
10529,8423,Speed,High,8,2
10530,3250,Login,High,9,2
10531,3431,Speed,High,6,1
10532,13990,Technical,Medium,10,4
10533,6747,Speed,High,17,5
10534,3317,Login,Low,3,5
10535,11200,Refund,High,7,2
10536,1429,Refund,High,18,1
10537,14865,Speed,High,20,5
10538,1368,Billing,High,7,2
10539,4822,Billing,Low,1,4
10540,5348,Speed,Medium,4,2
10541,323,Login,High,17,5
10542,9522,Speed,High,1,2
10543,3234,Speed,Low,20,5
10544,970,Technical,Medium,2,4
10545,2399,Network,Low,18,1
10546,5248,Network,High,10,2
10547,9152,Refund,Medium,18,1
10548,14958,Speed,Medium,10,1
10549,4437,Refund,High,10,2
10550,7580,Login,Low,4,4
10551,4508,Network,Medium,12,5
10552,14632,Billing,Medium,2,1
10553,3003,Technical,Low,17,3
10554,7130,Refund,Medium,16,4
10555,8940,Network,Medium,20,1
10556,4742,Refund,High,8,4
10557,14495,Speed,High,12,3
10558,7716,Billing,High,4,1
10559,14841,Network,Low,7,2
10560,10640,Network,Low,14,4
10561,2500,Refund,Low,19,1
10562,4118,Billing,Medium,19,3
10563,6345,Technical,Medium,8,5
10564,10389,Technical,High,12,3
10565,8201,Network,Low,10,1
10566,13720,Speed,Low,10,2
10567,7716,Speed,Low,14,3
10568,14388,Speed,High,6,1
10569,5790,Network,Low,17,4
10570,8298,Technical,Medium,18,1
10571,1266,Refund,Medium,7,2
10572,345,Billing,Low,13,5
10573,9725,Speed,High,4,4
10574,5898,Technical,Low,11,2
10575,2977,Billing,Low,12,4
10576,735,Billing,Medium,20,2
10577,7491,Login,Medium,6,4
10578,8875,Login,High,12,2
10579,251,Network,Medium,3,5
10580,1162,Refund,Low,14,2
10581,396,Technical,Medium,17,4
10582,2493,Billing,Low,11,5
10583,1562,Billing,Low,7,3
10584,4036,Technical,High,7,4
10585,7585,Billing,High,17,4
10586,11694,Network,Medium,20,2
10587,7051,Speed,Medium,6,1
10588,1666,Login,Medium,2,5
10589,14315,Login,Medium,6,4
10590,1749,Billing,Medium,14,5
10591,14037,Speed,Medium,6,3
10592,8567,Network,Medium,5,2
10593,4814,Network,Low,10,5
10594,10347,Billing,Medium,13,2
10595,3427,Network,High,2,3
10596,3996,Network,High,13,3
10597,4619,Network,High,15,5
10598,14527,Refund,High,7,5
10599,7066,Network,Medium,12,2
10600,627,Billing,High,3,3
10601,7312,Technical,Low,3,2
10602,1661,Technical,High,17,1
10603,1438,Technical,High,17,4
10604,5295,Technical,High,13,4
10605,7507,Technical,High,2,4
10606,10344,Speed,High,16,3
10607,712,Login,Medium,10,1
10608,2683,Technical,Medium,17,3
10609,9255,Network,Medium,14,3
10610,4943,Speed,High,12,3
10611,2066,Network,Low,5,3
10612,4223,Network,Low,19,5
10613,5351,Technical,Medium,16,1
10614,9687,Speed,Low,17,3
10615,8755,Billing,High,7,3
10616,11206,Refund,Medium,18,1
10617,10108,Speed,High,8,5
10618,5887,Login,Low,9,4
10619,13682,Billing,High,20,5
10620,6810,Network,Medium,14,5
10621,5735,Login,Medium,10,3
10622,3198,Refund,High,16,5
10623,1732,Technical,Low,7,4
10624,12062,Login,Low,5,1
10625,3228,Refund,Medium,3,5
10626,9866,Technical,Medium,6,5
10627,6477,Refund,Low,7,1
10628,11069,Speed,Low,10,3
10629,12738,Refund,Low,15,1
10630,5377,Billing,High,8,3
10631,3953,Refund,Medium,14,5
10632,9667,Refund,Low,2,2
10633,7333,Technical,Medium,20,2
10634,4171,Refund,Low,14,1
10635,8013,Technical,Low,1,5
10636,4304,Technical,High,16,4
10637,7211,Network,High,8,4
10638,9621,Login,Medium,11,4
10639,6422,Network,Medium,18,2
10640,12232,Technical,Low,10,1
10641,98,Billing,Low,12,1
10642,5596,Billing,Medium,9,3
10643,14450,Billing,Low,9,5
10644,1879,Refund,Low,5,4
10645,14922,Network,Medium,17,1
10646,10301,Login,Medium,2,4
10647,10504,Billing,Low,11,2
10648,14788,Technical,High,2,5
10649,2255,Billing,High,18,1
10650,171,Billing,High,3,2
10651,12577,Speed,High,1,4
10652,12871,Refund,Medium,16,4
10653,14562,Login,High,10,3
10654,14414,Login,Medium,15,3
10655,2381,Login,High,2,3
10656,7751,Network,Medium,9,1
10657,3030,Billing,Low,2,1
10658,7648,Billing,Low,16,5
10659,12077,Speed,Medium,9,3
10660,5844,Refund,High,13,3
10661,12699,Refund,Medium,11,2
10662,858,Login,Low,13,5
10663,2731,Speed,High,11,4
10664,4116,Speed,Medium,18,2
10665,1737,Refund,Low,1,1
10666,9948,Billing,Medium,4,3
10667,300,Technical,Low,11,2
10668,3078,Billing,Medium,15,1
10669,11130,Billing,Medium,14,2
10670,13280,Speed,Low,6,4
10671,13638,Refund,High,4,3
10672,12553,Technical,Medium,19,5
10673,5905,Network,High,11,4
10674,8137,Billing,High,9,1
10675,8061,Login,High,20,1
10676,10864,Login,Medium,3,4
10677,9640,Speed,Medium,7,4
10678,887,Technical,Low,7,4
10679,7945,Network,High,17,4
10680,11405,Technical,High,15,1
10681,13030,Refund,Medium,9,1
10682,12781,Refund,Medium,11,1
10683,10361,Billing,High,3,4
10684,6363,Technical,Low,18,2
10685,356,Refund,High,8,1
10686,12857,Speed,Medium,6,1
10687,8631,Refund,High,19,3
10688,9673,Network,High,7,1
10689,8390,Technical,High,9,1
10690,11869,Refund,Low,10,4
10691,9300,Speed,Medium,7,4
10692,6362,Network,Low,17,5
10693,10944,Billing,Medium,13,5
10694,985,Login,High,8,2
10695,5084,Login,Low,16,1
10696,5966,Network,Low,4,5
10697,1922,Login,High,7,4
10698,6889,Refund,Low,4,5
10699,10194,Login,High,17,1
10700,3134,Technical,Medium,18,4
10701,2291,Login,Medium,15,3
10702,5233,Refund,Medium,14,2
10703,14574,Billing,Low,15,3
10704,796,Billing,Low,15,2
10705,13025,Speed,Medium,13,1
10706,3628,Login,Medium,8,1
10707,6731,Billing,Medium,3,4
10708,10674,Network,Low,8,2
10709,6415,Login,High,1,3
10710,2260,Billing,High,17,1
10711,5893,Refund,Medium,13,5
10712,10347,Network,Medium,15,3
10713,2945,Speed,Low,5,2
10714,1412,Network,Medium,5,1
10715,12761,Speed,Low,9,4
10716,5262,Technical,Medium,6,5
10717,4702,Login,High,1,4
10718,6933,Speed,Low,11,4
10719,6326,Technical,Low,5,4
10720,14265,Speed,Medium,8,1
10721,7096,Technical,Low,1,3
10722,853,Billing,High,12,1
10723,11504,Refund,Medium,1,1
10724,12372,Login,Low,13,4
10725,14258,Speed,Low,8,5
10726,1568,Refund,High,11,1
10727,5522,Speed,High,7,4
10728,3354,Refund,High,16,3
10729,501,Network,High,14,5
10730,6307,Speed,Medium,4,4
10731,14309,Login,High,11,4
10732,7643,Billing,Low,1,2
10733,3915,Technical,High,18,3
10734,9807,Technical,High,12,2
10735,12861,Technical,High,6,3
10736,465,Billing,Low,7,1
10737,1974,Login,High,13,4
10738,14561,Network,Medium,14,1
10739,8340,Refund,High,18,4
10740,1353,Technical,Low,6,2
10741,14224,Login,Low,15,4
10742,5199,Network,Low,14,4
10743,3892,Technical,High,4,3
10744,10781,Billing,Low,14,5
10745,4081,Technical,Low,8,1
10746,1189,Network,High,18,5
10747,13929,Technical,Medium,19,1
10748,14699,Billing,High,6,4
10749,5658,Refund,Low,20,3
10750,10568,Speed,High,15,1
10751,4404,Speed,High,17,1
10752,9140,Technical,Medium,12,1
10753,13936,Billing,Low,13,4
10754,10093,Technical,High,14,1
10755,1206,Speed,High,6,4
10756,2707,Network,Low,3,4
10757,1506,Billing,High,12,5
10758,11331,Billing,Medium,3,3
10759,1329,Speed,Medium,18,4
10760,493,Network,Medium,3,2
10761,14583,Refund,Low,13,1
10762,3771,Refund,Medium,11,1
10763,4240,Billing,Medium,20,4
10764,12748,Refund,Medium,14,2
10765,9463,Login,Low,10,4
10766,13558,Login,Low,19,1
10767,1867,Speed,High,14,2
10768,713,Network,Medium,12,3
10769,5309,Technical,Medium,15,1
10770,10501,Billing,Low,3,3
10771,9648,Network,Medium,1,3
10772,8736,Speed,High,12,3
10773,9145,Refund,Medium,11,1
10774,13708,Login,Low,7,3
10775,8932,Login,Medium,8,5
10776,14091,Refund,Low,5,1
10777,8241,Network,Low,16,4
10778,9677,Speed,High,12,4
10779,5912,Billing,High,6,5
10780,5819,Login,Medium,16,3
10781,4386,Billing,High,4,3
10782,12857,Billing,High,5,2
10783,9876,Refund,Medium,20,3
10784,421,Speed,High,14,1
10785,479,Login,Medium,8,5
10786,5444,Refund,High,12,4
10787,6103,Login,High,13,5
10788,9874,Speed,Medium,15,1
10789,11909,Billing,Low,18,1
10790,12053,Billing,Low,12,2
10791,1221,Network,Medium,14,3
10792,7425,Technical,High,4,4
10793,2191,Login,Low,15,2
10794,8774,Billing,High,17,5
10795,5122,Billing,High,17,5
10796,10990,Login,Low,4,1
10797,8064,Login,High,13,1
10798,9870,Login,Medium,8,4
10799,9796,Network,Medium,8,4
10800,7567,Billing,Medium,18,4
10801,8192,Login,Low,16,5
10802,227,Login,Medium,14,3
10803,6329,Refund,Low,16,3
10804,236,Refund,Medium,14,2
10805,7879,Technical,Low,10,4
10806,12532,Billing,Low,16,1
10807,2222,Network,Low,2,1
10808,13129,Network,High,18,3
10809,11020,Refund,High,1,5
10810,7224,Refund,High,11,5
10811,7316,Refund,Low,6,3
10812,5145,Speed,Medium,9,4
10813,7657,Billing,Medium,2,4
10814,6365,Technical,Low,5,2
10815,9180,Billing,Low,6,3
10816,3689,Network,High,3,2
10817,4016,Technical,Low,12,5
10818,4207,Network,Medium,20,2
10819,2334,Speed,High,18,1
10820,14695,Billing,High,15,4
10821,3945,Network,High,13,4
10822,11757,Speed,Low,18,3
10823,9360,Network,Medium,17,1
10824,1919,Refund,Low,12,4
10825,10201,Login,High,19,3
10826,1493,Speed,Low,15,4
10827,11740,Refund,Medium,10,3
10828,9853,Billing,Low,9,4
10829,13723,Speed,Medium,1,5
10830,1324,Network,Low,7,2
10831,8206,Technical,Medium,14,2
10832,5515,Refund,Medium,18,2
10833,3828,Speed,Low,13,4
10834,6020,Technical,High,6,5
10835,11074,Technical,High,16,3
10836,12528,Billing,Low,6,2
10837,5738,Refund,High,4,4
10838,5783,Login,High,5,1
10839,5938,Network,Medium,1,4
10840,8256,Network,Medium,10,5
10841,463,Network,High,19,3
10842,5961,Technical,Medium,19,4
10843,6630,Network,Low,20,1
10844,12822,Refund,Medium,20,5
10845,1549,Network,Low,2,1
10846,10080,Refund,High,19,1
10847,10582,Network,High,14,3
10848,300,Refund,High,6,2
10849,12850,Technical,High,19,4
10850,4486,Billing,High,15,5
10851,5860,Network,Low,17,5
10852,4115,Technical,Medium,1,2
10853,13140,Billing,Medium,9,5
10854,6652,Billing,High,8,1
10855,14158,Billing,High,9,5
10856,13511,Refund,Medium,17,1
10857,11743,Network,Medium,17,2
10858,11341,Technical,Medium,12,5
10859,4045,Login,Medium,1,4
10860,10828,Technical,Low,13,3
10861,7771,Speed,High,18,3
10862,4901,Network,Medium,17,3
10863,9946,Network,High,12,5
10864,3878,Refund,High,10,3
10865,11196,Technical,Low,11,4
10866,14282,Speed,High,10,1
10867,832,Speed,Medium,14,5
10868,12247,Network,Low,8,3
10869,9001,Technical,Low,7,4
10870,13068,Refund,Medium,20,3
10871,9071,Refund,High,7,4
10872,4723,Technical,High,7,5
10873,7721,Login,High,15,2
10874,7284,Technical,High,2,3
10875,4685,Technical,Low,19,1
10876,5414,Network,Low,12,5
10877,14115,Billing,Low,6,3
10878,1681,Technical,Low,19,4
10879,10707,Speed,Low,4,5
10880,6079,Refund,High,7,3
10881,14705,Speed,High,6,3
10882,8647,Billing,High,1,3
10883,8477,Network,High,4,1
10884,9150,Network,High,4,4
10885,8327,Refund,Low,14,5
10886,6928,Billing,Medium,7,2
10887,14683,Technical,Low,10,2
10888,14091,Login,Low,13,3
10889,10675,Login,Low,16,5
10890,11021,Network,Low,5,1
10891,3899,Login,High,18,2
10892,194,Refund,High,7,4
10893,6862,Speed,Low,20,2
10894,4769,Technical,Low,5,1
10895,3501,Refund,High,5,3
10896,9022,Network,Medium,1,1
10897,3872,Billing,Medium,8,5
10898,6398,Refund,High,7,4
10899,953,Billing,Low,2,4
10900,7189,Refund,Medium,12,1
10901,6987,Network,Medium,5,2
10902,11490,Speed,Medium,11,1
10903,9068,Login,Medium,15,2
10904,8780,Refund,Medium,10,2
10905,12003,Refund,High,16,1
10906,13636,Login,High,4,4
10907,5396,Billing,High,16,1
10908,7856,Billing,High,8,3
10909,9033,Login,Low,20,1
10910,2656,Refund,High,19,5
10911,14632,Technical,Low,9,4
10912,2938,Speed,Medium,4,4
10913,2871,Technical,Medium,5,5
10914,3526,Network,High,14,2
10915,2616,Billing,Medium,4,1
10916,10241,Billing,Low,17,3
10917,150,Technical,Low,16,4
10918,3826,Billing,Medium,19,4
10919,11086,Network,Medium,19,4
10920,3909,Refund,High,16,5
10921,8825,Login,High,8,4
10922,6997,Speed,High,1,4
10923,10885,Network,Medium,13,3
10924,2225,Refund,High,13,2
10925,13696,Billing,High,8,1
10926,3691,Technical,Medium,8,3
10927,2098,Speed,High,13,5
10928,4971,Billing,Medium,14,1
10929,8860,Billing,Medium,17,2
10930,4758,Network,High,3,1
10931,8422,Login,High,18,5
10932,14138,Technical,Medium,14,1
10933,1038,Refund,Medium,1,2
10934,11710,Technical,High,2,2
10935,10928,Billing,High,18,1
10936,6811,Billing,Medium,17,2
10937,8031,Login,Medium,2,5
10938,4382,Technical,Low,15,5
10939,2080,Login,High,10,2
10940,10750,Billing,High,13,3
10941,7244,Technical,Low,15,5
10942,3330,Refund,Medium,11,3
10943,5685,Speed,High,4,2
10944,9233,Billing,Medium,5,4
10945,6113,Refund,High,13,5
10946,6145,Technical,Medium,7,4
10947,7910,Technical,Medium,8,2
10948,1736,Login,High,17,3
10949,4112,Network,High,9,3
10950,2021,Speed,High,8,3
10951,14054,Login,Medium,6,5
10952,12778,Refund,Medium,19,1
10953,962,Network,Medium,10,4
10954,13027,Refund,High,15,2
10955,14857,Technical,Low,15,1
10956,12684,Network,Medium,2,2
10957,3496,Network,High,18,5
10958,6420,Speed,High,12,2
10959,12420,Login,High,17,4
10960,12871,Speed,Low,6,3
10961,12327,Billing,High,17,5
10962,6434,Refund,Medium,4,5
10963,3962,Speed,High,19,5
10964,8703,Login,High,3,2
10965,12334,Login,High,19,5
10966,11841,Speed,Low,13,5
10967,9865,Refund,Low,9,1
10968,3059,Speed,Medium,5,1
10969,7767,Login,Low,15,2
10970,4425,Billing,Low,18,2
10971,3308,Billing,Low,16,5
10972,13498,Technical,Medium,15,3
10973,6177,Network,Medium,3,5
10974,8425,Refund,High,13,1
10975,7765,Refund,Low,3,1
10976,6327,Refund,High,11,3
10977,11482,Speed,Low,20,4
10978,9941,Technical,Medium,9,5
10979,12105,Billing,High,2,4
10980,14358,Billing,High,5,5
10981,10891,Technical,High,5,3
10982,5845,Speed,High,9,3
10983,13358,Refund,Low,4,2
10984,2018,Technical,High,11,1
10985,10948,Network,High,3,2
10986,10482,Login,High,7,1
10987,1985,Technical,Low,2,3
10988,13678,Billing,Low,16,5
10989,14202,Technical,High,17,1
10990,6128,Billing,Low,2,4
10991,12197,Login,Medium,1,5
10992,9612,Refund,Medium,7,4
10993,2091,Speed,High,17,4
10994,1148,Refund,High,7,5
10995,13041,Technical,High,12,5
10996,13904,Speed,Low,15,5
10997,2640,Login,High,18,3
10998,5934,Refund,High,6,3
10999,8744,Network,Low,7,2
11000,12943,Login,Low,14,5
11001,9417,Network,Medium,5,5
11002,3616,Refund,Medium,6,3
11003,10950,Network,High,9,1
11004,10847,Login,Low,15,5
11005,7373,Billing,Medium,4,4
11006,11404,Technical,Medium,12,3
11007,1504,Login,Medium,7,5
11008,1012,Technical,Low,8,1
11009,5344,Refund,Low,5,3
11010,6035,Network,Medium,11,4
11011,9548,Billing,Low,1,5
11012,2709,Billing,Medium,19,1
11013,7057,Network,High,14,5
11014,4485,Technical,High,10,4
11015,6535,Refund,Low,13,4
11016,5918,Refund,High,20,5
11017,10505,Network,High,4,2
11018,4972,Refund,High,5,5
11019,5304,Speed,High,10,4
11020,9432,Refund,High,7,1
11021,11944,Login,High,11,1
11022,7829,Speed,Low,3,3
11023,9803,Technical,Medium,6,2
11024,6215,Refund,Low,14,5
11025,9245,Network,Medium,18,3
11026,3117,Refund,Low,9,4
11027,2870,Technical,Low,14,3
11028,14251,Billing,Low,13,4
11029,4542,Speed,Medium,9,1
11030,4129,Login,High,12,4
11031,9277,Billing,Medium,15,4
11032,1246,Refund,High,2,1
11033,11743,Login,Low,9,2
11034,649,Network,Low,12,1
11035,4143,Refund,Medium,20,2
11036,10011,Billing,Medium,10,2
11037,13066,Refund,High,18,2
11038,3260,Network,High,2,1
11039,3351,Network,Medium,1,3
11040,7159,Technical,High,8,3
11041,8901,Speed,Low,6,1
11042,4228,Technical,High,17,2
11043,7356,Login,High,1,1
11044,2296,Login,Low,3,4
11045,855,Billing,Low,11,1
11046,893,Login,High,15,5
11047,9476,Login,Low,20,3
11048,9056,Speed,High,9,3
11049,2740,Login,Medium,17,1
11050,5858,Network,Low,10,4
11051,12222,Technical,Medium,20,5
11052,7148,Billing,High,6,2
11053,8338,Refund,Low,8,2
11054,11618,Speed,High,19,1
11055,3630,Network,Low,3,5
11056,7324,Technical,Medium,15,2
11057,4957,Speed,High,18,1
11058,12728,Refund,High,17,5
11059,9684,Speed,Low,10,5
11060,9306,Billing,Low,11,4
11061,5312,Billing,High,6,4
11062,6303,Billing,High,1,4
11063,14989,Technical,Low,19,3
11064,7015,Speed,Low,12,5
11065,7655,Speed,Medium,13,1
11066,11883,Network,Medium,14,3
11067,9706,Speed,Low,1,4
11068,2721,Speed,Medium,14,4
11069,13581,Billing,Low,20,3
11070,12256,Billing,High,9,1
11071,4251,Network,Low,5,1
11072,6015,Network,Medium,7,1
11073,1840,Refund,Medium,16,1
11074,4416,Refund,Low,16,3
11075,13308,Network,Low,10,2
11076,14160,Technical,Low,4,1
11077,6117,Login,Medium,2,4
11078,11567,Speed,High,19,2
11079,11316,Refund,High,20,5
11080,1610,Technical,Medium,10,5
11081,6321,Technical,High,12,4
11082,5615,Technical,High,4,3
11083,6701,Login,Medium,3,1
11084,4817,Login,Low,4,5
11085,14462,Billing,Low,15,2
11086,9442,Refund,Low,5,5
11087,1367,Network,Low,16,4
11088,6680,Speed,Low,20,5
11089,9858,Login,Medium,5,5
11090,13652,Speed,Medium,11,1
11091,14610,Technical,Low,10,5
11092,11525,Technical,Low,3,4
11093,11246,Refund,Medium,18,3
11094,1655,Billing,Low,15,4
11095,5836,Billing,Low,20,3
11096,568,Billing,Medium,18,4
11097,5582,Speed,Medium,18,2
11098,5483,Network,High,19,5
11099,5367,Refund,Low,3,5
11100,14966,Speed,High,1,1
11101,6707,Speed,Medium,10,1
11102,3228,Speed,Low,20,1
11103,2914,Technical,Low,14,4
11104,6748,Billing,High,8,3
11105,880,Refund,High,7,5
11106,11677,Refund,High,13,5
11107,14865,Technical,Medium,10,3
11108,6441,Network,Medium,1,4
11109,11650,Speed,Medium,5,3
11110,12948,Login,High,3,5
11111,13990,Login,Medium,4,1
11112,9571,Billing,Medium,14,3
11113,4306,Network,Low,2,2
11114,9378,Technical,Low,19,4
11115,1158,Network,Low,3,3
11116,5645,Billing,Low,9,3
11117,1273,Login,High,13,5
11118,10812,Login,High,8,5
11119,12547,Refund,High,3,3
11120,6699,Billing,Low,12,3
11121,7115,Technical,High,2,2
11122,13298,Billing,High,13,3
11123,10892,Login,Low,7,3
11124,1099,Network,Low,19,4
11125,6155,Speed,Medium,19,1
11126,8174,Billing,Medium,4,4
11127,4182,Billing,Medium,8,3
11128,10605,Speed,Medium,20,1
11129,7617,Technical,Medium,2,4
11130,7549,Speed,High,11,4
11131,7379,Refund,Medium,13,2
11132,12139,Login,Low,14,2
11133,12366,Technical,Medium,10,4
11134,10320,Technical,High,17,1
11135,14315,Speed,Low,19,5
11136,12178,Billing,Low,18,5
11137,5120,Speed,High,13,5
11138,2867,Speed,Low,13,4
11139,4001,Refund,Low,10,4
11140,9602,Technical,Medium,3,5
11141,3043,Billing,Medium,7,5
11142,8648,Login,Medium,6,2
11143,1973,Speed,Medium,13,3
11144,9175,Billing,High,16,4
11145,3593,Login,Medium,5,4
11146,12255,Login,Medium,13,4
11147,9982,Technical,Low,3,4
11148,6396,Technical,Low,9,1
11149,4223,Network,Medium,1,1
11150,721,Speed,Medium,17,1
11151,763,Speed,High,8,2
11152,12777,Network,Medium,15,5
11153,2296,Technical,Low,16,2
11154,10668,Speed,Medium,8,2
11155,11402,Technical,Medium,12,2
11156,9822,Speed,High,18,1
11157,697,Login,High,19,1
11158,4462,Technical,High,20,4
11159,11146,Billing,Medium,5,5
11160,12581,Network,High,15,1
11161,10029,Technical,High,16,1
11162,3405,Technical,Medium,19,4
11163,13404,Billing,Low,19,4
11164,3201,Speed,High,16,5
11165,12234,Network,Medium,17,2
11166,14931,Speed,Low,4,1
11167,13493,Technical,Low,1,4
11168,7111,Speed,High,8,1
11169,6333,Technical,Medium,1,4
11170,7071,Technical,Medium,6,4
11171,4595,Technical,Medium,13,2
11172,722,Refund,High,10,5
11173,2973,Network,Low,7,4
11174,10035,Refund,Medium,14,3
11175,13019,Technical,High,12,5
11176,747,Billing,Medium,13,4
11177,11504,Network,Low,16,2
11178,14019,Billing,Low,4,2
11179,13322,Billing,Low,5,1
11180,6709,Technical,Low,18,3
11181,3873,Speed,Medium,10,4
11182,14214,Speed,Medium,16,5
11183,10011,Speed,Medium,2,4
11184,1542,Login,Low,4,4
11185,5747,Network,Low,19,2
11186,4732,Speed,High,1,3
11187,4174,Technical,Medium,19,4
11188,10747,Login,Medium,12,1
11189,1745,Speed,Low,9,4
11190,10402,Login,High,10,3
11191,135,Login,High,7,5
11192,12954,Login,High,16,4
11193,10846,Technical,High,17,1
11194,3166,Network,Medium,3,4
11195,9437,Login,Low,2,3
11196,8958,Speed,Low,2,3
11197,8585,Speed,High,6,4
11198,8315,Network,Medium,13,1
11199,14622,Login,Low,17,1
11200,12476,Refund,Low,6,4
11201,9994,Billing,Medium,17,5
11202,5136,Technical,Low,19,5
11203,11788,Refund,High,13,3
11204,3542,Technical,High,13,3
11205,7885,Billing,High,11,1
11206,2329,Speed,Low,9,1
11207,10285,Speed,Medium,20,5
11208,7608,Billing,Low,9,4
11209,2603,Billing,Medium,3,3
11210,5146,Billing,Low,5,1
11211,6534,Speed,High,14,4
11212,10747,Refund,High,8,1
11213,4281,Network,Low,12,2
11214,4792,Network,Low,15,1
11215,1916,Billing,Low,2,4
11216,1884,Billing,Low,12,4
11217,9836,Refund,Medium,14,5
11218,7017,Speed,High,19,3
11219,5444,Login,Medium,10,3
11220,6353,Technical,Medium,3,4
11221,5558,Technical,High,11,5
11222,6741,Refund,Medium,6,2
11223,9318,Login,Medium,3,1
11224,1317,Login,Medium,13,2
11225,109,Billing,Medium,15,4
11226,5255,Speed,Medium,6,3
11227,10994,Billing,Low,1,4
11228,567,Speed,Low,2,2
11229,3359,Billing,Medium,10,4
11230,2265,Speed,Low,16,5
11231,7405,Technical,Medium,2,3
11232,5635,Network,Medium,18,1
11233,8969,Technical,Medium,11,3
11234,2498,Speed,Medium,18,1
11235,2682,Technical,High,14,4
11236,1980,Technical,High,18,3
11237,10330,Speed,Low,7,1
11238,8157,Login,Medium,11,2
11239,1482,Login,High,1,5
11240,6436,Login,Low,12,5
11241,1807,Network,Low,18,4
11242,6040,Network,High,17,4
11243,10965,Speed,High,6,1
11244,8589,Billing,Low,12,2
11245,4036,Login,Medium,5,2
11246,14116,Refund,Medium,5,1
11247,10312,Network,Medium,9,1
11248,10973,Speed,High,18,2
11249,1946,Speed,Medium,5,2
11250,8837,Technical,High,3,5
11251,255,Billing,Medium,20,1
11252,7606,Login,Medium,17,2
11253,14809,Login,High,14,5
11254,2236,Refund,Medium,5,3
11255,11405,Speed,Medium,16,2
11256,6001,Refund,Medium,9,3
11257,8600,Technical,High,12,1
11258,11052,Technical,Low,1,4
11259,6286,Billing,Medium,14,1
11260,12875,Technical,High,3,4
11261,10569,Network,Medium,17,3
11262,14346,Login,Low,6,2
11263,1637,Technical,Medium,6,3
11264,5461,Speed,High,3,1
11265,14070,Technical,High,4,2
11266,5869,Network,High,10,3
11267,1432,Login,Medium,1,4
11268,81,Login,Low,14,3
11269,8046,Speed,Medium,11,3
11270,3803,Refund,Low,11,4
11271,3234,Technical,Low,8,4
11272,10287,Technical,High,1,5
11273,8276,Refund,Low,14,3
11274,3498,Network,High,17,4
11275,1103,Login,Low,16,2
11276,7323,Network,Medium,16,3
11277,4355,Login,Low,10,5
11278,2773,Speed,Low,9,3
11279,11602,Refund,Medium,20,1
11280,739,Login,Low,6,4
11281,9253,Login,Medium,18,3
11282,12453,Login,High,7,4
11283,417,Refund,Medium,20,4
11284,9620,Refund,High,8,3
11285,271,Technical,Medium,5,1
11286,9479,Login,High,17,2
11287,3379,Billing,Medium,10,3
11288,12125,Refund,Medium,14,1
11289,3300,Network,Medium,14,4
11290,10549,Refund,High,18,3
11291,2877,Technical,Medium,1,1
11292,55,Billing,Medium,12,4
11293,234,Billing,Medium,6,1
11294,14813,Speed,High,6,3
11295,14985,Billing,Medium,9,3
11296,2740,Login,High,12,4
11297,14007,Billing,Low,16,4
11298,8060,Speed,Medium,9,5
11299,317,Refund,Medium,15,3
11300,6371,Speed,Low,5,3
11301,7654,Speed,Medium,10,3
11302,8771,Billing,Low,11,5
11303,7668,Refund,High,18,4
11304,4654,Login,Medium,5,2
11305,9550,Technical,High,6,2
11306,12369,Speed,Medium,5,5
11307,11361,Login,Low,5,3
11308,5191,Network,Medium,17,5
11309,4271,Technical,Low,10,5
11310,8138,Network,Low,20,5
11311,6927,Network,Medium,16,1
11312,187,Login,Low,11,2
11313,7909,Login,High,12,1
11314,948,Speed,High,5,5
11315,2631,Login,High,20,1
11316,10763,Billing,High,18,5
11317,13766,Network,Medium,11,3
11318,5493,Refund,High,4,5
11319,9861,Login,Medium,5,1
11320,9226,Speed,Low,8,2
11321,3600,Login,Low,11,2
11322,7698,Speed,High,17,2
11323,10719,Technical,Medium,9,5
11324,12444,Billing,Low,13,1
11325,5201,Billing,Medium,4,5
11326,9631,Login,Medium,14,2
11327,1968,Speed,High,20,2
11328,9066,Billing,Medium,19,2
11329,4363,Billing,Medium,5,1
11330,14760,Speed,High,16,3
11331,4178,Login,Medium,9,4
11332,14055,Billing,Medium,17,3
11333,8268,Network,Medium,18,3
11334,6983,Speed,High,18,4
11335,9433,Refund,Medium,11,3
11336,3700,Speed,Low,7,4
11337,10935,Billing,Medium,9,1
11338,3831,Network,Medium,5,5
11339,11088,Billing,Low,4,3
11340,5130,Network,Medium,20,2
11341,11810,Login,High,18,4
11342,12745,Refund,High,11,4
11343,9701,Billing,Low,1,1
11344,1146,Login,Low,18,2
11345,10751,Speed,Low,4,1
11346,859,Speed,High,2,3
11347,10888,Billing,High,16,1
11348,8697,Speed,Medium,15,2
11349,14653,Billing,Low,14,2
11350,13721,Technical,High,7,5
11351,11634,Network,Low,14,1
11352,6020,Network,Low,18,5
11353,11930,Network,Low,17,2
11354,12967,Technical,Low,3,3
11355,12795,Speed,Low,6,3
11356,13172,Refund,Low,20,2
11357,483,Technical,Low,20,3
11358,1440,Network,High,8,5
11359,12676,Technical,High,17,5
11360,1111,Technical,High,16,2
11361,6894,Speed,Medium,6,1
11362,14669,Billing,Low,19,1
11363,6594,Technical,High,14,4
11364,11373,Technical,Low,12,5
11365,1293,Speed,High,9,3
11366,9832,Technical,Low,9,2
11367,8050,Technical,Medium,9,1
11368,6190,Network,Low,12,1
11369,6025,Billing,High,15,1
11370,5420,Refund,High,18,2
11371,7754,Speed,Low,15,3
11372,10262,Technical,Medium,2,1
11373,12138,Refund,Low,4,5
11374,6989,Refund,Medium,4,5
11375,444,Login,Medium,6,5
11376,1751,Technical,High,11,3
11377,3483,Login,High,7,1
11378,3302,Speed,Medium,13,4
11379,5569,Billing,Medium,7,2
11380,7598,Speed,High,17,5
11381,12004,Login,High,10,2
11382,6228,Speed,Low,11,3
11383,12973,Login,Medium,3,5
11384,5618,Login,High,9,5
11385,6658,Network,Medium,8,5
11386,2700,Network,High,3,1
11387,12904,Refund,Medium,1,1
11388,6556,Login,High,18,3
11389,13759,Speed,Low,16,1
11390,9989,Network,Low,14,2
11391,7015,Billing,Low,9,2
11392,11019,Refund,Low,3,4
11393,14116,Login,High,3,1
11394,7741,Billing,High,3,1
11395,4221,Network,Low,7,3
11396,1829,Refund,Low,6,3
11397,128,Network,High,2,1
11398,4663,Technical,Low,7,1
11399,3466,Technical,High,4,1
11400,12735,Billing,Medium,16,5
11401,10166,Speed,Low,11,3
11402,3870,Speed,Low,9,4
11403,2655,Network,Low,17,3
11404,7926,Refund,Low,4,3
11405,10244,Speed,High,16,5
11406,4936,Speed,High,16,3
11407,8765,Technical,Low,19,1
11408,6655,Speed,Medium,3,1
11409,8218,Billing,High,6,1
11410,10137,Technical,Low,2,5
11411,12326,Network,Medium,3,1
11412,1372,Network,High,19,3
11413,3617,Refund,Medium,18,4
11414,614,Billing,Medium,13,1
11415,14499,Technical,Low,6,3
11416,3707,Refund,Medium,3,1
11417,3696,Technical,Low,11,1
11418,5359,Login,High,6,4
11419,8671,Technical,High,8,5
11420,3507,Speed,Low,15,5
11421,7070,Refund,Low,1,3
11422,4800,Login,Medium,5,2
11423,14122,Network,High,4,3
11424,9235,Login,Medium,3,4
11425,1386,Refund,Medium,8,5
11426,11842,Refund,Medium,13,4
11427,2405,Speed,High,9,4
11428,13929,Login,Low,4,1
11429,6052,Technical,Medium,14,4
11430,6542,Login,Medium,14,5
11431,6341,Technical,High,7,5
11432,11790,Refund,Low,5,4
11433,920,Refund,Low,17,1
11434,3145,Billing,High,18,2
11435,3068,Network,Medium,1,2
11436,9365,Network,Medium,20,1
11437,13063,Network,Low,13,4
11438,13386,Network,Medium,4,4
11439,8578,Network,High,10,5
11440,8031,Login,High,5,4
11441,3624,Billing,Low,4,2
11442,922,Billing,Medium,15,3
11443,172,Billing,High,4,4
11444,733,Technical,Medium,13,2
11445,13071,Speed,Low,1,1
11446,6978,Speed,Medium,20,2
11447,2976,Billing,High,11,5
11448,10168,Network,Low,3,5
11449,10117,Network,Medium,4,4
11450,14377,Billing,Low,18,1
11451,14139,Refund,Medium,20,5
11452,604,Speed,Low,14,1
11453,24,Billing,Low,10,2
11454,7195,Billing,High,3,2
11455,10808,Login,Low,8,4
11456,10721,Refund,Medium,9,4
11457,8179,Network,Medium,19,5
11458,10928,Network,High,1,5
11459,549,Refund,Medium,10,4
11460,3872,Speed,Low,9,2
11461,6156,Speed,High,2,4
11462,6160,Technical,Low,17,3
11463,7999,Speed,Medium,16,5
11464,4467,Speed,Medium,19,5
11465,13947,Speed,Low,12,4
11466,1291,Technical,High,5,3
11467,9876,Login,High,14,3
11468,14665,Network,High,3,4
11469,3962,Network,Low,10,4
11470,4264,Billing,Medium,14,5
11471,8888,Refund,High,17,2
11472,10828,Network,Low,14,1
11473,14851,Technical,High,8,5
11474,3553,Speed,High,3,5
11475,1646,Login,Low,4,2
11476,1435,Refund,High,19,1
11477,12322,Billing,High,3,3
11478,11736,Login,High,4,1
11479,14506,Login,High,20,4
11480,2416,Technical,High,16,1
11481,12406,Login,Low,18,2
11482,2047,Login,Low,5,5
11483,13636,Billing,Medium,19,5
11484,895,Login,Medium,13,5
11485,6039,Network,High,12,1
11486,5857,Network,Low,13,2
11487,14884,Refund,Low,9,3
11488,1436,Billing,Medium,18,5
11489,7031,Login,High,5,3
11490,11474,Billing,Medium,2,1
11491,9653,Technical,Low,17,1
11492,12546,Network,High,5,2
11493,994,Billing,High,17,1
11494,4438,Login,Medium,9,1
11495,430,Technical,Medium,7,2
11496,2770,Speed,Low,3,4
11497,8725,Refund,High,6,1
11498,3735,Login,Low,13,2
11499,12908,Billing,Low,11,1
11500,10562,Billing,Low,17,1
11501,8968,Login,Low,16,3
11502,8639,Technical,Medium,13,1
11503,14242,Refund,Low,17,2
11504,1914,Speed,Low,6,5
11505,2796,Login,Medium,18,5
11506,10515,Technical,Low,12,2
11507,3875,Billing,Medium,14,3
11508,6460,Refund,Low,4,2
11509,10118,Network,High,2,1
11510,14453,Network,Medium,7,3
11511,308,Network,High,15,3
11512,11172,Refund,Medium,11,3
11513,8291,Billing,Medium,6,4
11514,6127,Network,High,5,3
11515,7885,Technical,Low,13,3
11516,3797,Technical,Low,20,5
11517,1679,Speed,Low,5,5
11518,707,Network,High,20,4
11519,1872,Speed,Low,2,4
11520,11632,Refund,High,7,2
11521,8149,Speed,High,16,1
11522,2896,Refund,Low,16,1
11523,7395,Technical,High,9,2
11524,3012,Billing,Low,1,5
11525,1847,Billing,Low,12,2
11526,12595,Billing,Medium,17,1
11527,1476,Billing,Low,5,3
11528,14117,Login,High,4,5
11529,6616,Login,High,15,3
11530,8153,Speed,Medium,11,3
11531,4181,Billing,High,20,3
11532,9863,Billing,Low,19,3
11533,14848,Billing,Low,12,5
11534,2334,Refund,High,8,4
11535,728,Speed,Low,16,4
11536,5120,Technical,High,3,5
11537,931,Speed,Medium,17,4
11538,11896,Refund,Low,19,5
11539,7389,Network,Medium,19,5
11540,10390,Login,High,6,5
11541,3175,Speed,Medium,9,2
11542,523,Login,High,8,4
11543,4955,Refund,Medium,4,4
11544,13960,Network,High,17,1
11545,7885,Speed,Low,20,4
11546,3937,Refund,Medium,13,4
11547,7704,Refund,High,4,4
11548,8638,Technical,Low,3,4
11549,13065,Refund,High,19,2
11550,3715,Refund,Low,19,5
11551,12213,Refund,High,19,4
11552,5656,Technical,Medium,19,3
11553,12655,Network,Low,14,1
11554,8068,Login,Medium,20,5
11555,9649,Billing,High,2,1
11556,12575,Billing,Medium,9,2
11557,5936,Technical,Low,16,3
11558,5933,Refund,Low,6,2
11559,9977,Billing,Low,5,5
11560,10187,Speed,Low,18,1
11561,5003,Technical,High,14,1
11562,114,Network,Medium,5,5
11563,2304,Network,Low,15,1
11564,12570,Network,Medium,4,5
11565,3242,Speed,High,1,2
11566,2656,Refund,High,18,2
11567,5853,Refund,Low,6,4
11568,6099,Refund,Low,5,1
11569,14335,Refund,High,6,1
11570,12366,Speed,High,16,5
11571,10749,Login,Low,11,1
11572,413,Login,High,15,2
11573,14313,Login,Medium,19,5
11574,14981,Technical,High,8,3
11575,40,Login,Medium,13,1
11576,7299,Billing,High,2,4
11577,7109,Network,Low,2,5
11578,5337,Technical,Low,1,5
11579,11936,Login,High,12,1
11580,14986,Billing,Medium,8,1
11581,1835,Refund,High,14,5
11582,7520,Speed,Medium,1,5
11583,4082,Login,Medium,1,1
11584,7761,Speed,Low,20,3
11585,9919,Technical,High,2,1
11586,13793,Network,High,2,4
11587,1850,Refund,High,2,5
11588,12960,Login,Low,7,1
11589,11300,Technical,High,15,5
11590,11900,Billing,Medium,1,3
11591,13390,Refund,High,18,2
11592,8020,Network,Low,11,3
11593,2758,Refund,Medium,10,4
11594,7130,Technical,High,13,1
11595,12088,Billing,Medium,12,1
11596,11651,Speed,Low,4,1
11597,11478,Technical,Low,14,3
11598,2824,Speed,Medium,16,2
11599,6400,Network,Low,15,5
11600,14329,Billing,Medium,8,3
11601,3174,Billing,High,14,1
11602,7731,Network,Low,8,2
11603,8809,Speed,High,4,2
11604,5913,Speed,High,19,4
11605,12745,Technical,High,1,2
11606,8384,Login,Low,14,1
11607,6141,Technical,Medium,5,4
11608,5293,Technical,Medium,15,1
11609,3947,Login,Low,12,1
11610,8044,Network,High,14,5
11611,2607,Technical,Low,19,4
11612,10437,Login,Low,15,5
11613,12151,Network,Medium,15,2
11614,7123,Refund,Low,10,2
11615,13710,Network,Medium,13,2
11616,13418,Network,Low,6,2
11617,10351,Billing,Medium,16,1
11618,10250,Login,Low,17,3
11619,2981,Login,Low,10,4
11620,2902,Network,Medium,10,2
11621,14032,Refund,High,8,5
11622,10160,Technical,Low,13,1
11623,1583,Network,Low,19,5
11624,8382,Technical,Medium,7,4
11625,7347,Speed,Medium,9,2
11626,314,Network,High,1,3
11627,7689,Login,Low,20,2
11628,3556,Technical,Low,19,5
11629,5931,Billing,Medium,1,1
11630,5005,Refund,Low,6,5
11631,3302,Login,Medium,16,3
11632,5680,Network,Medium,7,3
11633,3083,Speed,High,16,2
11634,14546,Refund,Medium,13,3
11635,11701,Refund,Medium,17,2
11636,14392,Billing,Medium,15,3
11637,879,Speed,Medium,11,2
11638,8268,Login,Low,8,3
11639,9532,Technical,Low,20,4
11640,6759,Technical,Medium,5,1
11641,9720,Refund,Medium,2,2
11642,10207,Technical,Low,16,2
11643,2868,Login,Medium,11,2
11644,6152,Speed,Medium,17,4
11645,13023,Speed,Medium,8,4
11646,6521,Login,High,19,1
11647,4507,Login,Medium,4,4
11648,2449,Refund,High,19,4
11649,12045,Network,Medium,12,2
11650,6200,Refund,Medium,14,3
11651,5636,Billing,Low,14,5
11652,13506,Billing,Medium,7,4
11653,2478,Network,Medium,9,4
11654,6874,Billing,Medium,17,1
11655,1474,Refund,High,17,1
11656,13829,Network,High,17,1
11657,3220,Refund,High,12,5
11658,8933,Speed,Medium,3,5
11659,14757,Refund,Medium,13,5
11660,11209,Network,High,13,4
11661,9488,Technical,Low,3,5
11662,753,Billing,Medium,5,5
11663,7107,Login,High,10,2
11664,11939,Refund,Low,3,5
11665,13600,Network,Medium,11,5
11666,11195,Network,High,2,3
11667,9637,Network,Medium,10,3
11668,12699,Speed,High,18,2
11669,12454,Login,High,12,2
11670,9644,Network,Medium,18,3
11671,1856,Technical,Medium,9,1
11672,7075,Technical,Low,17,5
11673,8255,Network,High,16,2
11674,3647,Refund,High,7,3
11675,10575,Login,Low,9,4
11676,2739,Login,High,20,1
11677,5752,Technical,Medium,15,4
11678,12664,Refund,Low,13,5
11679,462,Speed,High,7,4
11680,3179,Technical,High,16,4
11681,8476,Technical,Low,5,4
11682,9091,Billing,Low,10,1
11683,8343,Network,Low,13,3
11684,5695,Speed,Medium,11,1
11685,12807,Speed,High,15,5
11686,5951,Billing,Medium,15,4
11687,8932,Billing,High,20,5
11688,9331,Technical,Medium,3,4
11689,9504,Refund,Low,5,5
11690,3107,Login,Medium,19,1
11691,14748,Technical,Low,16,2
11692,9735,Billing,Medium,12,3
11693,1919,Refund,High,9,4
11694,14561,Speed,Low,10,2
11695,3038,Network,Medium,9,4
11696,1402,Billing,Medium,9,3
11697,9396,Refund,Low,2,1
11698,10467,Speed,High,2,2
11699,8636,Speed,Low,14,5
11700,14297,Refund,Low,7,1
11701,6238,Login,High,10,4
11702,2299,Network,High,10,5
11703,7762,Refund,High,9,5
11704,3494,Technical,High,20,2
11705,10765,Billing,High,6,1
11706,13712,Login,Medium,14,3
11707,2309,Technical,Medium,15,3
11708,12668,Speed,Medium,17,5
11709,1897,Billing,High,1,1
11710,13796,Speed,Medium,18,2
11711,11142,Speed,Medium,10,5
11712,13711,Refund,High,10,2
11713,3729,Login,Medium,11,3
11714,6149,Network,Low,7,5
11715,4912,Billing,Low,13,1
11716,6197,Billing,High,17,2
11717,2718,Refund,Medium,6,3
11718,6595,Technical,Low,11,3
11719,2064,Speed,Low,11,2
11720,3306,Technical,Medium,13,3
11721,13734,Technical,High,19,4
11722,10379,Login,Medium,17,2
11723,3216,Network,High,18,5
11724,7587,Billing,High,4,3
11725,3612,Network,High,8,2
11726,14044,Speed,High,10,1
11727,12504,Technical,Low,17,4
11728,8224,Technical,Medium,9,5
11729,9609,Billing,Low,14,2
11730,7992,Network,Medium,18,4
11731,5038,Refund,Medium,20,1
11732,14198,Speed,Low,8,2
11733,3456,Speed,Low,15,4
11734,10460,Login,Medium,1,2
11735,9236,Refund,Low,15,3
11736,9430,Login,Low,9,2
11737,14039,Technical,Low,14,4
11738,780,Billing,High,14,3
11739,9343,Refund,Low,19,1
11740,14977,Billing,High,6,3
11741,14057,Technical,Medium,15,2
11742,2769,Login,High,9,1
11743,10460,Network,Medium,12,2
11744,3157,Network,Medium,14,1
11745,4983,Billing,Low,16,2
11746,12978,Refund,Medium,11,1
11747,14962,Login,High,18,3
11748,12699,Login,High,16,3
11749,12343,Refund,High,15,2
11750,13246,Speed,Medium,16,3
11751,4815,Network,High,1,3
11752,5848,Refund,High,11,2
11753,6720,Technical,Medium,4,5
11754,1853,Login,Low,9,4
11755,3657,Speed,Low,8,4
11756,10841,Login,High,2,2
11757,14647,Billing,Low,7,3
11758,8279,Technical,Low,6,2
11759,14629,Login,High,8,5
11760,1177,Network,Low,20,1
11761,856,Speed,Low,9,3
11762,5059,Network,High,17,4
11763,3826,Network,High,16,2
11764,2346,Billing,Low,17,5
11765,7528,Technical,Low,2,1
11766,12167,Network,High,8,1
11767,13567,Refund,High,17,2
11768,13188,Speed,Low,15,2
11769,12925,Refund,Low,1,5
11770,3313,Speed,Medium,12,2
11771,1960,Network,Low,8,1
11772,3991,Billing,Medium,17,1
11773,11583,Network,High,17,2
11774,3395,Login,High,15,3
11775,12397,Speed,High,1,5
11776,1790,Refund,High,8,2
11777,1648,Network,High,11,3
11778,13687,Billing,Medium,6,1
11779,2908,Login,High,7,1
11780,2798,Refund,Medium,11,4
11781,2371,Refund,Low,3,4
11782,770,Billing,High,3,5
11783,5951,Refund,Low,10,5
11784,11423,Network,Medium,19,5
11785,9725,Speed,Low,12,5
11786,11531,Billing,Medium,12,5
11787,5810,Speed,Low,13,5
11788,5306,Login,High,2,2
11789,10174,Network,Low,12,1
11790,4377,Login,Low,7,2
11791,13665,Network,Medium,16,1
11792,7629,Speed,Low,11,4
11793,3745,Speed,Medium,20,4
11794,6324,Network,Medium,5,5
11795,692,Technical,High,14,2
11796,14304,Login,Low,9,3
11797,252,Speed,High,18,3
11798,11896,Technical,Low,5,3
11799,4254,Login,High,4,1
11800,9088,Network,High,13,3
11801,5258,Refund,Low,14,2
11802,10149,Refund,Medium,2,2
11803,1068,Network,Medium,20,3
11804,11501,Login,Low,7,5
11805,10217,Speed,Low,16,1
11806,9515,Login,High,2,2
11807,11967,Technical,Medium,20,5
11808,3106,Refund,High,5,2
11809,4919,Technical,Low,8,5
11810,11896,Speed,Medium,7,1
11811,14125,Speed,Low,16,1
11812,229,Refund,Medium,19,1
11813,8431,Network,Medium,3,4
11814,10860,Login,High,13,5
11815,3742,Refund,High,15,3
11816,9739,Speed,High,15,1
11817,945,Speed,Low,10,5
11818,5805,Login,Medium,20,2
11819,6980,Refund,Low,13,5
11820,4444,Refund,Medium,12,2
11821,1424,Refund,Low,11,5
11822,3126,Speed,High,16,1
11823,7681,Speed,High,5,4
11824,9328,Speed,Medium,20,2
11825,14135,Billing,Medium,17,4
11826,2927,Network,Medium,5,4
11827,9628,Login,High,7,2
11828,10721,Network,High,2,1
11829,5075,Billing,Low,8,3
11830,10640,Network,Low,19,4
11831,12731,Speed,Low,19,1
11832,8314,Network,Low,2,4
11833,10996,Technical,High,6,4
11834,58,Refund,Low,14,3
11835,9324,Speed,Medium,4,5
11836,494,Billing,High,5,4
11837,9295,Login,High,8,2
11838,87,Speed,Low,7,4
11839,12210,Speed,High,5,1
11840,2756,Technical,High,11,4
11841,11218,Login,Low,2,4
11842,6838,Refund,High,14,1
11843,3361,Network,Low,15,1
11844,2867,Billing,Low,4,4
11845,1190,Billing,High,12,1
11846,5348,Billing,High,12,4
11847,6661,Refund,Low,5,4
11848,11843,Login,Medium,11,5
11849,1626,Network,Medium,11,5
11850,13894,Login,Low,1,3
11851,14135,Technical,Medium,5,4
11852,8415,Billing,High,12,2
11853,12618,Login,Medium,3,2
11854,14964,Login,Low,19,3
11855,10498,Login,Low,2,1
11856,13761,Login,Low,19,5
11857,402,Refund,High,1,5
11858,12730,Billing,Medium,16,5
11859,10549,Network,Medium,5,3
11860,10546,Billing,Low,10,5
11861,2286,Billing,Medium,19,4
11862,7765,Billing,Low,15,3
11863,13788,Refund,Low,18,2
11864,9665,Technical,High,6,4
11865,10037,Login,High,3,3
11866,9447,Refund,High,14,2
11867,5823,Network,Medium,8,4
11868,9509,Billing,High,20,2
11869,13966,Login,High,2,3
11870,8664,Technical,Low,14,1
11871,11579,Network,Medium,17,2
11872,7110,Technical,High,6,3
11873,5545,Technical,Medium,3,5
11874,10362,Login,Medium,6,2
11875,3511,Login,Low,11,4
11876,8656,Technical,Low,18,2
11877,14402,Network,Medium,7,2
11878,3597,Network,High,18,5
11879,13027,Refund,Medium,14,1
11880,13336,Network,Low,18,3
11881,9328,Login,High,4,5
11882,13241,Network,Medium,19,3
11883,7452,Technical,Low,5,4
11884,4949,Refund,High,7,1
11885,1324,Refund,High,16,4
11886,5741,Refund,High,19,3
11887,8314,Login,High,15,1
11888,14848,Technical,Medium,6,4
11889,6888,Billing,High,13,3
11890,9114,Speed,Low,2,5
11891,13655,Network,Medium,5,5
11892,8867,Technical,Low,20,2
11893,14023,Billing,Medium,11,5
11894,10803,Refund,High,16,1
11895,11187,Login,Low,10,5
11896,5352,Speed,Low,20,5
11897,5486,Network,Medium,12,5
11898,2649,Login,Low,9,2
11899,3973,Login,Low,11,4
11900,9689,Technical,Medium,17,3
11901,7433,Login,Low,8,2
11902,680,Refund,Low,13,1
11903,5245,Speed,Low,17,1
11904,9221,Login,High,5,5
11905,1778,Login,Low,20,3
11906,3618,Login,High,13,1
11907,9852,Network,Low,5,1
11908,1836,Network,Low,3,5
11909,12862,Speed,Low,7,3
11910,7964,Login,High,16,5
11911,4623,Network,Medium,19,5
11912,7521,Speed,Low,11,1
11913,6682,Billing,Low,16,5
11914,7247,Technical,High,13,4
11915,14787,Refund,Medium,14,1
11916,13536,Network,Low,3,3
11917,10139,Network,Medium,18,1
11918,213,Speed,Medium,18,5
11919,4512,Network,Low,20,5
11920,3519,Technical,Low,14,3
11921,6413,Billing,Medium,6,2
11922,5250,Network,High,17,1
11923,14959,Refund,Medium,2,2
11924,1154,Network,High,9,3
11925,3994,Network,Medium,7,2
11926,9030,Technical,Medium,19,1
11927,6947,Network,High,5,4
11928,10124,Refund,Low,6,2
11929,6472,Technical,High,6,3
11930,12737,Network,Medium,16,4
11931,7105,Billing,Medium,9,4
11932,4495,Billing,Low,7,2
11933,6893,Refund,Medium,15,2
11934,14596,Network,Low,18,2
11935,4567,Billing,High,13,5
11936,1934,Technical,Medium,16,4
11937,2645,Network,High,9,2
11938,2179,Network,Medium,11,4
11939,7992,Billing,Low,8,5
11940,2089,Login,Medium,18,4
11941,6909,Billing,High,1,4
11942,3889,Technical,High,3,5
11943,13586,Technical,Low,9,1
11944,3227,Technical,Medium,9,1
11945,14060,Technical,Medium,14,4
11946,6422,Billing,Low,6,2
11947,6503,Login,Medium,9,1
11948,2138,Network,Low,1,5
11949,8246,Speed,Medium,9,1
11950,2681,Network,Medium,14,1
11951,8834,Network,Medium,10,3
11952,7869,Network,Low,18,1
11953,4191,Billing,Medium,17,5
11954,7351,Technical,Low,2,4
11955,8633,Refund,Medium,3,4
11956,2660,Login,High,20,4
11957,4725,Network,Low,11,2
11958,10997,Network,Low,3,1
11959,3140,Billing,Medium,2,5
11960,14429,Speed,Medium,10,2
11961,6405,Billing,High,11,1
11962,5340,Speed,High,12,5
11963,9042,Network,Low,10,5
11964,4978,Network,High,10,2
11965,11366,Speed,Low,3,1
11966,14768,Network,Medium,3,5
11967,7502,Login,Low,7,5
11968,1569,Login,Medium,20,2
11969,9402,Refund,Low,1,2
11970,13420,Billing,High,2,5
11971,14433,Technical,Medium,20,1
11972,925,Billing,Medium,5,5
11973,14558,Refund,Low,20,5
11974,6882,Network,Low,18,1
11975,94,Speed,High,20,5
11976,5942,Login,Medium,6,1
11977,10310,Login,Medium,16,2
11978,4440,Refund,Medium,3,4
11979,4220,Login,Medium,15,4
11980,11321,Network,Medium,16,2
11981,5968,Login,Low,20,2
11982,12071,Technical,Low,17,4
11983,2722,Billing,Medium,14,5
11984,1137,Network,High,14,5
11985,14472,Speed,Medium,11,5
11986,10293,Technical,High,20,3
11987,6080,Refund,Medium,5,1
11988,279,Network,Low,6,4
11989,1870,Technical,Medium,18,2
11990,10680,Login,Medium,19,1
11991,8262,Speed,Medium,11,4
11992,9150,Network,Medium,2,1
11993,2875,Refund,Low,1,5
11994,488,Billing,High,12,4
11995,4053,Speed,Low,4,5
11996,2370,Login,Low,4,5
11997,2858,Speed,Medium,1,5
11998,432,Network,High,12,1
11999,1638,Refund,Medium,7,1
12000,7847,Network,High,8,4
12001,13154,Speed,High,8,2
12002,14732,Speed,Medium,16,3
12003,8982,Technical,Medium,1,1
12004,9698,Refund,Low,15,5
12005,12525,Network,Medium,18,4
12006,11259,Login,High,1,2
12007,8974,Network,High,1,4
12008,8672,Refund,Medium,20,4
12009,2966,Login,Medium,11,5
12010,10626,Billing,Medium,7,2
12011,9418,Speed,High,6,1
12012,2497,Billing,Low,5,1
12013,2986,Login,High,3,3
12014,1008,Refund,High,10,1
12015,115,Speed,Medium,10,3
12016,11975,Refund,Medium,20,3
12017,14380,Speed,Medium,4,2
12018,12145,Login,Medium,8,3
12019,9461,Refund,Medium,1,4
12020,14448,Billing,Medium,18,3
12021,6427,Speed,Low,12,4
12022,1571,Network,Medium,16,2
12023,11646,Speed,Medium,14,1
12024,3995,Speed,Low,1,3
12025,7750,Speed,High,1,3
12026,9487,Login,Low,6,2
12027,7879,Login,Low,9,4
12028,1430,Speed,High,3,4
12029,14613,Refund,Low,11,1
12030,4989,Billing,Low,15,1
12031,12722,Billing,Low,11,2
12032,3561,Network,Medium,3,1
12033,6745,Refund,High,18,1
12034,1864,Speed,Low,6,4
12035,1537,Refund,High,10,4
12036,14127,Speed,Medium,17,2
12037,11062,Speed,Low,10,4
12038,9303,Login,Medium,13,4
12039,4243,Refund,Low,1,2
12040,2415,Technical,Medium,16,2
12041,13120,Login,Low,4,2
12042,13000,Speed,High,9,3
12043,3596,Billing,Medium,7,2
12044,7439,Login,Low,7,5
12045,4533,Technical,Low,18,4
12046,11303,Network,High,15,3
12047,14367,Speed,High,18,3
12048,11700,Billing,High,6,4
12049,9862,Technical,High,15,4
12050,3597,Login,Low,7,4
12051,8122,Technical,Medium,4,2
12052,8684,Login,High,3,3
12053,11539,Login,High,18,3
12054,13176,Technical,Low,18,2
12055,11374,Billing,High,2,5
12056,13729,Technical,High,8,5
12057,6197,Login,High,2,2
12058,7673,Technical,High,12,1
12059,1653,Speed,High,15,2
12060,7520,Billing,High,7,4
12061,1232,Refund,High,11,1
12062,5785,Login,High,10,2
12063,4845,Technical,Low,9,5
12064,8304,Login,High,14,3
12065,5114,Billing,Low,17,2
12066,11170,Technical,Low,6,1
12067,11030,Network,Medium,14,1
12068,14420,Refund,Low,9,4
12069,5386,Technical,Medium,6,1
12070,2471,Network,Medium,10,2
12071,7677,Login,High,20,5
12072,11929,Refund,Low,11,2
12073,6454,Speed,Medium,10,3
12074,6285,Login,High,15,5
12075,395,Speed,Low,7,4
12076,14805,Speed,Medium,1,4
12077,9139,Speed,High,14,2
12078,14690,Speed,High,7,1
12079,6594,Billing,High,10,5
12080,10069,Billing,Medium,4,1
12081,12295,Technical,Medium,5,3
12082,1767,Login,Low,18,4
12083,10988,Refund,Medium,8,4
12084,12654,Refund,Medium,5,4
12085,11426,Network,High,11,1
12086,7387,Network,High,9,5
12087,9210,Refund,Medium,19,1
12088,2108,Login,High,19,4
12089,10958,Billing,Low,13,5
12090,1359,Login,High,4,5
12091,7176,Refund,Medium,19,1
12092,13183,Technical,High,16,1
12093,1609,Network,Medium,1,4
12094,5334,Billing,High,9,5
12095,7159,Speed,Low,10,4
12096,1304,Billing,Low,2,2
12097,3408,Billing,Low,10,5
12098,8264,Speed,High,7,4
12099,6917,Billing,High,10,1
12100,10177,Login,Low,16,3
12101,826,Login,Low,17,1
12102,1059,Billing,High,10,3
12103,6326,Network,Low,2,3
12104,3528,Billing,Medium,2,1
12105,6551,Speed,Low,19,3
12106,6771,Network,Medium,16,3
12107,6270,Login,Low,4,2
12108,911,Refund,Medium,18,5
12109,9674,Login,Low,3,4
12110,4437,Billing,Medium,11,3
12111,10894,Billing,Medium,11,2
12112,5770,Speed,Medium,20,3
12113,9577,Speed,Medium,3,4
12114,13082,Speed,High,18,2
12115,9831,Login,Medium,15,4
12116,5218,Technical,Medium,1,4
12117,13252,Network,Low,6,2
12118,8496,Refund,Low,14,2
12119,5708,Technical,Medium,8,3
12120,7753,Technical,Low,9,3
12121,439,Technical,Low,17,2
12122,6520,Login,Medium,8,4
12123,9151,Technical,High,6,1
12124,6457,Login,High,13,3
12125,9454,Network,Low,12,5
12126,7774,Network,Medium,18,1
12127,12435,Refund,Low,8,1
12128,6441,Speed,Medium,14,1
12129,5631,Refund,High,10,3
12130,8069,Billing,High,16,5
12131,3854,Network,Medium,20,5
12132,4590,Network,Medium,7,1
12133,3327,Technical,High,10,4
12134,4308,Billing,Medium,17,5
12135,7068,Speed,Low,9,5
12136,1134,Technical,High,20,1
12137,13415,Billing,Low,15,5
12138,9879,Refund,Low,18,3
12139,12278,Speed,Low,17,3
12140,9402,Refund,Medium,9,3
12141,5099,Refund,Medium,18,3
12142,744,Network,High,11,3
12143,13608,Billing,Low,10,1
12144,13724,Network,High,10,2
12145,8661,Network,High,6,3
12146,10432,Login,Medium,9,5
12147,2260,Refund,Medium,8,3
12148,14446,Billing,Low,8,5
12149,13191,Login,High,4,5
12150,13001,Speed,Low,16,2
12151,9006,Speed,High,17,2
12152,12233,Login,Medium,10,1
12153,10618,Refund,Medium,1,3
12154,9375,Refund,Low,5,1
12155,5286,Network,Low,16,4
12156,9092,Refund,Medium,10,4
12157,13466,Speed,High,19,3
12158,13026,Login,High,13,5
12159,1991,Billing,High,20,4
12160,10422,Speed,Medium,16,4
12161,13410,Billing,Medium,11,5
12162,12255,Login,Medium,11,4
12163,6112,Speed,High,6,4
12164,12645,Login,Medium,7,3
12165,6494,Login,Low,1,2
12166,2425,Speed,Low,8,2
12167,14867,Technical,Medium,17,3
12168,13351,Network,High,13,2
12169,11267,Billing,Low,8,5
12170,7061,Network,Medium,13,1
12171,9210,Billing,High,8,5
12172,12652,Refund,High,10,1
12173,14091,Login,Medium,20,3
12174,4784,Login,Low,4,5
12175,8993,Login,Low,13,2
12176,8633,Refund,Low,6,1
12177,3973,Billing,Low,19,2
12178,9961,Refund,Medium,2,3
12179,12326,Network,Medium,8,4
12180,5330,Refund,Medium,16,3
12181,7584,Billing,Medium,11,3
12182,9406,Network,Medium,2,1
12183,1642,Technical,High,8,2
12184,6360,Billing,High,20,4
12185,6327,Billing,Medium,19,2
12186,14740,Refund,Low,15,1
12187,9388,Speed,Low,4,3
12188,13656,Technical,High,17,5
12189,881,Network,High,2,2
12190,8520,Refund,Low,4,4
12191,3760,Login,Medium,18,2
12192,12485,Billing,High,6,4
12193,700,Billing,Medium,11,5
12194,7436,Network,High,16,1
12195,14446,Network,Medium,9,1
12196,2535,Login,High,16,5
12197,8574,Technical,Medium,9,3
12198,8374,Refund,Medium,12,2
12199,8020,Speed,High,16,5
12200,5929,Login,Medium,13,3
12201,10928,Refund,Medium,20,1
12202,2326,Technical,High,14,4
12203,12196,Billing,Low,19,1
12204,8830,Billing,Low,15,2
12205,10574,Refund,Low,15,4
12206,12484,Login,Low,20,4
12207,8273,Login,High,6,5
12208,9502,Refund,Low,16,5
12209,6629,Network,High,16,5
12210,3676,Billing,Low,14,4
12211,10676,Refund,Low,4,3
12212,9648,Network,Medium,15,1
12213,6560,Login,High,7,4
12214,8585,Speed,High,10,4
12215,4484,Billing,Medium,10,3
12216,34,Speed,Medium,6,2
12217,121,Technical,Medium,14,3
12218,11470,Billing,Low,18,1
12219,6923,Refund,High,16,5
12220,12301,Billing,Low,14,3
12221,1247,Login,Low,5,2
12222,6472,Network,High,6,2
12223,8986,Refund,High,17,2
12224,14078,Refund,Low,10,5
12225,8110,Speed,High,11,5
12226,14864,Refund,Medium,3,2
12227,6372,Login,Medium,18,2
12228,10222,Refund,Medium,18,3
12229,13979,Speed,Medium,4,4
12230,2511,Login,Low,13,3
12231,14415,Speed,Low,8,5
12232,3321,Login,Low,18,4
12233,6859,Billing,Medium,5,4
12234,9870,Billing,Low,5,5
12235,9025,Network,Medium,7,1
12236,4629,Refund,Medium,7,5
12237,13952,Technical,Medium,1,3
12238,3333,Login,Low,13,3
12239,3708,Billing,High,5,2
12240,14834,Speed,Medium,20,5
12241,14860,Billing,Medium,6,1
12242,14120,Login,Medium,6,5
12243,2613,Technical,High,13,3
12244,13079,Login,Low,1,3
12245,1395,Login,High,10,3
12246,4470,Refund,Medium,15,3
12247,8249,Billing,High,20,2
12248,3151,Login,Low,8,5
12249,2063,Speed,High,16,5
12250,9243,Technical,Low,3,1
12251,6538,Refund,High,17,4
12252,511,Technical,Medium,14,3
12253,14913,Billing,Medium,3,3
12254,11691,Speed,Low,16,1
12255,7994,Technical,High,14,1
12256,6561,Billing,Low,18,3
12257,6393,Network,High,12,4
12258,9447,Technical,High,14,4
12259,13256,Billing,Low,5,3
12260,3126,Login,Medium,15,2
12261,6580,Speed,High,9,4
12262,11851,Technical,Medium,4,2
12263,9438,Speed,Low,18,3
12264,13422,Network,Low,3,1
12265,9033,Speed,Medium,12,2
12266,1339,Login,Low,19,3
12267,12785,Login,High,4,2
12268,8534,Network,High,5,2
12269,7401,Billing,High,11,5
12270,14547,Network,Medium,20,1
12271,8762,Billing,High,8,1
12272,5195,Refund,Medium,4,1
12273,3392,Technical,High,20,5
12274,5129,Login,Low,13,3
12275,13851,Speed,High,9,3
12276,9459,Refund,High,20,4
12277,4889,Refund,High,19,3
12278,4523,Billing,Low,17,2
12279,14888,Refund,High,19,2
12280,11141,Speed,High,1,1
12281,8003,Speed,High,11,4
12282,2052,Refund,Medium,12,1
12283,6653,Network,High,11,1
12284,9238,Technical,High,9,1
12285,13462,Login,Medium,15,3
12286,9499,Technical,Low,12,3
12287,430,Login,Medium,5,2
12288,12992,Refund,Medium,12,4
12289,13909,Technical,High,17,4
12290,3012,Refund,Low,10,2
12291,6178,Network,High,18,4
12292,2322,Technical,Medium,20,5
12293,5876,Billing,Low,6,4
12294,3890,Speed,High,19,3
12295,6280,Speed,Low,8,3
12296,5583,Speed,High,14,5
12297,5482,Login,High,14,2
12298,5664,Login,Medium,13,5
12299,6894,Billing,High,1,3
12300,3550,Technical,Medium,5,1
12301,13920,Billing,Low,8,4
12302,9476,Refund,Medium,17,3
12303,1745,Technical,Low,17,4
12304,6386,Technical,Low,14,3
12305,13616,Billing,Medium,5,3
12306,3859,Refund,Low,11,2
12307,732,Technical,Low,8,4
12308,13125,Network,Low,17,2
12309,3670,Technical,Medium,19,5
12310,2955,Network,Low,9,3
12311,7604,Technical,Medium,2,3
12312,757,Login,Medium,12,3
12313,6099,Network,High,18,4
12314,14931,Speed,Low,18,2
12315,8262,Login,High,11,1
12316,14525,Login,High,20,4
12317,8725,Refund,Low,8,2
12318,9047,Login,High,18,1
12319,7339,Technical,Medium,8,2
12320,2874,Billing,High,20,1
12321,10546,Login,High,13,2
12322,4565,Billing,Medium,6,5
12323,7995,Network,Medium,12,3
12324,14791,Refund,High,3,1
12325,14163,Refund,Low,4,2
12326,7134,Network,Medium,9,2
12327,9938,Login,Medium,10,2
12328,13341,Speed,Medium,10,1
12329,10618,Refund,Low,1,1
12330,11279,Speed,Low,15,1
12331,11779,Network,Low,8,5
12332,9460,Speed,Medium,9,1
12333,560,Refund,Low,15,3
12334,13591,Login,Low,11,5
12335,9420,Login,Medium,3,2
12336,7581,Login,High,18,4
12337,315,Speed,High,10,2
12338,8177,Login,Low,4,5
12339,7418,Login,Medium,5,1
12340,2320,Speed,Medium,8,3
12341,3628,Login,Medium,14,1
12342,12468,Speed,Low,13,2
12343,14500,Billing,High,15,5
12344,2075,Network,High,17,2
12345,3562,Speed,Medium,13,4
12346,10504,Billing,Medium,6,5
12347,4563,Technical,High,16,3
12348,4349,Technical,Medium,14,5
12349,14116,Technical,Low,13,2
12350,6495,Technical,High,20,2
12351,6348,Refund,High,10,4
12352,9271,Refund,Medium,2,4
12353,13379,Login,Low,10,1
12354,4112,Technical,Low,3,1
12355,10006,Refund,High,14,3
12356,13376,Billing,High,6,2
12357,13376,Technical,Low,3,4
12358,6017,Network,Medium,17,3
12359,13169,Technical,Low,7,1
12360,7055,Speed,High,16,5
12361,7799,Billing,Medium,2,4
12362,9846,Network,Medium,18,3
12363,10988,Billing,Medium,6,5
12364,3654,Refund,Low,6,3
12365,13511,Network,Medium,19,2
12366,1951,Refund,Medium,4,3
12367,7625,Billing,Low,19,1
12368,8080,Speed,Medium,8,2
12369,6930,Technical,High,1,4
12370,11078,Refund,High,19,5
12371,14383,Speed,High,7,1
12372,3175,Login,High,7,5
12373,2489,Network,Low,14,1
12374,2900,Login,High,17,4
12375,10316,Login,Medium,13,4
12376,7923,Billing,Medium,12,5
12377,278,Speed,High,14,5
12378,5874,Refund,High,15,2
12379,8338,Refund,Low,15,4
12380,14827,Login,High,1,1
12381,10587,Technical,High,5,3
12382,7868,Billing,High,4,1
12383,232,Refund,Low,14,2
12384,7148,Billing,High,3,4
12385,1758,Speed,High,15,2
12386,4533,Refund,High,12,4
12387,8155,Technical,High,17,1
12388,5800,Speed,Low,10,1
12389,11412,Network,High,2,5
12390,4072,Login,Low,19,5
12391,6063,Network,High,9,4
12392,11175,Login,High,5,3
12393,14665,Login,High,8,2
12394,2639,Billing,High,2,2
12395,256,Refund,High,17,3
12396,9004,Speed,Medium,17,3
12397,7532,Network,Medium,10,4
12398,844,Technical,Medium,3,4
12399,12586,Technical,Medium,18,2
12400,2279,Billing,Medium,20,5
12401,7225,Technical,Low,16,1
12402,64,Technical,Medium,5,2
12403,14019,Billing,High,15,3
12404,12003,Login,High,14,2
12405,8318,Login,Medium,9,5
12406,8564,Technical,Medium,1,5
12407,4647,Speed,Medium,14,2
12408,1835,Refund,High,4,2
12409,207,Refund,Low,4,2
12410,5973,Speed,High,2,5
12411,953,Technical,Medium,15,1
12412,11180,Technical,High,1,4
12413,8383,Billing,Medium,1,5
12414,14663,Refund,Low,16,3
12415,148,Billing,Low,16,2
12416,2327,Network,Medium,9,5
12417,3855,Refund,Medium,6,3
12418,12340,Refund,Medium,17,2
12419,9012,Technical,High,15,4
12420,480,Technical,High,5,3
12421,11130,Speed,Low,4,2
12422,12321,Refund,Medium,1,2
12423,7724,Billing,Low,9,2
12424,2071,Speed,High,14,1
12425,739,Login,High,16,4
12426,4432,Network,Medium,2,2
12427,8010,Speed,Low,6,1
12428,6903,Technical,Low,20,1
12429,104,Login,Medium,1,3
12430,10655,Network,Medium,18,2
12431,11786,Network,High,7,4
12432,7774,Network,High,1,1
12433,11116,Login,Low,12,5
12434,9938,Billing,Low,15,2
12435,895,Technical,Low,4,2
12436,8970,Technical,Low,20,2
12437,10180,Technical,Medium,18,3
12438,3800,Speed,Low,4,1
12439,12168,Speed,Low,15,1
12440,10294,Billing,Low,11,2
12441,489,Billing,High,15,2
12442,10974,Speed,High,4,5
12443,1376,Technical,High,5,5
12444,13086,Login,Medium,13,2
12445,11934,Login,Low,3,3
12446,8970,Refund,Medium,14,1
12447,9871,Billing,High,17,4
12448,2876,Technical,Medium,11,1
12449,413,Speed,High,10,3
12450,9344,Login,Medium,10,5
12451,7797,Refund,High,13,3
12452,1037,Billing,High,13,4
12453,6645,Network,Medium,12,3
12454,4900,Login,Low,3,1
12455,8217,Network,Medium,1,4
12456,4231,Billing,Low,1,2
12457,1363,Login,Medium,15,1
12458,12915,Billing,Low,6,1
12459,8492,Login,High,4,3
12460,6223,Refund,High,9,1
12461,10655,Login,High,16,5
12462,8007,Speed,Medium,4,3
12463,10664,Technical,Medium,18,1
12464,7205,Technical,Low,11,1
12465,7668,Technical,Low,1,4
12466,11520,Login,High,7,3
12467,8547,Technical,Low,9,1
12468,332,Refund,Medium,14,5
12469,1771,Speed,Medium,9,5
12470,7299,Refund,Medium,2,5
12471,8586,Billing,High,20,5
12472,2105,Billing,Medium,14,5
12473,9831,Login,High,4,2
12474,12950,Billing,Medium,12,3
12475,14943,Speed,High,18,3
12476,2436,Speed,High,7,4
12477,1800,Technical,High,8,4
12478,4342,Speed,Low,15,1
12479,8007,Speed,Low,3,3
12480,11725,Refund,Low,13,4
12481,1890,Login,Medium,10,5
12482,548,Network,Low,19,3
12483,3683,Speed,Low,13,4
12484,7938,Speed,Medium,2,4
12485,7317,Technical,Medium,18,2
12486,14797,Speed,High,12,2
12487,2968,Speed,Medium,17,1
12488,5749,Billing,High,3,1
12489,12547,Login,Medium,15,2
12490,6309,Network,Low,18,5
12491,8430,Refund,Low,20,5
12492,825,Refund,Low,16,1
12493,8817,Login,High,9,2
12494,2765,Technical,Low,10,5
12495,6417,Technical,Medium,9,1
12496,3308,Billing,Low,3,4
12497,5004,Technical,Medium,19,3
12498,5162,Network,High,5,5
12499,2173,Speed,Low,1,1
12500,6600,Login,High,15,5
12501,6180,Speed,Low,6,4
12502,14935,Technical,Medium,4,4
12503,3641,Login,High,15,4
12504,904,Refund,Low,12,2
12505,8481,Network,High,12,5
12506,14601,Technical,Medium,3,4
12507,10340,Refund,Medium,20,5
12508,9354,Technical,Medium,17,4
12509,3727,Network,Low,6,2
12510,1268,Login,Medium,20,4
12511,5712,Login,High,20,4
12512,12176,Network,Medium,9,1
12513,11036,Billing,Low,18,4
12514,6612,Speed,Low,12,2
12515,12447,Network,Low,19,3
12516,14817,Billing,Medium,16,3
12517,9939,Refund,Medium,2,3
12518,12171,Speed,Low,1,3
12519,1315,Refund,Low,20,4
12520,12852,Speed,Low,8,3
12521,2396,Login,Medium,1,4
12522,8460,Speed,High,19,4
12523,988,Billing,Low,5,1
12524,3493,Refund,Low,8,4
12525,13432,Technical,Medium,19,1
12526,10865,Refund,Low,3,1
12527,13436,Network,High,19,4
12528,9721,Billing,Medium,17,4
12529,10787,Refund,Medium,9,2
12530,7561,Network,Low,19,1
12531,1245,Billing,Medium,4,5
12532,6209,Technical,Low,10,5
12533,5371,Speed,High,12,1
12534,13465,Network,Medium,7,3
12535,1452,Technical,High,15,4
12536,9149,Speed,Medium,1,2
12537,1705,Refund,High,14,2
12538,5822,Billing,Low,15,5
12539,10388,Network,High,6,3
12540,14608,Billing,Low,8,1
12541,4702,Technical,High,7,1
12542,7074,Network,Medium,13,5
12543,757,Speed,High,18,5
12544,7803,Speed,Low,9,4
12545,3378,Billing,High,17,5
12546,3816,Refund,Medium,11,5
12547,6385,Speed,Low,2,1
12548,3340,Network,Medium,5,4
12549,14881,Speed,Low,10,1
12550,1518,Speed,High,16,3
12551,13816,Network,High,18,5
12552,1190,Refund,High,12,3
12553,7661,Billing,Medium,11,4
12554,2799,Refund,Low,20,3
12555,12988,Network,High,19,4
12556,4439,Billing,Low,17,4
12557,3987,Speed,Low,8,1
12558,14630,Speed,High,18,1
12559,2972,Login,High,10,1
12560,6030,Login,High,5,1
12561,9395,Speed,Medium,12,1
12562,13851,Login,High,5,1
12563,14863,Speed,Medium,4,5
12564,10110,Billing,High,12,2
12565,4441,Speed,Medium,9,5
12566,1449,Technical,Low,1,5
12567,12764,Speed,High,1,3
12568,9485,Login,High,18,5
12569,6571,Network,High,12,4
12570,624,Refund,High,12,2
12571,8268,Refund,High,8,1
12572,3112,Billing,Medium,13,1
12573,11276,Network,Medium,1,3
12574,10955,Network,High,1,4
12575,1183,Speed,Low,13,5
12576,14498,Billing,Low,3,3
12577,10010,Refund,Medium,12,4
12578,4884,Login,High,20,4
12579,14277,Billing,High,19,2
12580,1445,Billing,Medium,3,1
12581,13187,Technical,Medium,14,3
12582,5364,Network,Low,6,3
12583,6894,Speed,High,19,1
12584,10992,Network,Medium,2,5
12585,10612,Speed,Low,7,2
12586,10130,Technical,Low,20,1
12587,3049,Speed,Low,14,4
12588,7436,Technical,Medium,3,4
12589,14883,Speed,Medium,3,4
12590,13382,Network,Medium,4,4
12591,7997,Billing,Low,14,3
12592,9372,Login,High,5,3
12593,5130,Login,High,2,3
12594,6512,Network,Medium,6,3
12595,8404,Network,Medium,12,2
12596,199,Network,Low,17,3
12597,8943,Login,Medium,16,5
12598,2390,Network,Medium,1,1
12599,12885,Speed,Low,17,5
12600,4742,Technical,Low,11,5
12601,4536,Network,Medium,2,1
12602,2482,Refund,Medium,12,3
12603,3067,Speed,Low,18,4
12604,13074,Refund,Medium,13,2
12605,11931,Billing,Medium,3,5
12606,13607,Billing,Low,9,3
12607,1759,Login,Low,8,1
12608,8842,Refund,Low,5,1
12609,10620,Speed,Medium,6,4
12610,11118,Network,Low,8,1
12611,7757,Login,Low,20,3
12612,14875,Billing,High,8,5
12613,9480,Refund,Medium,7,5
12614,12524,Billing,High,6,2
12615,5898,Speed,Low,20,3
12616,11335,Technical,Medium,1,4
12617,1551,Network,Medium,11,2
12618,13008,Refund,Medium,1,2
12619,3453,Refund,Medium,3,5
12620,4500,Technical,Medium,5,4
12621,8080,Speed,Low,15,3
12622,126,Billing,Medium,4,1
12623,10501,Login,Low,12,3
12624,4778,Billing,Medium,11,5
12625,8156,Refund,Medium,2,5
12626,6384,Login,Low,17,1
12627,11287,Technical,High,1,4
12628,9042,Network,High,10,1
12629,9540,Login,Low,13,1
12630,254,Refund,Medium,16,1
12631,567,Login,Medium,1,2
12632,12462,Technical,High,13,3
12633,6013,Billing,Medium,18,5
12634,1605,Network,Low,14,2
12635,3160,Refund,Low,19,2
12636,5736,Refund,Medium,1,3
12637,8904,Refund,Low,2,2
12638,7542,Technical,Low,19,2
12639,8277,Network,High,8,1
12640,522,Technical,Low,2,1
12641,651,Billing,High,6,3
12642,14956,Network,High,5,5
12643,3414,Technical,Low,14,1
12644,2145,Login,High,20,1
12645,9905,Billing,Medium,11,5
12646,10203,Technical,Medium,9,3
12647,9799,Refund,Low,15,1
12648,8178,Refund,High,5,4
12649,390,Refund,Low,7,5
12650,4944,Login,Medium,18,5
12651,13549,Refund,High,2,4
12652,1191,Refund,Low,12,1
12653,3957,Technical,Medium,15,3
12654,10889,Login,Low,10,4
12655,11210,Speed,High,18,3
12656,9537,Login,Medium,15,2
12657,2992,Billing,Medium,5,1
12658,6621,Billing,Low,10,1
12659,3190,Refund,Low,1,1
12660,3602,Network,Medium,11,2
12661,9776,Network,Low,8,5
12662,11765,Network,Medium,7,3
12663,9619,Refund,Low,1,1
12664,358,Technical,Medium,3,2
12665,5201,Billing,Low,12,4
12666,5475,Refund,Medium,5,5
12667,1579,Network,Medium,14,5
12668,8456,Network,Medium,2,3
12669,385,Technical,Medium,1,4
12670,1630,Speed,High,3,4
12671,1530,Refund,Low,15,4
12672,9629,Speed,High,16,5
12673,8375,Technical,Low,9,3
12674,416,Technical,Medium,13,1
12675,11103,Network,High,14,5
12676,3925,Refund,High,11,2
12677,11966,Billing,Low,2,4
12678,1386,Network,High,4,2
12679,5685,Login,High,2,5
12680,9834,Billing,Medium,20,4
12681,249,Network,Low,6,4
12682,11300,Login,Low,3,5
12683,8324,Technical,High,3,4
12684,11613,Refund,Medium,20,1
12685,9399,Refund,Low,17,5
12686,9691,Refund,High,4,4
12687,12867,Technical,Low,16,3
12688,5504,Speed,Medium,13,5
12689,14578,Network,Medium,17,3
12690,12563,Speed,Low,16,3
12691,8879,Login,Medium,18,4
12692,8284,Network,High,14,1
12693,14286,Speed,High,13,5
12694,8342,Technical,Low,16,3
12695,3028,Billing,Medium,16,4
12696,5915,Technical,High,3,5
12697,3039,Network,Low,18,1
12698,1535,Billing,Low,20,1
12699,2745,Login,Low,13,3
12700,13351,Technical,High,16,3
12701,1793,Refund,Medium,4,3
12702,13500,Technical,Low,7,1
12703,2873,Refund,Low,10,5
12704,14491,Refund,Medium,6,2
12705,8302,Refund,Low,1,3
12706,7562,Refund,Medium,14,1
12707,2281,Billing,High,16,3
12708,11643,Technical,Medium,15,5
12709,5151,Technical,High,3,5
12710,7399,Network,High,11,1
12711,14395,Refund,High,14,4
12712,9360,Refund,High,3,3
12713,862,Refund,Low,7,3
12714,11560,Technical,High,1,3
12715,5537,Speed,Medium,11,5
12716,5869,Technical,Medium,15,2
12717,11547,Billing,Low,7,4
12718,8904,Refund,Medium,1,2
12719,3411,Login,Medium,10,5
12720,12759,Network,High,16,4
12721,5365,Billing,High,9,3
12722,12790,Technical,Low,4,1
12723,5863,Billing,High,6,5
12724,10922,Login,Medium,1,4
12725,3760,Network,Low,7,4
12726,1543,Refund,Medium,11,5
12727,4809,Network,Medium,2,4
12728,9435,Login,Low,4,5
12729,2492,Login,Low,7,5
12730,14839,Technical,Medium,9,2
12731,9199,Speed,High,11,3
12732,5643,Network,Low,8,5
12733,11977,Billing,Low,5,4
12734,11703,Login,Medium,12,4
12735,13586,Network,High,7,3
12736,14959,Refund,Medium,4,2
12737,1032,Refund,Medium,19,2
12738,13691,Refund,High,17,4
12739,14327,Network,High,2,4
12740,2660,Login,Low,5,1
12741,14985,Refund,High,17,2
12742,8941,Speed,Low,9,4
12743,11269,Technical,High,2,1
12744,9091,Login,Medium,19,5
12745,8368,Refund,High,18,1
12746,13770,Speed,Low,17,3
12747,130,Refund,Low,17,1
12748,14400,Refund,Low,12,5
12749,495,Billing,Low,12,5
12750,12620,Login,Low,15,5
12751,10867,Refund,Low,11,5
12752,11614,Technical,Low,9,3
12753,6957,Technical,Low,13,3
12754,5421,Refund,Low,12,2
12755,8931,Login,Low,17,1
12756,6939,Billing,Low,2,1
12757,3765,Speed,High,3,1
12758,6662,Technical,Medium,8,4
12759,7576,Technical,High,1,5
12760,11981,Network,High,10,1
12761,12744,Speed,High,17,4
12762,2114,Login,High,13,1
12763,14557,Technical,High,1,2
12764,35,Network,High,13,4
12765,14986,Technical,High,9,5
12766,2355,Refund,Medium,14,4
12767,9332,Billing,Medium,14,3
12768,8021,Login,Low,18,2
12769,7099,Network,High,14,3
12770,12282,Refund,Low,13,3
12771,8141,Speed,Medium,11,3
12772,9849,Refund,Low,13,3
12773,11007,Refund,High,3,1
12774,6349,Network,High,15,3
12775,13912,Network,High,3,5
12776,4494,Network,Medium,7,1
12777,1926,Refund,Medium,14,3
12778,13698,Network,High,20,3
12779,11801,Login,Low,8,3
12780,2982,Refund,Medium,7,5
12781,3772,Network,Medium,14,2
12782,11462,Network,Low,18,1
12783,14992,Login,Low,7,2
12784,1130,Login,Medium,15,4
12785,12626,Speed,Low,16,4
12786,6226,Technical,Medium,12,5
12787,14090,Speed,Low,10,3
12788,4502,Billing,High,9,1
12789,5641,Refund,Low,12,5
12790,5467,Network,High,16,5
12791,10170,Technical,Medium,8,3
12792,8337,Refund,High,7,3
12793,3397,Technical,High,6,4
12794,12535,Refund,Low,2,4
12795,6659,Network,Low,20,1
12796,7423,Billing,High,5,2
12797,10434,Billing,Low,5,3
12798,4320,Login,High,14,3
12799,12642,Speed,Low,14,1
12800,14007,Refund,Medium,18,2
12801,5833,Speed,Medium,9,5
12802,620,Speed,Low,3,4
12803,12799,Technical,Low,8,3
12804,2834,Network,High,17,2
12805,11687,Billing,High,8,1
12806,14650,Billing,Low,15,2
12807,2909,Login,Low,19,4
12808,433,Technical,Low,5,4
12809,14499,Speed,High,15,5
12810,5380,Login,Medium,19,4
12811,14089,Network,Medium,20,1
12812,7869,Technical,Low,19,3
12813,8396,Speed,Medium,18,2
12814,2859,Billing,High,6,1
12815,6187,Technical,High,2,5
12816,14939,Refund,Low,2,1
12817,11218,Technical,Low,19,2
12818,3786,Network,High,7,3
12819,5072,Speed,High,15,1
12820,13430,Technical,Low,9,1
12821,11021,Refund,High,13,4
12822,4298,Login,Low,17,3
12823,2037,Billing,High,1,4
12824,10197,Refund,Medium,6,5
12825,11263,Login,Low,17,2
12826,8973,Network,High,3,2
12827,747,Speed,Low,7,2
12828,5767,Billing,High,4,4
12829,1349,Network,High,4,5
12830,4311,Network,High,1,1
12831,2839,Technical,Low,2,1
12832,11301,Billing,High,1,5
12833,6404,Speed,Low,13,3
12834,10636,Network,Medium,16,4
12835,3711,Refund,Low,10,1
12836,13927,Refund,Low,11,1
12837,9266,Login,High,14,4
12838,2311,Technical,Medium,9,5
12839,13344,Network,Medium,3,1
12840,6668,Technical,Low,11,5
12841,10628,Login,High,14,2
12842,729,Refund,Medium,17,5
12843,2275,Technical,Medium,1,4
12844,14241,Billing,Low,2,4
12845,9898,Billing,Medium,16,5
12846,10469,Speed,Medium,13,4
12847,14676,Speed,Medium,18,4
12848,9667,Billing,Medium,18,5
12849,11774,Billing,Medium,16,4
12850,992,Speed,High,11,3
12851,11176,Billing,Low,20,1
12852,14564,Speed,Medium,4,5
12853,12760,Refund,High,6,3
12854,4553,Billing,Low,12,1
12855,5232,Refund,High,18,3
12856,1221,Speed,Low,8,4
12857,12425,Network,High,12,3
12858,11096,Network,Medium,9,1
12859,6171,Technical,Medium,17,2
12860,11589,Technical,Low,4,2
12861,137,Billing,High,6,3
12862,11601,Refund,Low,12,3
12863,9874,Speed,Low,7,1
12864,485,Technical,Medium,17,2
12865,11401,Technical,Medium,1,3
12866,93,Network,Low,13,4
12867,4266,Login,Medium,18,1
12868,6993,Login,High,4,5
12869,2717,Billing,High,18,1
12870,11322,Billing,Medium,3,2
12871,10631,Billing,Medium,5,3
12872,3506,Technical,Low,14,3
12873,9400,Technical,Medium,2,3
12874,408,Refund,Low,2,5
12875,12580,Network,Medium,17,4
12876,152,Billing,Medium,3,3
12877,14371,Billing,Low,10,4
12878,3664,Technical,Medium,5,2
12879,3660,Speed,High,2,3
12880,747,Login,High,15,5
12881,6970,Refund,Medium,7,1
12882,12315,Network,Low,16,3
12883,879,Refund,High,12,1
12884,5025,Technical,Medium,12,1
12885,11474,Speed,High,8,4
12886,5970,Refund,High,8,1
12887,7579,Network,Low,9,2
12888,13560,Billing,Medium,13,3
12889,1136,Refund,Low,1,5
12890,12501,Billing,Low,9,2
12891,6869,Refund,Medium,13,1
12892,652,Network,Medium,10,1
12893,9272,Refund,High,16,4
12894,8166,Network,Low,13,2
12895,13975,Technical,High,1,3
12896,1115,Refund,Low,18,5
12897,8564,Billing,Low,18,4
12898,13286,Technical,Medium,16,5
12899,10829,Billing,High,10,5
12900,11397,Refund,Low,7,1
12901,8935,Login,Medium,18,4
12902,11879,Login,Medium,16,3
12903,11091,Network,Low,6,5
12904,13440,Network,Low,13,4
12905,7209,Speed,Medium,20,1
12906,4920,Speed,Medium,17,5
12907,6226,Speed,Medium,6,1
12908,7686,Refund,Low,18,3
12909,1515,Refund,High,13,2
12910,1611,Login,High,5,2
12911,5130,Speed,Medium,1,3
12912,1664,Network,Medium,9,4
12913,7336,Technical,High,13,4
12914,164,Network,Medium,1,5
12915,5391,Refund,Low,8,1
12916,1947,Refund,High,15,5
12917,4563,Billing,High,10,3
12918,13500,Speed,Medium,13,4
12919,9509,Technical,Low,16,1
12920,3990,Speed,High,19,5
12921,551,Login,Medium,6,2
12922,12579,Billing,High,13,4
12923,14833,Billing,Low,20,4
12924,329,Billing,High,10,3
12925,14852,Speed,Low,5,5
12926,9456,Speed,High,10,2
12927,1888,Refund,Medium,13,4
12928,11951,Refund,Low,5,5
12929,11718,Speed,High,16,4
12930,1879,Refund,High,10,5
12931,1845,Refund,Medium,18,5
12932,6607,Billing,Low,20,5
12933,9431,Billing,High,6,4
12934,7908,Speed,Low,7,2
12935,8191,Refund,High,20,3
12936,11035,Refund,Medium,7,2
12937,10661,Technical,High,14,4
12938,7730,Network,High,3,1
12939,2045,Speed,High,20,5
12940,4596,Billing,Low,5,5
12941,3614,Billing,Medium,20,5
12942,6131,Speed,Low,17,3
12943,8613,Technical,Medium,17,1
12944,3508,Billing,High,16,3
12945,10761,Network,Medium,15,3
12946,1548,Login,High,4,1
12947,2079,Login,Medium,1,3
12948,10913,Refund,Low,13,4
12949,13449,Network,High,14,4
12950,1821,Speed,High,13,1
12951,9735,Network,High,3,1
12952,5127,Speed,Low,5,5
12953,11159,Speed,Low,8,4
12954,13453,Billing,High,7,3
12955,2127,Network,Medium,19,4
12956,5359,Technical,Medium,14,2
12957,12559,Technical,High,2,2
12958,2774,Speed,Medium,14,4
12959,7335,Speed,Low,20,4
12960,3193,Technical,Medium,15,2
12961,1312,Billing,Low,3,2
12962,5317,Network,Low,3,5
12963,1233,Refund,High,15,5
12964,6622,Refund,Medium,11,3
12965,13851,Network,Low,15,5
12966,12315,Technical,High,3,2
12967,3003,Speed,Low,5,5
12968,9405,Network,Medium,9,1
12969,7199,Speed,High,1,3
12970,1587,Refund,Medium,2,2
12971,4329,Speed,High,6,4
12972,245,Technical,High,3,1
12973,10301,Technical,Low,18,3
12974,2190,Refund,Low,20,1
12975,9719,Billing,Low,14,4
12976,6112,Technical,High,7,3
12977,3055,Billing,Low,18,5
12978,11171,Refund,Medium,14,1
12979,12056,Login,Medium,12,3
12980,2433,Network,High,9,4
12981,10208,Network,Low,2,1
12982,6848,Login,High,10,1
12983,14474,Login,Low,18,5
12984,14639,Network,Medium,13,3
12985,5110,Technical,High,10,1
12986,13806,Technical,High,20,4
12987,7759,Refund,High,12,1
12988,6510,Network,High,2,2
12989,3123,Speed,Low,5,1
12990,704,Speed,High,4,1
12991,8903,Technical,Medium,4,2
12992,2946,Technical,Low,9,5
12993,1498,Speed,Low,16,4
12994,10211,Technical,Low,2,1
12995,7727,Speed,Medium,15,4
12996,3972,Refund,High,9,5
12997,13009,Speed,Medium,2,1
12998,11158,Refund,Low,10,1
12999,2031,Speed,Low,6,1
13000,4980,Speed,Medium,15,2
13001,6339,Billing,Medium,16,5
13002,12029,Technical,Low,6,4
13003,14966,Technical,Low,2,2
13004,11693,Billing,Low,20,4
13005,14963,Billing,High,18,5
13006,14866,Login,Low,13,4
13007,8335,Network,Medium,13,2
13008,11564,Login,Medium,10,4
13009,1588,Refund,High,13,1
13010,7440,Login,High,1,3
13011,11143,Refund,High,1,5
13012,6134,Network,Low,5,1
13013,4464,Billing,Medium,9,3
13014,3881,Speed,Medium,10,3
13015,5745,Refund,Low,12,1
13016,6422,Billing,Low,19,3
13017,12818,Login,High,14,1
13018,13579,Billing,Medium,7,1
13019,12025,Speed,Medium,17,4
13020,8929,Network,Medium,7,5
13021,2468,Billing,Low,9,5
13022,11822,Refund,Low,18,2
13023,9886,Network,Low,1,1
13024,2934,Network,Medium,8,2
13025,6084,Login,Low,16,5
13026,5008,Speed,Low,2,1
13027,13520,Technical,Medium,11,1
13028,3224,Refund,High,8,2
13029,3224,Technical,Low,7,3
13030,1390,Speed,High,10,4
13031,1263,Billing,Low,12,4
13032,11326,Speed,High,11,1
13033,8090,Speed,Medium,4,2
13034,7866,Login,Medium,2,3
13035,5188,Login,Medium,7,1
13036,13447,Billing,Medium,17,4
13037,889,Speed,Medium,15,4
13038,13040,Technical,Low,20,1
13039,9621,Network,Medium,4,5
13040,13696,Refund,High,7,5
13041,10294,Billing,Medium,6,1
13042,179,Network,Low,14,2
13043,14024,Refund,High,17,4
13044,3932,Technical,Low,1,5
13045,10326,Network,Medium,2,2
13046,8749,Refund,High,19,5
13047,11731,Billing,Low,20,2
13048,9558,Login,Low,13,5
13049,7737,Speed,Medium,19,1
13050,8691,Network,Low,5,3
13051,11158,Billing,High,6,5
13052,759,Billing,Medium,1,4
13053,4006,Network,Medium,11,2
13054,9855,Refund,Medium,6,1
13055,10777,Login,Medium,13,1
13056,3666,Speed,Medium,5,3
13057,1468,Billing,High,16,4
13058,8593,Network,High,6,5
13059,1459,Refund,Low,4,5
13060,12879,Billing,Low,11,4
13061,3846,Network,Medium,2,1
13062,1015,Login,Low,20,1
13063,7338,Refund,High,12,1
13064,8064,Technical,Medium,13,3
13065,7664,Login,Low,4,4
13066,12528,Login,High,11,1
13067,5546,Refund,High,7,4
13068,5462,Network,High,19,4
13069,8142,Network,Low,7,5
13070,12106,Technical,Low,3,4
13071,10670,Network,Medium,12,1
13072,3894,Login,Medium,2,5
13073,5822,Speed,Low,20,4
13074,14724,Speed,High,7,5
13075,3897,Speed,High,7,4
13076,5210,Refund,Low,17,1
13077,4574,Speed,Medium,20,2
13078,7028,Billing,Medium,9,1
13079,6540,Network,High,15,2
13080,12770,Technical,Medium,14,4
13081,5092,Refund,Medium,15,1
13082,12808,Technical,Low,15,3
13083,11501,Technical,Medium,19,5
13084,12663,Login,Medium,3,4
13085,980,Billing,Low,1,2
13086,3731,Login,High,17,3
13087,9172,Login,High,7,3
13088,4561,Refund,Low,15,1
13089,2054,Login,Medium,18,1
13090,7156,Refund,Low,9,2
13091,11356,Speed,High,14,3
13092,4876,Speed,High,8,3
13093,947,Technical,Medium,3,2
13094,7670,Speed,Low,19,5
13095,11774,Technical,High,12,3
13096,9194,Network,High,9,3
13097,4996,Refund,Medium,6,1
13098,11231,Speed,Low,18,3
13099,3453,Refund,High,19,5
13100,6490,Billing,Medium,8,1
13101,69,Refund,High,17,3
13102,10910,Technical,Medium,20,3
13103,9286,Speed,Low,6,3
13104,1771,Technical,Low,19,5
13105,10570,Speed,Low,13,4
13106,6732,Billing,Low,7,4
13107,14639,Login,Medium,5,3
13108,10573,Speed,Medium,7,3
13109,8570,Technical,High,17,5
13110,3074,Network,Low,2,3
13111,3611,Login,Low,2,2
13112,11767,Refund,Low,3,2
13113,13915,Network,Medium,2,2
13114,3869,Network,High,20,5
13115,13924,Speed,High,7,2
13116,10364,Login,High,19,5
13117,2680,Speed,Low,15,4
13118,10886,Network,Medium,8,2
13119,11692,Technical,Medium,4,2
13120,6374,Speed,Low,16,3
13121,10533,Refund,Medium,6,1
13122,9275,Technical,High,5,4
13123,1016,Network,Medium,14,4
13124,6558,Refund,High,2,1
13125,14444,Technical,Low,19,4
13126,11930,Billing,High,18,4
13127,13401,Login,Low,9,4
13128,3806,Speed,High,2,2
13129,5305,Network,Medium,12,5
13130,9497,Refund,Low,16,4
13131,13041,Refund,Low,8,3
13132,4405,Network,High,3,3
13133,14064,Login,High,13,1
13134,8009,Refund,Medium,11,3
13135,11986,Login,Medium,14,2
13136,6253,Login,High,5,1
13137,5229,Speed,Low,2,5
13138,13058,Billing,Low,17,2
13139,10914,Refund,High,18,2
13140,793,Speed,High,7,1
13141,1124,Technical,High,4,5
13142,13123,Network,Medium,11,4
13143,2613,Refund,Medium,17,2
13144,2311,Network,Low,11,3
13145,8890,Speed,Medium,5,4
13146,14124,Speed,Low,18,1
13147,9737,Refund,Low,8,4
13148,738,Network,High,6,5
13149,10308,Technical,High,2,3
13150,1867,Speed,High,12,2
13151,13076,Speed,High,16,4
13152,12891,Refund,Low,13,2
13153,12565,Network,Low,19,4
13154,10085,Billing,Low,7,5
13155,12834,Billing,Low,5,3
13156,5037,Technical,Low,5,3
13157,9665,Billing,Low,1,1
13158,11789,Refund,Medium,1,2
13159,2744,Speed,Medium,8,1
13160,4752,Refund,Medium,13,1
13161,11436,Technical,Medium,8,5
13162,1666,Speed,Low,8,3
13163,14791,Speed,Low,13,3
13164,13211,Network,Low,1,1
13165,3635,Speed,Medium,11,5
13166,11289,Refund,Low,6,1
13167,14027,Speed,Low,11,3
13168,11156,Refund,High,13,3
13169,4714,Speed,Low,18,4
13170,8420,Billing,Medium,6,1
13171,1222,Technical,Low,10,2
13172,7881,Billing,Low,13,1
13173,12923,Login,Medium,16,3
13174,5681,Billing,Low,15,2
13175,11704,Billing,Medium,6,3
13176,6097,Network,Medium,8,1
13177,7200,Login,High,2,1
13178,14335,Technical,Medium,18,5
13179,1506,Refund,Medium,9,1
13180,7550,Refund,Low,9,2
13181,4639,Speed,High,17,5
13182,11077,Login,Low,1,5
13183,1096,Login,Medium,20,1
13184,14009,Technical,High,4,3
13185,14198,Speed,High,18,3
13186,8311,Billing,High,12,3
13187,11040,Refund,High,7,3
13188,5173,Billing,Medium,1,1
13189,2818,Login,Low,20,2
13190,9993,Refund,Medium,3,1
13191,2680,Billing,Medium,18,1
13192,8518,Login,High,7,5
13193,7805,Technical,High,5,2
13194,1621,Technical,Medium,10,5
13195,3454,Refund,Medium,5,3
13196,14806,Billing,Low,14,5
13197,11747,Billing,Medium,4,5
13198,10378,Login,Low,12,2
13199,10576,Speed,Medium,9,5
13200,293,Technical,Medium,5,2
13201,5305,Network,High,3,5
13202,8210,Refund,High,10,3
13203,11224,Speed,High,14,3
13204,2734,Refund,Medium,19,3
13205,14377,Network,Medium,19,5
13206,9690,Login,Low,1,2
13207,10807,Speed,Medium,16,2
13208,9585,Technical,High,3,4
13209,6751,Billing,Medium,15,4
13210,11358,Technical,Low,8,4
13211,6161,Refund,High,18,3
13212,11245,Network,Medium,14,3
13213,239,Speed,Low,15,3
13214,6893,Login,Low,4,3
13215,7789,Login,High,8,3
13216,6829,Refund,Low,19,3
13217,10855,Network,High,4,3
13218,12842,Billing,Medium,2,2
13219,9834,Technical,Medium,9,2
13220,3451,Speed,Medium,8,4
13221,4302,Speed,Medium,12,4
13222,13075,Technical,Low,8,3
13223,11513,Speed,High,11,1
13224,907,Speed,Low,14,4
13225,9210,Speed,Low,17,1
13226,3899,Network,Low,13,2
13227,8518,Login,Medium,13,5
13228,1281,Refund,Low,15,1
13229,10323,Refund,High,1,1
13230,1364,Technical,Low,17,3
13231,3839,Refund,Low,7,2
13232,7941,Speed,Medium,9,5
13233,8787,Billing,Medium,12,2
13234,91,Network,High,14,5
13235,14119,Login,Low,17,3
13236,9835,Refund,High,18,2
13237,6545,Login,High,4,2
13238,7680,Login,Medium,4,2
13239,2028,Billing,Medium,3,1
13240,62,Billing,Low,18,3
13241,6390,Technical,Low,14,3
13242,12662,Speed,High,14,5
13243,5496,Technical,Medium,6,3
13244,5842,Billing,High,2,2
13245,2094,Refund,Low,20,1
13246,8972,Technical,Medium,1,1
13247,5364,Technical,Low,5,3
13248,1934,Network,Medium,17,4
13249,5921,Billing,Low,7,2
13250,14545,Technical,Medium,2,2
13251,9297,Technical,Low,15,2
13252,6096,Refund,Medium,14,1
13253,4156,Login,Medium,2,3
13254,4989,Technical,Low,10,5
13255,4479,Refund,High,13,2
13256,756,Technical,Low,3,2
13257,7585,Billing,High,12,4
13258,13744,Login,Low,1,2
13259,693,Speed,Low,13,4
13260,14016,Network,Medium,4,1
13261,6226,Billing,High,16,5
13262,7292,Billing,High,10,1
13263,3094,Refund,Low,11,4
13264,13032,Technical,Low,2,3
13265,14171,Speed,Medium,7,2
13266,2268,Technical,Medium,13,4
13267,13363,Technical,High,3,5
13268,11634,Billing,High,19,4
13269,10449,Login,Medium,1,4
13270,1722,Speed,Medium,8,2
13271,7500,Technical,Medium,18,3
13272,4797,Login,Medium,15,1
13273,2619,Refund,High,9,5
13274,11377,Speed,Medium,7,5
13275,9386,Network,Low,4,1
13276,427,Speed,Medium,7,1
13277,13793,Refund,Medium,14,3
13278,8227,Login,Low,11,2
13279,219,Refund,High,18,5
13280,7707,Billing,High,4,2
13281,4030,Technical,High,11,3
13282,4339,Speed,High,15,2
13283,11946,Login,Medium,10,2
13284,4751,Network,Medium,10,4
13285,3798,Refund,Medium,8,3
13286,5490,Technical,High,8,2
13287,6012,Technical,High,11,2
13288,8511,Network,High,6,3
13289,1660,Network,High,2,2
13290,12540,Speed,Low,11,4
13291,4430,Technical,High,10,4
13292,5029,Speed,High,2,4
13293,7641,Login,Medium,7,3
13294,1617,Refund,High,15,5
13295,9010,Refund,Low,14,4
13296,3609,Login,Medium,6,5
13297,1688,Network,Low,13,1
13298,8594,Billing,Low,20,2
13299,12820,Technical,High,4,5
13300,6767,Speed,Medium,4,4
13301,6020,Technical,Medium,4,1
13302,5309,Billing,Low,12,5
13303,7617,Refund,High,10,2
13304,13727,Technical,Low,17,2
13305,12113,Speed,High,4,2
13306,4783,Speed,High,3,1
13307,12632,Refund,High,19,4
13308,10571,Login,High,4,5
13309,9361,Login,Medium,16,1
13310,1679,Network,Low,1,3
13311,3296,Billing,Low,3,1
13312,6230,Login,High,18,5
13313,7067,Network,High,6,3
13314,10500,Billing,Medium,2,2
13315,600,Refund,Medium,9,3
13316,10163,Billing,Medium,3,4
13317,6848,Refund,Medium,18,4
13318,6935,Network,Medium,9,2
13319,9141,Billing,Medium,7,1
13320,11436,Network,Low,15,4
13321,8481,Login,Medium,17,3
13322,12587,Refund,High,15,1
13323,7086,Network,High,13,2
13324,1984,Network,Medium,5,2
13325,7788,Billing,Low,15,5
13326,13995,Network,High,3,2
13327,14139,Login,High,12,3
13328,13813,Refund,Medium,20,3
13329,13209,Speed,High,17,1
13330,12896,Refund,Medium,13,4
13331,637,Network,Low,15,2
13332,1875,Refund,Low,8,1
13333,6876,Network,High,11,3
13334,3226,Speed,High,20,2
13335,12575,Network,High,5,4
13336,5154,Speed,High,15,5
13337,10937,Refund,Low,2,4
13338,7736,Refund,Low,10,1
13339,6732,Network,High,19,3
13340,5073,Login,Medium,3,3
13341,7982,Network,Medium,1,3
13342,13500,Technical,High,12,1
13343,1666,Refund,High,4,4
13344,13154,Network,Low,4,4
13345,2861,Network,Medium,16,2
13346,991,Speed,Low,17,4
13347,14599,Login,Low,3,1
13348,13692,Refund,Low,15,5
13349,6112,Login,Low,12,1
13350,1329,Network,High,20,3
13351,13046,Technical,High,7,4
13352,7521,Network,High,13,1
13353,12408,Billing,Low,10,4
13354,8163,Speed,High,3,5
13355,10447,Login,Medium,14,1
13356,5327,Network,Medium,1,5
13357,9037,Login,Medium,7,2
13358,12957,Billing,Low,17,1
13359,10750,Login,High,18,5
13360,11592,Technical,Medium,15,3
13361,11146,Billing,High,10,4
13362,6721,Speed,Medium,14,2
13363,5599,Speed,Medium,18,1
13364,7437,Network,Low,16,4
13365,3996,Technical,High,12,3
13366,7461,Billing,Medium,9,3
13367,1787,Login,High,4,4
13368,4739,Speed,Low,7,2
13369,6636,Speed,High,18,4
13370,5765,Billing,Medium,5,1
13371,8055,Login,Medium,1,4
13372,9453,Refund,Medium,11,5
13373,10324,Billing,Low,9,4
13374,13470,Refund,Medium,10,5
13375,1299,Billing,Medium,19,1
13376,348,Speed,High,12,4
13377,8171,Billing,Medium,19,3
13378,7333,Technical,Medium,12,3
13379,8686,Technical,Medium,13,4
13380,3537,Login,Medium,19,5
13381,4938,Billing,Low,19,2
13382,12753,Network,High,8,5
13383,8930,Login,Medium,11,4
13384,10973,Login,High,13,1
13385,10263,Network,High,8,3
13386,5250,Billing,Low,2,2
13387,2532,Technical,Low,7,5
13388,14290,Billing,Low,15,4
13389,7533,Technical,High,18,3
13390,9970,Speed,Medium,10,1
13391,12759,Refund,Medium,8,5
13392,12011,Login,High,6,2
13393,10925,Refund,Low,1,5
13394,2402,Network,Medium,19,4
13395,4059,Billing,Medium,6,3
13396,10556,Refund,Low,13,1
13397,6953,Billing,Low,19,1
13398,1829,Technical,Medium,8,4
13399,6902,Technical,High,3,1
13400,12044,Login,Low,15,3
13401,11592,Network,High,20,2
13402,7364,Refund,High,18,1
13403,6130,Login,Medium,6,5
13404,11803,Technical,High,14,2
13405,8781,Login,Medium,2,5
13406,9346,Refund,Low,9,3
13407,10479,Refund,High,3,5
13408,4966,Billing,High,4,5
13409,2312,Billing,High,18,1
13410,7180,Network,High,3,5
13411,1228,Speed,High,2,5
13412,2640,Billing,Medium,11,1
13413,12827,Refund,Medium,4,3
13414,8671,Refund,Medium,1,4
13415,4243,Speed,High,19,5
13416,9196,Billing,Low,16,1
13417,12520,Technical,Low,18,1
13418,1014,Network,Medium,5,1
13419,2423,Technical,Medium,18,2
13420,2294,Network,Low,18,2
13421,6679,Refund,Low,14,5
13422,3093,Login,High,10,3
13423,12125,Network,Medium,11,3
13424,18,Technical,Low,14,1
13425,1840,Billing,Low,11,3
13426,12185,Refund,Low,18,2
13427,2032,Refund,High,20,5
13428,3904,Billing,Low,7,4
13429,12636,Technical,Medium,13,3
13430,2278,Network,High,2,1
13431,8378,Technical,Medium,15,5
13432,8215,Network,High,13,2
13433,7379,Network,Medium,1,2
13434,13817,Billing,High,9,5
13435,8395,Technical,High,13,3
13436,6476,Refund,Medium,6,5
13437,5521,Refund,High,1,3
13438,1891,Speed,High,5,5
13439,2732,Network,High,15,3
13440,7915,Technical,Medium,4,1
13441,13172,Refund,High,12,2
13442,5446,Login,High,9,1
13443,14272,Billing,High,8,5
13444,2805,Login,Low,16,3
13445,6936,Network,High,8,1
13446,10699,Refund,High,18,5
13447,13146,Refund,Medium,10,2
13448,12325,Network,Low,2,1
13449,513,Network,High,2,1
13450,10311,Network,Low,9,2
13451,517,Login,Medium,7,3
13452,12238,Login,Low,10,3
13453,13735,Login,Low,20,3
13454,7757,Speed,Medium,9,1
13455,1140,Technical,High,4,4
13456,14847,Speed,High,5,2
13457,574,Speed,High,7,3
13458,7158,Speed,Medium,5,5
13459,7111,Network,Medium,15,1
13460,1818,Billing,High,1,4
13461,1792,Technical,Low,12,4
13462,12018,Billing,High,9,2
13463,10324,Login,High,11,4
13464,11842,Billing,High,3,5
13465,6584,Refund,Medium,3,5
13466,30,Refund,Low,5,1
13467,5055,Speed,Low,8,4
13468,2557,Network,High,16,1
13469,13967,Refund,Low,15,2
13470,7804,Technical,Medium,12,2
13471,5687,Technical,Medium,17,3
13472,5611,Speed,Low,7,3
13473,11818,Speed,Medium,14,3
13474,7124,Login,Medium,7,3
13475,215,Network,Low,16,3
13476,10183,Network,Low,17,3
13477,143,Billing,Low,17,3
13478,3232,Network,High,13,3
13479,10215,Speed,Low,9,2
13480,8032,Network,Low,7,3
13481,5274,Billing,High,4,5
13482,11083,Speed,High,20,1
13483,11370,Speed,High,1,4
13484,2257,Login,Low,6,5
13485,4984,Network,High,19,4
13486,12715,Speed,Low,3,3
13487,9686,Speed,Medium,1,3
13488,753,Login,Medium,15,1
13489,5977,Technical,Medium,15,2
13490,10479,Billing,Low,12,4
13491,1338,Network,Low,1,5
13492,1243,Refund,Low,5,3
13493,13575,Login,High,15,4
13494,14996,Network,High,1,2
13495,10265,Network,High,12,5
13496,1148,Login,Medium,20,5
13497,14069,Login,Medium,13,4
13498,6019,Refund,Medium,3,4
13499,3767,Refund,High,3,3
13500,1232,Speed,Medium,16,5
13501,1855,Network,Low,8,4
13502,3004,Billing,High,20,2
13503,559,Speed,Low,11,4
13504,2661,Speed,Low,9,3
13505,7780,Network,Low,5,4
13506,14119,Billing,Low,11,3
13507,3404,Technical,Medium,8,5
13508,6885,Refund,Medium,6,4
13509,3670,Speed,High,1,4
13510,13770,Login,Low,2,1
13511,5976,Login,High,16,4
13512,7722,Network,Medium,10,1
13513,1292,Speed,Low,15,5
13514,10961,Refund,Low,13,2
13515,6302,Technical,Medium,6,2
13516,11332,Billing,Low,20,3
13517,10419,Technical,High,2,3
13518,7565,Login,High,10,2
13519,3446,Billing,High,9,3
13520,5787,Speed,Medium,9,1
13521,14254,Billing,High,7,5
13522,8918,Login,Medium,5,1
13523,9563,Billing,High,9,2
13524,5034,Refund,High,3,2
13525,2451,Refund,Low,1,1
13526,6034,Login,Medium,3,4
13527,8889,Billing,High,14,3
13528,11143,Technical,High,12,5
13529,3254,Technical,Low,19,4
13530,10268,Billing,High,11,4
13531,11062,Network,Low,14,5
13532,1673,Technical,High,19,1
13533,3184,Refund,High,13,5
13534,9073,Login,Low,9,2
13535,11172,Refund,Low,15,2
13536,1569,Network,Low,20,1
13537,12728,Technical,High,3,4
13538,4049,Billing,Low,19,5
13539,10177,Speed,Low,4,4
13540,3418,Speed,Medium,3,5
13541,14477,Speed,Low,11,3
13542,8856,Network,High,6,5
13543,4832,Billing,Medium,8,4
13544,6599,Technical,Medium,17,3
13545,3704,Technical,High,3,1
13546,9243,Network,Medium,7,3
13547,4239,Network,Low,14,3
13548,14576,Technical,High,16,1
13549,577,Network,Medium,15,3
13550,13638,Login,Medium,3,2
13551,2231,Billing,High,19,5
13552,13446,Speed,High,17,1
13553,6599,Login,Medium,6,5
13554,8570,Technical,Medium,1,2
13555,10242,Technical,Low,12,4
13556,6180,Refund,Medium,14,3
13557,10643,Login,High,5,2
13558,2707,Billing,High,13,4
13559,12724,Network,Medium,20,2
13560,1924,Technical,High,18,3
13561,3061,Billing,Medium,5,5
13562,11608,Billing,Low,4,4
13563,1618,Refund,Medium,19,1
13564,10686,Billing,Medium,1,3
13565,1711,Speed,Medium,16,2
13566,4072,Technical,Low,17,4
13567,6353,Billing,Low,11,3
13568,1161,Technical,Low,2,4
13569,9295,Technical,Medium,4,1
13570,3480,Technical,Low,13,4
13571,3430,Speed,Medium,12,2
13572,6424,Login,Low,9,2
13573,8105,Refund,Low,16,5
13574,284,Technical,High,3,5
13575,3854,Network,Low,13,2
13576,9019,Technical,High,16,5
13577,12051,Login,Medium,10,3
13578,5500,Refund,Medium,9,5
13579,4315,Speed,High,12,1
13580,7092,Refund,High,1,1
13581,389,Billing,High,20,3
13582,862,Billing,Low,17,3
13583,10491,Refund,Low,11,5
13584,12894,Technical,High,1,5
13585,11916,Billing,Medium,1,2
13586,4737,Billing,Low,13,4
13587,1221,Speed,High,13,1
13588,1440,Speed,Low,5,2
13589,1685,Billing,Medium,10,4
13590,2756,Login,Low,7,4
13591,11466,Billing,Low,16,3
13592,2254,Billing,High,4,4
13593,9615,Technical,Low,8,2
13594,11750,Login,Low,8,2
13595,11184,Login,High,20,1
13596,4022,Speed,Medium,20,4
13597,6977,Technical,Medium,13,4
13598,9632,Speed,Low,3,1
13599,7865,Billing,Low,19,4
13600,12569,Refund,Medium,20,1
13601,11606,Speed,Low,18,4
13602,11790,Refund,High,7,4
13603,7505,Login,Low,11,5
13604,2728,Refund,Medium,19,4
13605,6431,Login,High,1,4
13606,9658,Speed,Medium,20,3
13607,10885,Login,High,9,4
13608,10948,Technical,Medium,9,4
13609,13735,Billing,Low,15,1
13610,13970,Technical,Medium,20,5
13611,14689,Technical,High,13,1
13612,11654,Refund,High,4,4
13613,14015,Refund,Low,14,4
13614,11805,Network,High,20,4
13615,1508,Network,Low,5,3
13616,8481,Refund,High,13,2
13617,3921,Login,Medium,15,5
13618,10979,Network,Low,18,3
13619,8010,Billing,Low,18,4
13620,11602,Billing,High,12,4
13621,6748,Speed,Low,5,4
13622,1925,Network,High,17,1
13623,967,Technical,Low,11,5
13624,14545,Speed,Medium,16,5
13625,12603,Refund,Medium,8,1
13626,2905,Billing,Low,13,5
13627,4325,Technical,Medium,14,3
13628,3519,Refund,High,1,3
13629,6783,Refund,Low,19,2
13630,1983,Speed,High,7,5
13631,13275,Technical,Low,11,5
13632,2564,Billing,Medium,10,1
13633,11474,Login,Low,15,4
13634,5109,Billing,High,20,3
13635,4143,Billing,High,11,5
13636,14722,Billing,Medium,5,3
13637,3902,Billing,Low,9,1
13638,14525,Speed,High,5,2
13639,11265,Network,High,1,1
13640,12811,Login,High,12,4
13641,11641,Speed,Medium,18,1
13642,14881,Speed,Low,3,3
13643,14583,Speed,Low,2,5
13644,6887,Billing,High,3,1
13645,3309,Technical,High,7,1
13646,2996,Network,Medium,9,4
13647,6292,Network,Medium,13,2
13648,1715,Refund,Low,1,2
13649,9548,Speed,High,15,5
13650,13703,Billing,Low,5,1
13651,8423,Billing,Medium,15,1
13652,9307,Speed,Low,20,1
13653,825,Technical,High,16,4
13654,12579,Login,Low,14,1
13655,8956,Network,High,18,2
13656,3569,Login,Low,17,2
13657,13532,Login,High,4,3
13658,8571,Technical,Medium,15,1
13659,8083,Refund,High,5,4
13660,6883,Speed,Low,10,5
13661,14058,Network,High,2,4
13662,14237,Billing,Medium,19,5
13663,3958,Login,High,11,3
13664,6186,Billing,Low,8,1
13665,5254,Login,Medium,6,1
13666,13439,Technical,High,19,1
13667,7029,Technical,Low,18,1
13668,1149,Refund,Medium,20,1
13669,14730,Technical,Medium,1,2
13670,1527,Login,Low,3,4
13671,1215,Network,Low,11,1
13672,3330,Speed,Medium,1,3
13673,14917,Network,High,16,1
13674,3858,Billing,Low,9,5
13675,12481,Billing,High,12,2
13676,10840,Technical,High,17,5
13677,4194,Network,High,14,4
13678,123,Refund,Low,16,3
13679,342,Network,High,7,2
13680,3911,Login,High,3,4
13681,3729,Login,Low,8,4
13682,10080,Technical,Low,13,4
13683,8637,Billing,High,19,5
13684,7814,Billing,Low,9,3
13685,5068,Network,High,6,1
13686,4959,Billing,Low,3,4
13687,2027,Login,Medium,6,1
13688,9263,Network,Low,8,2
13689,8919,Login,Medium,4,2
13690,4454,Billing,High,12,2
13691,14316,Refund,Medium,13,3
13692,14027,Billing,High,4,1
13693,10173,Network,Medium,20,5
13694,10612,Billing,High,12,4
13695,9690,Refund,Low,12,2
13696,9616,Speed,High,1,3
13697,6389,Speed,Medium,19,5
13698,748,Billing,Medium,5,3
13699,11798,Login,Low,5,1
13700,2759,Technical,High,17,2
13701,10614,Refund,Low,1,3
13702,10527,Refund,Low,10,2
13703,4703,Refund,Medium,17,1
13704,12649,Refund,High,7,1
13705,4812,Network,Medium,4,3
13706,7783,Refund,Low,17,2
13707,11987,Speed,Medium,19,2
13708,13121,Speed,Medium,15,2
13709,12760,Login,Medium,10,5
13710,5005,Login,Medium,19,2
13711,11644,Refund,High,16,3
13712,612,Network,High,12,4
13713,1522,Technical,Low,11,2
13714,12731,Technical,Low,2,5
13715,12464,Network,High,6,2
13716,1013,Refund,Medium,18,3
13717,14564,Network,High,18,4
13718,1584,Login,Medium,9,4
13719,1135,Speed,Low,7,5
13720,7744,Speed,Low,17,3
13721,8288,Login,High,3,2
13722,12271,Network,Medium,15,2
13723,10384,Login,Medium,9,4
13724,13470,Login,High,13,2
13725,6475,Billing,High,9,1
13726,1640,Technical,Low,5,5
13727,10931,Technical,Low,13,2
13728,9403,Technical,Low,15,1
13729,10374,Technical,Medium,16,1
13730,1656,Login,Low,18,2
13731,11687,Login,High,12,5
13732,9852,Network,Medium,4,2
13733,6008,Login,Medium,12,2
13734,13733,Billing,Medium,18,4
13735,3141,Refund,High,20,5
13736,5942,Technical,Medium,19,5
13737,14011,Refund,High,7,3
13738,11564,Billing,Low,17,4
13739,13882,Speed,High,6,5
13740,6647,Login,Low,6,5
13741,12018,Refund,High,18,1
13742,1982,Network,Medium,15,1
13743,14638,Technical,Medium,8,4
13744,1755,Refund,Low,2,5
13745,14174,Billing,Low,12,4
13746,190,Technical,High,12,1
13747,12418,Refund,High,13,4
13748,8232,Refund,High,13,5
13749,8318,Login,High,2,3
13750,375,Login,High,12,1
13751,4953,Network,High,1,5
13752,4221,Billing,High,16,1
13753,4669,Speed,Low,7,2
13754,3700,Technical,Low,3,2
13755,4507,Refund,High,15,5
13756,8136,Refund,High,2,1
13757,4576,Refund,High,10,2
13758,3690,Speed,Low,6,4
13759,3403,Login,Medium,18,5
13760,10585,Refund,Low,15,4
13761,9636,Billing,Medium,14,5
13762,6220,Network,Low,10,3
13763,13147,Network,Low,3,2
13764,2417,Billing,High,8,2
13765,4288,Technical,High,6,2
13766,8826,Technical,Medium,13,3
13767,2538,Technical,Medium,20,1
13768,2881,Speed,Low,15,5
13769,10514,Speed,Low,10,2
13770,12488,Login,High,1,2
13771,9193,Billing,Low,4,4
13772,1908,Login,High,2,3
13773,12349,Login,High,16,3
13774,13795,Refund,Low,16,5
13775,10014,Speed,Low,12,1
13776,1084,Network,Medium,17,5
13777,8930,Login,Medium,13,3
13778,11430,Speed,Low,2,1
13779,321,Login,Medium,7,1
13780,2248,Technical,Medium,10,3
13781,5188,Login,Medium,16,4
13782,14604,Technical,Medium,6,2
13783,8851,Network,Medium,1,2
13784,13254,Technical,High,4,3
13785,13571,Technical,Low,2,3
13786,9996,Network,Medium,12,2
13787,14867,Login,High,15,4
13788,14282,Network,Low,8,5
13789,2067,Technical,Medium,14,2
13790,14108,Speed,Low,17,1
13791,13338,Technical,Medium,16,5
13792,8519,Speed,High,8,1
13793,1494,Login,Low,7,3
13794,509,Speed,Low,15,2
13795,13926,Speed,Low,1,2
13796,1347,Speed,High,15,1
13797,9947,Billing,Low,16,1
13798,14077,Login,High,1,1
13799,10456,Speed,High,13,2
13800,5825,Billing,Medium,3,2
13801,6245,Technical,Medium,17,3
13802,14218,Speed,High,1,2
13803,7510,Technical,Low,8,1
13804,8571,Login,Low,16,1
13805,11089,Network,High,13,3
13806,9902,Speed,Medium,20,2
13807,11916,Billing,High,9,4
13808,3953,Network,High,15,4
13809,3260,Refund,Medium,1,5
13810,1518,Network,Medium,3,3
13811,9365,Refund,Medium,19,2
13812,8346,Speed,High,5,2
13813,5000,Technical,Medium,4,5
13814,11017,Login,Low,9,5
13815,10071,Billing,Low,11,3
13816,2132,Login,Low,13,1
13817,2526,Billing,Low,11,1
13818,9225,Technical,High,4,1
13819,13339,Billing,High,13,4
13820,10630,Billing,Low,9,2
13821,3150,Billing,Low,15,1
13822,5020,Speed,High,7,1
13823,13177,Speed,High,14,2
13824,11021,Technical,Medium,14,5
13825,5623,Network,High,18,3
13826,11760,Speed,Medium,15,1
13827,4056,Speed,Low,11,1
13828,10085,Technical,Medium,15,2
13829,9374,Technical,Low,15,4
13830,13830,Login,Medium,3,2
13831,12690,Technical,Low,19,5
13832,6203,Login,Medium,3,3
13833,8375,Network,Medium,8,4
13834,5517,Billing,Medium,3,4
13835,8068,Refund,Low,17,3
13836,9779,Refund,Medium,2,3
13837,466,Technical,Medium,10,4
13838,2293,Refund,Low,11,3
13839,9487,Speed,Low,9,4
13840,8654,Network,Low,9,1
13841,624,Network,Low,17,4
13842,6813,Refund,Medium,19,3
13843,9682,Speed,High,13,1
13844,6089,Network,High,1,4
13845,10493,Billing,Low,6,5
13846,2936,Technical,Medium,1,1
13847,1958,Login,High,11,5
13848,2327,Network,Low,6,1
13849,13909,Billing,Low,6,2
13850,8631,Speed,High,10,5
13851,6013,Network,Medium,12,2
13852,14674,Technical,Low,13,5
13853,1264,Billing,High,2,2
13854,9199,Refund,High,8,4
13855,3175,Refund,High,2,5
13856,11841,Billing,Medium,11,1
13857,4926,Login,High,6,2
13858,13804,Login,Medium,5,5
13859,2604,Billing,Low,19,5
13860,14035,Login,High,20,4
13861,12885,Login,Medium,15,1
13862,11299,Refund,Low,16,1
13863,1259,Technical,Medium,16,3
13864,6776,Login,Low,14,5
13865,10036,Refund,Medium,17,1
13866,13453,Refund,Low,10,4
13867,10778,Speed,High,13,2
13868,4487,Technical,High,10,2
13869,3243,Speed,Medium,3,2
13870,12745,Login,High,2,4
13871,423,Technical,Low,3,1
13872,12713,Speed,Medium,17,4
13873,10074,Network,Medium,4,4
13874,7581,Speed,Medium,14,4
13875,14856,Refund,Low,16,4
13876,5964,Billing,High,10,3
13877,9804,Billing,High,19,3
13878,14474,Refund,High,9,5
13879,3080,Network,High,20,1
13880,4744,Refund,Medium,4,5
13881,736,Login,Medium,17,1
13882,8147,Refund,Low,10,4
13883,378,Technical,Low,12,2
13884,4234,Login,High,10,2
13885,8790,Billing,Medium,7,4
13886,8311,Billing,Medium,1,3
13887,9913,Billing,Medium,14,2
13888,8754,Refund,Low,7,1
13889,9072,Technical,Medium,19,4
13890,12361,Speed,Low,2,5
13891,714,Login,Medium,3,3
13892,5203,Refund,High,10,3
13893,5690,Login,High,8,2
13894,1041,Login,High,7,2
13895,4165,Technical,High,2,3
13896,5453,Login,High,16,3
13897,7643,Login,Medium,5,1
13898,3455,Refund,Medium,12,4
13899,8858,Billing,Medium,18,2
13900,3369,Speed,High,9,3
13901,14710,Login,High,1,4
13902,1525,Technical,High,14,3
13903,8549,Refund,High,20,5
13904,7219,Billing,Low,13,1
13905,499,Billing,Low,8,3
13906,804,Network,High,19,5
13907,3918,Refund,Medium,10,5
13908,7026,Speed,Low,3,4
13909,1954,Speed,Low,20,4
13910,7087,Billing,High,16,3
13911,8335,Speed,High,12,2
13912,4453,Billing,Low,20,4
13913,14000,Billing,Low,7,5
13914,8177,Network,High,4,4
13915,3808,Speed,Medium,12,1
13916,7755,Technical,High,9,4
13917,8541,Login,Medium,5,4
13918,9451,Technical,Medium,7,3
13919,14123,Network,Medium,20,4
13920,9605,Refund,Low,1,2
13921,7185,Refund,Medium,1,1
13922,8581,Speed,Medium,6,2
13923,3859,Refund,Low,12,3
13924,14458,Billing,Low,16,3
13925,1639,Network,Low,4,5
13926,12312,Technical,High,11,4
13927,7202,Login,High,17,5
13928,9697,Speed,Medium,6,5
13929,1180,Technical,High,16,2
13930,5947,Refund,Medium,19,2
13931,28,Speed,Low,1,2
13932,957,Login,Low,3,5
13933,10889,Speed,Medium,7,4
13934,6064,Network,Medium,3,2
13935,10702,Refund,High,2,3
13936,5261,Speed,Medium,7,5
13937,13033,Refund,Low,10,5
13938,14999,Billing,Low,4,4
13939,3212,Refund,Medium,9,3
13940,13783,Speed,Medium,11,5
13941,10921,Billing,Low,8,3
13942,4701,Billing,High,11,2
13943,4332,Refund,High,13,4
13944,10932,Technical,High,17,5
13945,3389,Login,High,13,5
13946,14057,Network,High,13,3
13947,12015,Billing,Low,19,5
13948,6958,Billing,Medium,14,2
13949,4739,Technical,High,10,2
13950,7080,Refund,Low,11,5
13951,11607,Billing,Medium,17,5
13952,5799,Network,Medium,12,1
13953,14793,Login,Medium,17,4
13954,285,Speed,Low,13,4
13955,11833,Network,Medium,5,2
13956,13151,Refund,Low,9,3
13957,12874,Speed,Medium,20,5
13958,3533,Technical,Low,5,4
13959,7490,Technical,Low,19,1
13960,8535,Billing,Low,11,1
13961,11936,Billing,Medium,3,1
13962,8479,Technical,Medium,19,2
13963,440,Refund,High,18,4
13964,5582,Login,Low,12,2
13965,10623,Speed,Low,9,4
13966,13157,Technical,Low,19,2
13967,14557,Billing,Medium,6,2
13968,5016,Technical,Low,9,4
13969,969,Technical,Medium,16,4
13970,9567,Billing,Low,7,2
13971,8877,Speed,Low,20,5
13972,7392,Refund,High,5,4
13973,1713,Login,High,16,3
13974,2470,Speed,Medium,8,3
13975,14692,Speed,High,18,2
13976,9182,Refund,Medium,13,2
13977,5732,Login,Medium,2,4
13978,11054,Network,Low,12,5
13979,8244,Login,Low,18,2
13980,3965,Network,Medium,17,3
13981,5532,Technical,Medium,14,1
13982,7220,Billing,High,13,3
13983,13898,Technical,Medium,15,4
13984,3908,Network,High,15,5
13985,1799,Speed,Low,5,3
13986,2911,Refund,Low,9,4
13987,10511,Speed,Medium,9,1
13988,5438,Refund,High,2,5
13989,1670,Network,Low,9,2
13990,7281,Speed,High,18,2
13991,9675,Network,Low,10,3
13992,8328,Technical,High,12,4
13993,8149,Login,Medium,9,5
13994,14701,Refund,High,8,5
13995,4749,Technical,High,18,3
13996,8679,Login,Medium,6,3
13997,13254,Technical,Low,1,3
13998,14453,Billing,Medium,2,5
13999,1326,Network,Low,16,5
14000,5025,Technical,High,16,4
14001,8507,Refund,Medium,3,2
14002,6724,Login,Low,10,3
14003,11568,Technical,High,13,1
14004,7295,Speed,Medium,8,1
14005,2184,Network,Low,20,1
14006,2552,Technical,Low,12,3
14007,3706,Network,High,6,4
14008,12200,Billing,High,15,2
14009,11588,Login,Low,8,2
14010,11467,Speed,Medium,19,2
14011,9127,Speed,High,17,4
14012,3004,Technical,High,2,2
14013,1365,Billing,Medium,8,5
14014,5713,Speed,Low,17,3
14015,10775,Refund,Medium,6,3
14016,13180,Network,High,8,1
14017,12952,Billing,High,9,3
14018,10182,Billing,High,9,5
14019,7394,Technical,High,20,1
14020,2833,Speed,Medium,13,2
14021,12301,Network,High,20,5
14022,8364,Login,High,16,3
14023,82,Technical,Medium,18,5
14024,12629,Billing,Medium,16,3
14025,12794,Speed,Low,9,1
14026,4821,Billing,Medium,1,3
14027,5876,Login,High,18,1
14028,10426,Network,High,10,1
14029,14112,Login,Low,11,3
14030,5076,Billing,Low,10,1
14031,4958,Refund,Medium,6,4
14032,11307,Refund,Medium,8,5
14033,7540,Technical,Medium,6,1
14034,1616,Billing,Medium,14,1
14035,14544,Billing,Medium,10,3
14036,4046,Billing,Medium,14,1
14037,4720,Network,Low,2,4
14038,7094,Technical,Medium,14,3
14039,2708,Speed,Low,3,2
14040,7868,Refund,High,12,4
14041,10728,Technical,Low,11,4
14042,5446,Billing,Low,14,1
14043,6558,Billing,Low,15,3
14044,11816,Network,Medium,4,4
14045,3788,Network,Low,4,5
14046,6637,Network,Low,20,3
14047,7729,Refund,Medium,5,4
14048,14327,Refund,High,1,5
14049,9564,Network,High,4,2
14050,9000,Login,Low,4,1
14051,6730,Speed,Low,9,3
14052,6478,Technical,High,4,1
14053,9800,Login,High,16,1
14054,10976,Refund,Low,11,5
14055,7888,Login,Medium,14,3
14056,185,Speed,High,16,2
14057,2603,Login,Medium,15,2
14058,5839,Billing,High,10,1
14059,3612,Login,High,7,5
14060,921,Login,High,18,5
14061,358,Network,High,19,4
14062,3279,Billing,Low,6,1
14063,1875,Refund,Medium,19,5
14064,4942,Network,High,1,3
14065,3070,Billing,Low,20,1
14066,13847,Refund,Medium,13,2
14067,4848,Network,Low,19,5
14068,6444,Speed,Medium,11,5
14069,5005,Speed,High,7,2
14070,9533,Billing,Medium,12,3
14071,7657,Network,High,20,4
14072,7992,Login,Medium,12,4
14073,14883,Technical,Medium,17,5
14074,4381,Network,Medium,12,5
14075,13473,Speed,Low,1,3
14076,5467,Refund,Low,2,2
14077,4201,Speed,Low,12,1
14078,3436,Login,Low,18,4
14079,2806,Billing,High,10,1
14080,12081,Technical,Medium,6,2
14081,1219,Login,Medium,20,2
14082,4375,Speed,Medium,18,2
14083,9126,Speed,Medium,17,3
14084,11697,Billing,Medium,7,1
14085,4622,Speed,Medium,5,5
14086,1697,Network,High,6,1
14087,1707,Billing,Low,4,3
14088,14021,Technical,Low,18,5
14089,5251,Refund,High,4,5
14090,6546,Network,High,3,1
14091,14482,Technical,Low,6,3
14092,10888,Network,Medium,3,1
14093,11210,Speed,High,19,3
14094,4690,Login,Medium,5,4
14095,990,Speed,Medium,3,1
14096,10407,Network,High,19,3
14097,4274,Refund,Low,10,1
14098,14001,Refund,Low,1,1
14099,13845,Technical,High,11,2
14100,5482,Speed,High,15,5
14101,10179,Speed,High,5,4
14102,14611,Network,High,11,5
14103,4148,Network,Low,19,1
14104,12928,Technical,High,20,3
14105,2983,Refund,Medium,19,4
14106,4818,Technical,High,8,2
14107,1572,Technical,Medium,2,3
14108,1930,Refund,Low,5,1
14109,11925,Speed,High,9,4
14110,6333,Refund,Medium,2,4
14111,7417,Technical,High,5,3
14112,1981,Billing,High,9,1
14113,432,Network,High,4,3
14114,13459,Login,Low,9,1
14115,13053,Login,Low,20,5
14116,14226,Login,High,8,1
14117,1233,Refund,Low,17,3
14118,4923,Refund,High,1,3
14119,13513,Login,High,1,4
14120,5281,Billing,Medium,2,1
14121,6402,Speed,High,13,1
14122,2411,Billing,Low,4,4
14123,1827,Network,Low,6,3
14124,11822,Speed,High,13,5
14125,7337,Billing,Medium,10,2
14126,11310,Login,High,17,2
14127,3321,Network,Medium,16,2
14128,9906,Refund,High,8,1
14129,12341,Refund,Medium,6,5
14130,10234,Speed,Low,9,4
14131,5505,Refund,Low,11,5
14132,3721,Billing,Low,2,4
14133,2884,Login,Medium,17,3
14134,2995,Network,Low,14,5
14135,9316,Technical,High,10,1
14136,7624,Technical,High,15,4
14137,14383,Billing,Medium,17,5
14138,11879,Billing,Low,17,3
14139,6598,Login,Low,6,5
14140,6212,Speed,High,17,3
14141,6267,Billing,High,7,3
14142,12512,Billing,Medium,10,1
14143,8555,Billing,High,9,4
14144,2963,Login,High,19,5
14145,5946,Refund,Medium,18,2
14146,7877,Refund,High,14,4
14147,8701,Speed,Medium,10,1
14148,14469,Refund,Low,7,2
14149,10168,Speed,Low,7,4
14150,3710,Login,Medium,1,2
14151,9909,Technical,High,9,5
14152,1676,Billing,High,18,4
14153,13005,Technical,High,15,4
14154,9922,Speed,High,3,5
14155,10467,Login,Low,2,3
14156,1726,Billing,High,6,1
14157,8440,Speed,High,3,4
14158,6173,Refund,Low,19,5
14159,13726,Billing,High,6,4
14160,1983,Billing,High,7,1
14161,1662,Login,Medium,1,1
14162,10811,Refund,Medium,9,4
14163,2316,Technical,High,8,3
14164,1240,Login,Medium,3,2
14165,5312,Technical,High,12,2
14166,10731,Billing,Medium,8,2
14167,3546,Login,Medium,19,5
14168,626,Network,High,8,5
14169,12675,Network,Low,16,1
14170,354,Refund,High,11,1
14171,6901,Speed,Low,16,1
14172,10287,Technical,Medium,16,1
14173,4285,Technical,High,12,5
14174,66,Technical,High,10,4
14175,11466,Speed,High,8,5
14176,13268,Billing,Low,4,1
14177,11779,Billing,High,19,3
14178,13657,Login,Medium,15,2
14179,13240,Network,Medium,20,5
14180,2562,Billing,Medium,15,3
14181,14300,Network,Low,5,4
14182,14671,Billing,High,18,3
14183,5947,Login,Medium,12,2
14184,195,Refund,Low,9,1
14185,8368,Login,Medium,8,3
14186,806,Speed,Low,20,4
14187,13358,Login,Low,9,5
14188,3072,Login,Medium,12,1
14189,5570,Technical,High,3,1
14190,2274,Refund,Medium,1,5
14191,1370,Network,High,7,4
14192,2331,Speed,Low,18,1
14193,2092,Billing,Medium,18,4
14194,5413,Refund,High,4,4
14195,14870,Technical,Low,7,1
14196,3121,Refund,Medium,6,1
14197,6879,Speed,Medium,6,4
14198,14137,Login,Medium,11,2
14199,7897,Refund,High,9,3
14200,2665,Billing,High,15,1
14201,10575,Refund,High,19,1
14202,7106,Refund,Medium,5,2
14203,6386,Billing,Low,20,4
14204,1790,Refund,Medium,1,3
14205,14942,Refund,Medium,16,4
14206,7349,Network,High,12,1
14207,3783,Technical,Medium,1,1
14208,9827,Login,High,14,2
14209,10708,Network,High,15,1
14210,618,Login,Low,13,4
14211,1901,Login,Low,12,4
14212,298,Network,Medium,12,1
14213,7852,Network,Low,2,5
14214,2792,Billing,High,11,2
14215,2021,Billing,Medium,11,1
14216,14465,Network,High,4,4
14217,1388,Network,Low,4,1
14218,14956,Billing,Medium,14,5
14219,11869,Network,Medium,20,4
14220,3986,Speed,Medium,10,1
14221,9435,Login,High,18,1
14222,2513,Billing,Low,13,3
14223,4,Billing,High,20,3
14224,1055,Speed,Medium,1,5
14225,4880,Refund,Medium,15,4
14226,14726,Billing,High,12,4
14227,4096,Refund,Low,3,1
14228,5291,Login,Medium,6,2
14229,12560,Speed,High,4,5
14230,4804,Speed,Medium,3,4
14231,14125,Refund,High,14,3
14232,7474,Technical,Medium,2,2
14233,3156,Network,Low,11,5
14234,6048,Network,High,11,4
14235,11653,Speed,High,20,3
14236,8333,Speed,High,10,2
14237,2748,Billing,Low,13,4
14238,5050,Login,Medium,13,2
14239,10379,Billing,High,6,4
14240,8629,Billing,Low,1,5
14241,1256,Network,Low,7,3
14242,14505,Speed,Medium,9,5
14243,4269,Refund,High,8,2
14244,5661,Refund,Low,11,2
14245,10814,Network,High,2,1
14246,6828,Billing,High,5,3
14247,2533,Billing,High,16,3
14248,2823,Network,Medium,15,4
14249,2465,Billing,Low,16,1
14250,2616,Speed,Medium,12,3
14251,3616,Refund,Low,14,1
14252,4649,Network,Medium,15,5
14253,10822,Technical,Medium,5,4
14254,14809,Network,Low,17,2
14255,2763,Speed,Medium,16,4
14256,3826,Speed,Low,16,3
14257,11651,Refund,Medium,6,3
14258,5412,Speed,High,13,2
14259,4718,Refund,High,19,5
14260,10960,Login,Medium,2,4
14261,14958,Technical,Low,13,4
14262,3020,Technical,Medium,19,1
14263,11311,Billing,High,17,4
14264,11378,Network,Low,3,2
14265,7747,Refund,Low,4,5
14266,515,Technical,Low,6,2
14267,5900,Login,Medium,7,3
14268,8802,Login,Medium,20,3
14269,2287,Speed,Medium,9,1
14270,959,Network,Low,12,4
14271,9200,Network,High,12,3
14272,8957,Login,Low,14,4
14273,9106,Technical,Medium,9,1
14274,3196,Refund,Medium,1,5
14275,5721,Technical,Low,14,1
14276,9954,Technical,High,3,4
14277,12648,Speed,High,1,3
14278,4782,Billing,Low,2,1
14279,9777,Technical,High,3,4
14280,11954,Technical,Low,4,5
14281,602,Technical,High,13,1
14282,10367,Login,Medium,3,3
14283,996,Speed,Medium,9,1
14284,13494,Network,Medium,6,4
14285,159,Billing,Low,14,2
14286,8054,Billing,High,19,2
14287,14687,Speed,High,6,5
14288,8849,Technical,Low,3,3
14289,9747,Speed,High,12,2
14290,6683,Technical,High,2,1
14291,9850,Refund,Low,7,3
14292,13834,Billing,Low,18,5
14293,5017,Login,Low,5,2
14294,7651,Technical,High,13,4
14295,2448,Speed,Low,7,3
14296,8682,Billing,High,15,2
14297,1055,Login,High,17,5
14298,344,Refund,Medium,3,4
14299,187,Billing,High,15,3
14300,2373,Billing,Low,6,3
14301,1470,Technical,High,3,5
14302,14154,Billing,Low,4,1
14303,1661,Login,Low,4,2
14304,14962,Network,Low,4,2
14305,2014,Billing,Medium,2,4
14306,4078,Billing,High,9,2
14307,3607,Speed,High,2,3
14308,4142,Network,High,16,3
14309,14229,Technical,Low,16,3
14310,9458,Network,High,13,2
14311,5016,Technical,Low,5,4
14312,5961,Network,Low,13,3
14313,2151,Login,Medium,5,5
14314,879,Login,Low,1,3
14315,625,Billing,Medium,12,1
14316,9628,Refund,High,12,1
14317,12872,Login,Medium,17,5
14318,14072,Speed,High,20,5
14319,4416,Billing,Low,7,2
14320,7212,Network,Low,18,3
14321,11289,Speed,High,19,4
14322,10073,Billing,Low,19,5
14323,9985,Technical,Medium,15,3
14324,11648,Login,High,7,5
14325,12845,Technical,High,19,5
14326,10896,Billing,Medium,12,3
14327,11178,Speed,High,5,3
14328,7843,Speed,Low,5,4
14329,11371,Network,Medium,6,3
14330,2167,Speed,Medium,18,3
14331,2108,Technical,Medium,18,3
14332,6290,Technical,Low,20,3
14333,6776,Network,Medium,13,4
14334,4852,Network,Low,5,4
14335,14484,Login,Low,8,4
14336,1663,Login,High,6,3
14337,11023,Refund,Medium,2,4
14338,385,Technical,High,18,2
14339,14676,Login,High,18,1
14340,2722,Refund,Medium,11,1
14341,7272,Network,Low,12,1
14342,13772,Billing,Low,5,4
14343,7046,Billing,Low,13,1
14344,5655,Billing,Medium,13,3
14345,10978,Network,Medium,6,5
14346,1663,Technical,Medium,7,3
14347,14215,Refund,Medium,16,5
14348,2924,Speed,Low,12,3
14349,3724,Billing,Low,7,1
14350,1922,Technical,High,16,5
14351,1605,Billing,Low,6,2
14352,8441,Login,Low,12,3
14353,2467,Network,High,17,1
14354,2003,Refund,High,14,4
14355,3007,Login,Medium,7,1
14356,14504,Network,Low,20,5
14357,7498,Network,High,9,3
14358,5639,Technical,Medium,1,5
14359,1343,Technical,Low,10,4
14360,5867,Network,High,12,3
14361,7607,Refund,High,11,5
14362,6321,Technical,Low,10,3
14363,839,Network,High,9,5
14364,14047,Login,High,2,5
14365,7775,Technical,High,15,1
14366,7047,Network,High,8,5
14367,3573,Billing,Low,2,4
14368,121,Technical,High,14,1
14369,4137,Network,Medium,19,2
14370,480,Network,Medium,5,2
14371,3896,Technical,Medium,4,3
14372,6011,Technical,Medium,8,5
14373,6543,Technical,Medium,10,3
14374,3307,Billing,Medium,15,3
14375,3840,Network,Low,5,5
14376,10845,Network,Low,9,3
14377,14986,Speed,Low,15,2
14378,7067,Login,Medium,4,4
14379,1244,Technical,Low,19,1
14380,8208,Billing,High,5,2
14381,2856,Speed,Medium,16,1
14382,13834,Speed,Medium,17,2
14383,11839,Network,High,2,4
14384,14427,Login,Medium,5,3
14385,4853,Login,Low,14,3
14386,4238,Refund,High,18,4
14387,13036,Speed,High,16,5
14388,1208,Speed,High,10,5
14389,2779,Speed,Low,3,4
14390,14959,Speed,High,1,1
14391,1712,Network,High,15,4
14392,2341,Refund,Medium,9,4
14393,4585,Refund,Low,4,4
14394,4587,Technical,High,15,4
14395,10487,Technical,Medium,13,4
14396,9400,Technical,High,11,3
14397,11172,Speed,High,13,4
14398,7914,Login,Low,4,5
14399,997,Technical,Low,18,5
14400,6020,Refund,Medium,10,1
14401,13322,Billing,Medium,13,3
14402,7908,Network,Low,12,1
14403,5720,Billing,Medium,2,1
14404,94,Technical,Medium,20,3
14405,2113,Login,Low,17,1
14406,7125,Billing,Low,6,2
14407,3303,Technical,High,13,5
14408,7040,Speed,Medium,19,4
14409,4278,Network,Low,10,4
14410,7685,Login,High,8,4
14411,3750,Login,Low,14,2
14412,2299,Technical,High,3,3
14413,14932,Billing,Medium,9,2
14414,11431,Refund,Medium,3,1
14415,9936,Billing,Low,7,1
14416,9212,Technical,Medium,2,5
14417,8436,Speed,Medium,7,1
14418,6832,Network,High,14,4
14419,9912,Refund,High,8,2
14420,12228,Login,Medium,14,2
14421,2723,Refund,Low,3,4
14422,7701,Login,High,9,3
14423,11958,Login,Medium,8,3
14424,3601,Refund,High,10,4
14425,11009,Billing,Low,3,4
14426,6059,Technical,Low,6,2
14427,14672,Network,Medium,4,5
14428,4549,Login,High,17,1
14429,6752,Network,Low,19,1
14430,7992,Technical,Medium,8,2
14431,2358,Billing,Low,1,2
14432,442,Login,Medium,1,5
14433,8025,Refund,High,9,4
14434,7449,Login,Low,3,4
14435,479,Speed,High,10,3
14436,13604,Network,Low,11,4
14437,9565,Technical,High,4,2
14438,3787,Technical,High,19,3
14439,2171,Speed,Low,16,1
14440,6902,Login,Low,12,2
14441,3412,Speed,High,13,2
14442,8048,Login,Medium,16,5
14443,11410,Refund,High,1,1
14444,10343,Speed,Low,20,2
14445,10063,Billing,Medium,3,1
14446,14575,Login,Medium,19,4
14447,13522,Billing,High,3,3
14448,10046,Speed,Medium,5,5
14449,14791,Billing,Low,18,4
14450,7398,Technical,High,8,2
14451,9928,Network,Medium,15,4
14452,14494,Speed,High,10,2
14453,3163,Technical,High,12,1
14454,5422,Network,Low,20,3
14455,2858,Refund,High,9,4
14456,1545,Login,Low,7,1
14457,3449,Login,High,7,5
14458,13335,Billing,Medium,12,4
14459,4961,Network,High,3,2
14460,3882,Billing,Medium,1,4
14461,13862,Refund,Medium,8,2
14462,6662,Login,High,2,1
14463,7839,Billing,Medium,20,3
14464,3431,Speed,High,2,2
14465,9424,Refund,Low,4,4
14466,5586,Billing,Medium,3,3
14467,12726,Billing,Low,12,5
14468,9556,Refund,High,15,4
14469,12645,Login,High,4,4
14470,1918,Speed,High,3,3
14471,5862,Refund,Low,12,4
14472,10703,Network,Medium,3,4
14473,2507,Technical,High,13,1
14474,10131,Billing,Low,16,1
14475,4755,Refund,High,4,1
14476,3241,Billing,Medium,2,1
14477,2591,Network,Low,18,4
14478,12249,Network,Medium,8,3
14479,2975,Speed,Low,20,1
14480,2166,Login,Medium,13,5
14481,3160,Speed,Medium,9,4
14482,13895,Network,Low,17,4
14483,11713,Speed,High,5,3
14484,777,Network,Medium,4,3
14485,9301,Network,Low,2,5
14486,13655,Network,Low,17,5
14487,11012,Billing,Medium,2,1
14488,8240,Refund,Low,12,1
14489,9425,Billing,Low,16,2
14490,7945,Technical,Low,1,2
14491,4339,Billing,Medium,6,3
14492,11591,Technical,Medium,3,1
14493,5105,Network,Medium,17,1
14494,12234,Refund,Medium,9,5
14495,12683,Billing,High,15,5
14496,13740,Login,Low,4,1
14497,12906,Speed,High,14,2
14498,13620,Technical,Medium,12,3
14499,3016,Refund,Medium,7,3
14500,6651,Speed,High,3,4
14501,9527,Refund,Low,4,2
14502,10511,Refund,Medium,6,1
14503,10536,Refund,High,11,4
14504,4157,Refund,High,12,1
14505,6276,Login,Medium,13,2
14506,3631,Technical,Low,15,3
14507,12891,Technical,High,4,2
14508,11403,Technical,Low,10,3
14509,955,Login,Low,5,1
14510,14403,Speed,High,20,2
14511,5895,Network,High,19,1
14512,9858,Login,High,8,1
14513,12427,Network,High,20,5
14514,746,Billing,Low,13,5
14515,13365,Refund,Low,18,5
14516,4269,Network,High,17,2
14517,14284,Billing,High,10,2
14518,13167,Refund,High,2,3
14519,12425,Technical,Medium,14,2
14520,2702,Speed,Low,15,3
14521,13473,Network,Medium,17,1
14522,441,Login,High,13,1
14523,9582,Network,High,1,2
14524,10999,Technical,High,20,5
14525,4190,Technical,Low,14,2
14526,446,Billing,High,1,2
14527,13600,Network,High,20,1
14528,11558,Billing,High,14,3
14529,24,Network,High,12,5
14530,8204,Technical,High,7,4
14531,8661,Refund,Medium,19,4
14532,5057,Refund,High,20,2
14533,3434,Network,Low,14,4
14534,6988,Refund,Medium,5,2
14535,12021,Billing,High,16,4
14536,1861,Speed,Medium,12,2
14537,3667,Technical,High,2,4
14538,7041,Billing,High,16,4
14539,5532,Billing,High,5,1
14540,11054,Speed,High,3,1
14541,4334,Speed,Medium,20,2
14542,3977,Technical,Medium,11,2
14543,3709,Network,High,10,2
14544,4150,Billing,Medium,19,1
14545,12135,Technical,Low,7,4
14546,7494,Billing,Low,18,5
14547,7017,Network,Low,16,2
14548,7624,Login,High,12,1
14549,2752,Network,High,3,5
14550,14039,Speed,Medium,20,4
14551,12782,Technical,Medium,11,5
14552,12275,Speed,Medium,3,5
14553,13116,Refund,High,18,4
14554,10436,Network,Low,1,4
14555,11125,Technical,High,17,4
14556,13809,Speed,High,4,1
14557,50,Network,Medium,15,5
14558,7410,Login,High,11,5
14559,2838,Technical,Low,13,5
14560,967,Network,Low,5,5
14561,14007,Speed,Medium,1,4
14562,7424,Billing,Low,6,3
14563,8971,Login,Medium,4,2
14564,14429,Billing,Low,8,2
14565,13764,Login,Medium,14,3
14566,5800,Technical,Medium,4,1
14567,4257,Network,Medium,9,1
14568,8746,Technical,Medium,10,1
14569,2527,Speed,High,10,2
14570,4389,Speed,High,5,4
14571,3104,Login,Medium,12,1
14572,6918,Speed,Medium,7,3
14573,10031,Network,Low,8,2
14574,375,Login,Medium,12,5
14575,9283,Refund,High,2,4
14576,12571,Technical,Low,15,5
14577,8090,Technical,Low,7,3
14578,14228,Technical,High,20,4
14579,9501,Speed,Low,17,1
14580,7788,Refund,Low,15,5
14581,3466,Refund,High,12,5
14582,4284,Network,Low,2,3
14583,7679,Refund,High,19,5
14584,8964,Refund,High,11,2
14585,2170,Speed,Medium,19,2
14586,5201,Speed,Low,5,3
14587,8548,Network,Medium,9,3
14588,7111,Speed,High,14,1
14589,1768,Network,Medium,6,3
14590,3046,Speed,Low,18,1
14591,10639,Technical,Low,14,3
14592,9226,Login,Medium,6,3
14593,8470,Billing,Medium,10,1
14594,9592,Technical,Medium,5,1
14595,10032,Speed,Low,16,5
14596,6104,Login,Medium,14,4
14597,13711,Refund,Medium,13,3
14598,10792,Login,Medium,9,1
14599,14043,Network,Medium,17,3
14600,617,Refund,Low,19,4
14601,5204,Network,High,6,1
14602,11044,Technical,High,19,1
14603,746,Refund,High,3,3
14604,11178,Refund,Medium,10,1
14605,11918,Technical,High,17,4
14606,8427,Technical,High,3,2
14607,11817,Login,Low,2,2
14608,9801,Billing,Low,5,2
14609,9785,Technical,Low,10,5
14610,14188,Billing,Medium,17,5
14611,8325,Billing,Low,20,5
14612,12055,Technical,Medium,1,3
14613,2771,Billing,High,13,2
14614,4949,Network,High,1,5
14615,6538,Speed,High,12,3
14616,14485,Billing,High,7,2
14617,7788,Speed,High,16,1
14618,11952,Login,Low,16,5
14619,2522,Billing,Medium,7,5
14620,12059,Speed,Medium,4,2
14621,12379,Login,Medium,12,5
14622,10345,Technical,Medium,9,1
14623,440,Technical,High,1,1
14624,11622,Billing,High,19,4
14625,13567,Billing,High,16,4
14626,11132,Login,Low,12,3
14627,13030,Billing,Low,13,2
14628,13548,Network,Medium,7,2
14629,13065,Network,Medium,17,5
14630,14719,Network,High,14,1
14631,4470,Speed,Medium,16,1
14632,12888,Network,High,8,2
14633,8926,Refund,High,8,5
14634,12430,Billing,Low,18,4
14635,2706,Login,High,7,5
14636,8356,Speed,High,4,3
14637,5195,Speed,Medium,10,2
14638,4015,Speed,High,10,4
14639,11216,Technical,Medium,18,1
14640,449,Speed,Low,16,4
14641,13966,Network,Medium,2,3
14642,1221,Login,Low,13,4
14643,13956,Login,Low,5,4
14644,6359,Network,High,9,2
14645,5180,Refund,High,5,4
14646,5929,Speed,Low,15,1
14647,10851,Refund,Medium,4,5
14648,9600,Billing,Medium,7,1
14649,10301,Network,Medium,9,4
14650,6347,Speed,High,20,2
14651,13392,Technical,High,5,4
14652,439,Speed,Low,13,1
14653,6455,Network,Medium,12,4
14654,13103,Login,High,11,2
14655,2759,Technical,Medium,11,4
14656,12387,Refund,Low,14,2
14657,3099,Technical,Low,2,4
14658,3288,Billing,Low,6,3
14659,6212,Technical,Low,8,3
14660,2694,Login,Medium,2,2
14661,10428,Refund,High,19,4
14662,11277,Technical,Low,15,3
14663,3519,Refund,Medium,16,2
14664,1863,Technical,High,6,5
14665,4989,Refund,Low,9,1
14666,6151,Billing,Low,15,2
14667,422,Billing,Low,8,4
14668,12299,Billing,High,11,4
14669,12474,Speed,High,11,5
14670,7815,Billing,Low,1,4
14671,714,Login,Low,19,1
14672,515,Network,High,18,1
14673,4268,Login,Low,10,3
14674,11177,Technical,Low,10,3
14675,8430,Technical,High,4,4
14676,13057,Billing,High,17,3
14677,223,Technical,Medium,18,4
14678,13002,Refund,High,15,4
14679,2607,Billing,Medium,1,4
14680,1070,Billing,Medium,13,3
14681,12381,Network,Medium,16,3
14682,5095,Billing,Low,13,1
14683,12063,Network,Medium,2,5
14684,2617,Speed,Low,3,2
14685,11667,Login,High,5,4
14686,10449,Billing,High,15,3
14687,9916,Speed,Low,3,2
14688,3616,Billing,Low,5,2
14689,11999,Technical,High,13,3
14690,14191,Refund,High,5,3
14691,4232,Network,Low,9,2
14692,678,Speed,Medium,16,1
14693,14043,Network,High,3,4
14694,14851,Technical,Low,10,3
14695,5560,Login,High,16,3
14696,9022,Network,Medium,10,2
14697,4569,Billing,Low,1,5
14698,10921,Billing,Low,17,1
14699,6523,Refund,Low,16,1
14700,5491,Network,Medium,16,4
14701,5149,Refund,High,19,4
14702,2800,Refund,Medium,15,1
14703,14440,Refund,Low,1,1
14704,1790,Speed,High,4,2
14705,10804,Login,High,1,5
14706,6420,Login,Medium,6,4
14707,2927,Technical,Low,2,3
14708,11283,Speed,Low,20,5
14709,11130,Network,Low,5,3
14710,519,Technical,Medium,11,5
14711,2545,Billing,High,15,2
14712,8419,Network,Low,11,1
14713,5268,Technical,Low,6,5
14714,13861,Login,Low,2,3
14715,9126,Billing,Low,14,5
14716,6396,Login,Low,15,1
14717,3500,Billing,Low,8,5
14718,3618,Network,Low,16,2
14719,9339,Login,Medium,8,5
14720,4449,Billing,Medium,18,2
14721,5003,Network,Medium,17,5
14722,12387,Login,High,14,2
14723,12516,Network,Medium,12,4
14724,985,Speed,Low,19,3
14725,14871,Billing,Low,4,5
14726,7957,Network,High,16,4
14727,12473,Speed,Medium,8,1
14728,5120,Refund,Medium,9,1
14729,9156,Billing,Medium,4,4
14730,8825,Billing,Low,16,2
14731,4302,Refund,Medium,3,5
14732,8223,Login,Low,13,4
14733,10467,Speed,Low,2,2
14734,7686,Refund,Low,1,1
14735,12797,Billing,High,15,3
14736,4465,Login,High,20,3
14737,5030,Login,Medium,5,5
14738,1313,Speed,High,2,2
14739,1186,Speed,High,5,4
14740,5401,Login,Medium,20,4
14741,5078,Technical,Medium,3,5
14742,2321,Speed,Low,7,4
14743,10091,Technical,Low,19,3
14744,72,Technical,Low,12,4
14745,4784,Technical,Medium,13,5
14746,11476,Login,Low,7,3
14747,2710,Network,Medium,6,4
14748,5595,Refund,Low,3,1
14749,12564,Billing,Medium,8,2
14750,1112,Network,Low,5,4
14751,1841,Technical,Medium,11,2
14752,13580,Billing,Low,9,5
14753,13669,Refund,Medium,16,5
14754,6890,Speed,High,13,2
14755,3924,Billing,Medium,15,5
14756,6310,Login,Medium,16,1
14757,14852,Refund,High,3,5
14758,4779,Technical,Medium,6,3
14759,1305,Technical,Medium,3,1
14760,5007,Refund,Medium,1,5
14761,8950,Technical,High,4,3
14762,10174,Login,High,2,1
14763,12683,Technical,Low,2,5
14764,4966,Technical,Low,1,3
14765,8551,Billing,High,3,3
14766,7618,Network,Medium,4,1
14767,10863,Login,High,11,3
14768,8900,Speed,High,20,4
14769,14823,Technical,Medium,18,2
14770,6926,Billing,Low,12,3
14771,6884,Login,Low,14,3
14772,282,Billing,High,2,4
14773,8330,Refund,High,14,2
14774,14428,Login,Low,11,4
14775,11047,Billing,Medium,3,1
14776,10885,Network,High,14,2
14777,10315,Technical,Low,6,1
14778,13715,Billing,Low,2,2
14779,10786,Network,High,18,2
14780,7648,Speed,High,18,4
14781,10682,Speed,Medium,12,4
14782,13223,Login,Low,19,4
14783,9007,Speed,Medium,16,4
14784,12090,Speed,Medium,18,1
14785,3694,Network,High,2,3
14786,11759,Refund,Low,18,4
14787,6002,Refund,Low,20,2
14788,6419,Speed,High,16,2
14789,5329,Login,Low,13,3
14790,1190,Refund,Low,1,3
14791,10385,Refund,High,3,3
14792,9889,Speed,Low,5,3
14793,4112,Billing,Low,2,2
14794,1364,Refund,Medium,12,5
14795,2872,Login,Low,7,4
14796,3352,Login,Medium,10,2
14797,11420,Speed,High,20,1
14798,2176,Login,Low,17,4
14799,6426,Login,Medium,13,5
14800,14417,Technical,Low,6,3
14801,13197,Billing,Medium,10,4
14802,360,Billing,Medium,10,1
14803,8874,Billing,Medium,8,1
14804,4732,Login,Low,11,2
14805,932,Technical,High,18,5
14806,14821,Login,Medium,2,4
14807,13773,Refund,Medium,8,5
14808,1448,Technical,Medium,5,2
14809,10002,Billing,Medium,15,1
14810,3044,Technical,Medium,11,3
14811,12017,Network,High,5,3
14812,12337,Billing,High,19,2
14813,4950,Login,Low,9,3
14814,11623,Network,Medium,1,5
14815,9834,Login,High,14,3
14816,13504,Billing,High,2,5
14817,14362,Login,Medium,14,4
14818,7087,Billing,Low,18,2
14819,9299,Billing,Medium,6,5
14820,4086,Refund,Medium,18,2
14821,9471,Login,Medium,8,4
14822,11855,Speed,Low,12,5
14823,58,Technical,Medium,5,1
14824,11825,Speed,High,9,1
14825,2598,Login,Low,19,5
14826,922,Refund,Low,3,1
14827,9917,Refund,Low,18,1
14828,8814,Network,Low,4,4
14829,6558,Billing,Medium,7,5
14830,14356,Refund,Medium,16,4
14831,8168,Refund,Medium,12,5
14832,13371,Billing,High,2,4
14833,11916,Billing,Low,6,4
14834,7546,Speed,High,3,1
14835,354,Network,Low,8,2
14836,8873,Billing,Medium,17,5
14837,14229,Login,Low,6,4
14838,2205,Speed,Low,7,5
14839,14663,Billing,High,8,4
14840,977,Network,Low,10,2
14841,10289,Network,High,11,2
14842,6599,Technical,Medium,20,1
14843,1393,Billing,Medium,17,3
14844,13374,Refund,High,17,1
14845,12648,Network,Medium,4,3
14846,8232,Refund,Low,13,1
14847,1262,Network,Low,16,1
14848,3555,Network,Medium,8,5
14849,10956,Refund,Medium,17,4
14850,8092,Network,Medium,11,5
14851,1395,Billing,Medium,16,2
14852,12074,Billing,Medium,6,2
14853,12961,Login,High,5,1
14854,10072,Refund,High,1,3
14855,6641,Billing,Low,14,1
14856,8697,Refund,Low,13,3
14857,10529,Billing,Medium,13,3
14858,5698,Billing,Low,5,3
14859,14282,Network,Low,1,1
14860,3460,Login,Medium,18,4
14861,14351,Billing,Low,10,5
14862,2987,Login,Low,13,4
14863,6025,Network,High,19,1
14864,6643,Refund,High,19,1
14865,1075,Billing,Medium,15,4
14866,198,Technical,High,3,1
14867,6197,Network,Low,8,4
14868,9699,Login,Medium,17,4
14869,7580,Billing,High,1,1
14870,12812,Login,High,6,5
14871,10565,Network,High,10,4
14872,1281,Login,Low,2,3
14873,9299,Login,Medium,3,1
14874,10670,Refund,Medium,18,5
14875,1553,Technical,Low,12,2
14876,3979,Billing,Medium,2,1
14877,12094,Billing,Low,9,1
14878,3821,Refund,High,9,3
14879,8738,Refund,Low,1,1
14880,10710,Speed,Medium,4,3
14881,7105,Login,Low,4,1
14882,4722,Billing,High,1,5
14883,7439,Login,High,16,3
14884,3666,Billing,Medium,20,3
14885,13730,Billing,High,11,3
14886,14935,Billing,High,10,2
14887,2177,Billing,Medium,19,2
14888,8767,Network,High,12,4
14889,5366,Speed,Medium,12,5
14890,11261,Speed,Low,7,5
14891,13529,Billing,Medium,16,3
14892,7011,Network,Low,17,1
14893,12179,Technical,Low,17,3
14894,6874,Technical,High,16,5
14895,2215,Refund,High,4,4
14896,4381,Billing,Low,6,1
14897,11751,Refund,Medium,19,1
14898,13023,Technical,High,16,5
14899,3235,Network,High,3,2
14900,12786,Billing,High,19,5
14901,10937,Refund,High,12,5
14902,12185,Network,High,20,5
14903,5125,Refund,High,13,3
14904,13921,Speed,Low,18,1
14905,4054,Login,Low,3,1
14906,5283,Speed,Medium,16,3
14907,10048,Speed,Medium,7,5
14908,11298,Billing,Low,20,2
14909,11035,Network,Low,2,1
14910,14425,Network,Medium,7,4
14911,1464,Login,High,7,5
14912,11710,Technical,Low,20,2
14913,1196,Network,Medium,2,5
14914,644,Billing,Medium,4,1
14915,12598,Refund,Medium,12,3
14916,8255,Technical,Medium,10,1
14917,2556,Billing,Low,9,1
14918,4159,Network,Medium,5,5
14919,5407,Network,High,5,1
14920,4842,Technical,Medium,11,3
14921,10333,Billing,Medium,15,5
14922,8451,Network,Low,16,3
14923,14952,Refund,High,15,4
14924,10398,Network,Low,8,3
14925,8928,Network,High,7,2
14926,6750,Network,Medium,10,4
14927,7068,Network,Medium,18,3
14928,12345,Speed,High,7,4
14929,1802,Billing,Medium,13,4
14930,644,Login,High,14,3
14931,11793,Login,Medium,9,2
14932,9835,Speed,Low,10,2
14933,10777,Network,High,7,3
14934,2524,Login,Low,17,1
14935,8857,Network,High,7,1
14936,12078,Refund,Low,15,3
14937,1330,Refund,Low,4,4
14938,7318,Speed,High,5,2
14939,4511,Login,Medium,17,4
14940,8835,Speed,High,4,1
14941,12293,Network,High,2,2
14942,3472,Technical,Medium,6,1
14943,12377,Speed,High,11,3
14944,9389,Login,Low,8,2
14945,12112,Speed,High,5,1
14946,11455,Technical,Low,15,3
14947,13519,Refund,Low,5,1
14948,10942,Refund,High,8,1
14949,6771,Network,Low,2,3
14950,13907,Speed,Low,1,3
14951,9564,Speed,Medium,17,4
14952,1875,Technical,Low,13,3
14953,1635,Login,Medium,17,4
14954,11968,Technical,Medium,2,4
14955,10089,Technical,High,13,4
14956,4422,Technical,Medium,5,1
14957,14553,Login,High,9,3
14958,13253,Login,Medium,11,4
14959,10521,Network,Low,4,2
14960,2092,Speed,Low,14,4
14961,5019,Billing,High,12,1
14962,865,Network,High,16,4
14963,10669,Login,High,15,5
14964,2429,Refund,High,2,2
14965,13186,Login,High,1,2
14966,10825,Speed,Medium,4,2
14967,9676,Login,Medium,11,3
14968,859,Network,Medium,2,2
14969,4964,Technical,High,11,5
14970,8680,Billing,Medium,15,3
14971,3599,Billing,High,4,5
14972,1146,Login,Low,10,2
14973,8221,Speed,Medium,18,5
14974,9490,Billing,Medium,4,5
14975,12226,Speed,High,1,2
14976,10453,Refund,Low,16,1
14977,12505,Network,Low,1,5
14978,4931,Login,High,9,1
14979,3963,Refund,Medium,5,2
14980,3055,Network,High,17,5
14981,12002,Network,Medium,12,1
14982,8109,Speed,Low,13,2
14983,13071,Login,Medium,4,2
14984,14415,Speed,Low,1,3
14985,12128,Login,Low,8,2
14986,4891,Refund,Low,5,5
14987,12944,Network,Low,17,2
14988,803,Billing,Medium,9,2
14989,5841,Speed,High,12,1
14990,11883,Network,Medium,20,1
14991,1662,Network,High,6,4
14992,11706,Refund,Medium,8,3
14993,7228,Network,Low,8,2
14994,4836,Technical,Medium,9,5
14995,11243,Billing,High,15,4
14996,928,Speed,Low,7,5
14997,12024,Billing,Low,18,4
14998,11810,Login,High,9,1
14999,9614,Technical,High,4,2
15000,8757,Login,High,13,5
15001,6165,Network,Low,9,2
15002,1786,Billing,Medium,14,3
15003,11072,Billing,Medium,1,3
15004,9956,Technical,Medium,12,5
15005,9366,Network,Low,18,4
15006,7927,Speed,Medium,9,3
15007,9469,Billing,Medium,9,5
15008,3424,Technical,High,14,4
15009,4644,Technical,Medium,15,4
15010,8041,Technical,Medium,20,2
15011,10759,Billing,Medium,14,5
15012,8111,Billing,High,11,3
15013,13463,Login,High,17,2
15014,2988,Billing,High,1,3
15015,8483,Technical,Medium,10,3
15016,11942,Technical,Low,12,2
15017,334,Speed,Medium,20,1
15018,7915,Login,Low,5,5
15019,9057,Refund,Low,5,3
15020,2349,Login,High,3,1
15021,6557,Login,Medium,2,1
15022,3413,Network,High,10,2
15023,5501,Speed,Low,18,1
15024,7906,Refund,Low,9,3
15025,1118,Login,Low,5,5
15026,7165,Speed,Low,6,3
15027,5155,Billing,High,18,2
15028,4988,Billing,High,19,1
15029,74,Billing,Low,20,4
15030,4362,Refund,High,16,1
15031,4982,Network,Low,5,3
15032,13538,Technical,High,8,3
15033,2834,Billing,High,16,4
15034,464,Technical,High,17,3
15035,5154,Speed,Low,1,1
15036,11716,Login,High,2,3
15037,13574,Billing,Low,20,5
15038,5885,Billing,Medium,14,5
15039,12838,Login,Low,16,2
15040,11559,Refund,Low,19,1
15041,11075,Billing,High,5,5
15042,10446,Billing,Low,11,5
15043,10843,Technical,Medium,11,1
15044,1532,Network,Low,4,4
15045,5707,Technical,Medium,16,4
15046,12473,Billing,Low,13,1
15047,5674,Network,Low,19,1
15048,1386,Billing,Low,3,5
15049,4792,Speed,High,6,5
15050,474,Network,Medium,5,1
15051,12675,Network,Low,14,4
15052,8229,Speed,Low,19,4
15053,14578,Speed,Low,18,2
15054,3413,Speed,Low,16,5
15055,8955,Speed,High,15,5
15056,14356,Billing,High,5,1
15057,809,Login,High,18,5
15058,8954,Billing,Low,18,5
15059,5636,Speed,Medium,6,3
15060,14654,Refund,Low,2,5
15061,6697,Technical,High,20,4
15062,8511,Refund,High,13,1
15063,1459,Technical,High,15,3
15064,9214,Refund,Low,1,3
15065,2376,Speed,High,13,3
15066,9940,Refund,Low,14,4
15067,8428,Login,Low,14,5
15068,1570,Refund,High,11,3
15069,6218,Login,High,11,2
15070,12573,Network,Medium,6,4
15071,10310,Speed,High,6,3
15072,12384,Speed,Low,16,1
15073,8298,Technical,Low,5,5
15074,2459,Speed,Medium,8,1
15075,2148,Technical,Low,5,2
15076,10375,Refund,Low,7,1
15077,10539,Billing,Medium,8,1
15078,4221,Login,Medium,18,3
15079,1286,Network,High,4,1
15080,10371,Refund,Medium,2,4
15081,2094,Technical,Medium,11,3
15082,5407,Refund,Low,2,4
15083,14253,Refund,High,15,2
15084,796,Speed,Medium,3,4
15085,12005,Technical,High,10,1
15086,13771,Login,Medium,19,3
15087,13324,Speed,High,20,3
15088,6911,Refund,Low,19,3
15089,11038,Refund,Low,9,4
15090,2539,Technical,Low,7,2
15091,8425,Refund,High,19,4
15092,8198,Billing,Medium,8,5
15093,10305,Login,High,9,4
15094,8284,Login,Low,5,5
15095,6011,Network,High,7,1
15096,11237,Refund,Medium,3,3
15097,8433,Network,Low,7,3
15098,3020,Technical,Low,12,4
15099,4984,Login,High,13,2
15100,5219,Refund,Low,14,2
15101,13225,Refund,Low,19,1
15102,11270,Login,Medium,5,2
15103,8476,Refund,High,2,1
15104,10281,Network,Medium,2,3
15105,4384,Network,Medium,3,4
15106,6426,Technical,Low,7,1
15107,14853,Refund,High,18,5
15108,4879,Refund,High,11,3
15109,6544,Refund,High,16,2
15110,14566,Login,Low,9,5
15111,4580,Billing,Low,10,2
15112,12351,Technical,Low,18,4
15113,4988,Technical,Low,14,4
15114,6665,Refund,Low,4,3
15115,13014,Login,High,16,3
15116,644,Technical,Low,19,1
15117,5521,Login,Medium,3,4
15118,5516,Technical,High,18,1
15119,9734,Refund,Medium,13,1
15120,2026,Billing,Medium,4,3
15121,9194,Refund,Medium,4,1
15122,12568,Speed,Low,17,1
15123,10390,Technical,Medium,4,2
15124,193,Refund,Medium,19,2
15125,1805,Refund,Low,2,1
15126,11065,Speed,High,13,1
15127,5374,Refund,Low,17,5
15128,13323,Technical,Medium,14,4
15129,4642,Speed,Medium,4,3
15130,3838,Network,Low,5,1
15131,2462,Billing,Low,9,3
15132,13278,Technical,Low,7,3
15133,5379,Login,Low,14,4
15134,14145,Speed,High,9,2
15135,2639,Network,Low,20,2
15136,14075,Technical,Medium,5,2
15137,8221,Network,High,8,2
15138,8893,Network,High,18,4
15139,10535,Login,Medium,19,1
15140,6692,Network,Low,11,4
15141,5907,Technical,High,20,1
15142,9547,Technical,High,2,4
15143,3585,Speed,High,17,3
15144,3721,Technical,High,10,3
15145,2838,Refund,Low,5,1
15146,14855,Refund,Medium,18,1
15147,11370,Technical,Low,8,1
15148,2269,Speed,Medium,18,3
15149,3995,Speed,Medium,9,5
15150,3931,Speed,High,10,3
15151,793,Speed,Medium,6,1
15152,8947,Login,Medium,3,1
15153,5455,Billing,Medium,8,4
15154,13334,Refund,High,5,5
15155,4455,Refund,High,5,1
15156,7438,Speed,Medium,18,1
15157,4163,Refund,Low,18,4
15158,12529,Network,Low,3,2
15159,9063,Billing,Low,12,4
15160,7285,Refund,High,17,2
15161,13181,Login,Medium,6,5
15162,9628,Refund,Medium,6,3
15163,7182,Login,Medium,1,4
15164,6053,Network,Medium,4,5
15165,2391,Refund,Medium,3,1
15166,12478,Refund,High,8,1
15167,13542,Refund,Medium,6,4
15168,929,Speed,Low,3,5
15169,2577,Technical,High,9,1
15170,11980,Refund,High,19,3
15171,1725,Login,Low,19,2
15172,14549,Network,Medium,8,1
15173,6249,Refund,Low,17,2
15174,2015,Billing,Medium,18,1
15175,2823,Refund,Medium,17,4
15176,9270,Speed,High,3,2
15177,1254,Billing,Medium,11,3
15178,7509,Billing,High,13,2
15179,2841,Billing,Medium,16,2
15180,2526,Billing,Low,20,2
15181,10469,Login,High,20,5
15182,544,Technical,Medium,13,4
15183,3278,Login,Medium,12,4
15184,12596,Login,Medium,5,4
15185,72,Network,Low,1,4
15186,8299,Login,Medium,6,5
15187,13333,Technical,Medium,9,1
15188,4581,Billing,Low,12,2
15189,4542,Technical,High,15,5
15190,4397,Speed,Medium,12,3
15191,3542,Login,Medium,4,4
15192,10343,Login,Low,16,1
15193,13859,Network,High,9,2
15194,12920,Login,High,2,4
15195,13687,Login,High,3,2
15196,318,Login,High,7,4
15197,9715,Billing,High,15,5
15198,14293,Network,High,8,1
15199,12128,Network,Medium,14,5
15200,12246,Refund,Medium,17,2
15201,12240,Technical,Medium,6,1
15202,843,Billing,Medium,7,4
15203,12930,Technical,High,18,1
15204,2263,Speed,Low,15,3
15205,13574,Network,Medium,7,3
15206,7669,Login,Medium,8,4
15207,5615,Login,Medium,13,4
15208,5415,Refund,High,5,5
15209,1916,Billing,Medium,11,2
15210,10424,Speed,Low,4,3
15211,11649,Speed,Low,10,3
15212,13854,Refund,Medium,11,5
15213,7598,Login,Medium,10,2
15214,4263,Speed,Low,16,4
15215,13117,Refund,Low,9,3
15216,7401,Refund,Low,8,2
15217,12594,Billing,Medium,17,2
15218,14477,Billing,High,7,3
15219,10621,Login,High,16,2
15220,12972,Network,Low,20,4
15221,7948,Login,Medium,16,4
15222,3850,Billing,High,17,1
15223,13272,Technical,High,10,3
15224,3304,Login,Low,5,4
15225,12036,Refund,High,10,5
15226,819,Network,High,11,2
15227,8563,Refund,Medium,9,5
15228,1058,Refund,Medium,16,1
15229,14767,Technical,Medium,11,3
15230,935,Network,High,20,5
15231,4298,Login,Low,7,4
15232,5129,Network,Low,14,3
15233,5202,Speed,Low,20,1
15234,14412,Speed,Medium,1,4
15235,9602,Network,Medium,8,3
15236,13597,Login,Low,10,4
15237,4614,Speed,Low,19,5
15238,2667,Refund,Medium,10,2
15239,12218,Billing,Medium,3,4
15240,4201,Billing,Low,6,3
15241,11452,Login,Medium,13,3
15242,3828,Speed,High,7,3
15243,4885,Billing,Medium,11,2
15244,10574,Billing,Low,14,3
15245,14172,Login,High,20,4
15246,11791,Speed,Low,12,2
15247,9089,Refund,High,19,5
15248,11953,Technical,Low,2,5
15249,4656,Technical,Low,10,5
15250,7483,Login,Low,8,4
15251,12089,Billing,Medium,3,5
15252,14999,Speed,Medium,16,3
15253,10143,Technical,Low,16,1
15254,4512,Billing,High,18,5
15255,3089,Login,Low,12,2
15256,3495,Network,Low,6,2
15257,9892,Network,High,19,2
15258,13544,Technical,Medium,8,3
15259,13350,Login,Low,9,3
15260,9444,Login,Low,3,4
15261,13218,Network,High,8,1
15262,9659,Billing,Low,4,1
15263,4060,Login,High,15,5
15264,3161,Refund,Medium,14,5
15265,5707,Technical,High,2,2
15266,13670,Billing,High,6,5
15267,4280,Login,Low,19,5
15268,8987,Billing,Medium,14,1
15269,5523,Refund,Medium,13,5
15270,12498,Refund,Low,2,2
15271,1690,Login,Medium,10,5
15272,2054,Refund,High,13,1
15273,4769,Network,Low,1,3
15274,3395,Network,Medium,19,1
15275,4060,Billing,Medium,2,1
15276,1041,Speed,Medium,1,3
15277,5920,Speed,Medium,8,3
15278,1391,Technical,High,8,2
15279,272,Technical,Low,4,3
15280,14729,Technical,Low,2,1
15281,11324,Technical,Medium,9,2
15282,7808,Technical,Low,19,3
15283,841,Speed,High,5,2
15284,6536,Refund,High,7,5
15285,12741,Billing,Low,8,5
15286,13214,Refund,High,7,2
15287,10445,Login,High,17,2
15288,10671,Speed,High,20,5
15289,12142,Speed,Low,10,1
15290,6781,Login,High,16,1
15291,430,Refund,Medium,18,5
15292,4059,Refund,Low,7,2
15293,12709,Network,Low,1,3
15294,11936,Speed,Medium,20,2
15295,13766,Speed,Low,1,5
15296,14692,Speed,High,18,4
15297,10373,Technical,High,9,5
15298,765,Billing,Medium,13,5
15299,1489,Billing,Low,7,1
15300,12088,Login,High,1,1
15301,14901,Billing,Medium,15,3
15302,5884,Technical,Medium,8,1
15303,14386,Refund,High,15,3
15304,10885,Speed,High,3,2
15305,670,Billing,Medium,7,5
15306,13997,Network,Low,15,3
15307,10327,Network,Low,10,2
15308,4833,Technical,Medium,20,2
15309,5386,Login,Low,13,2
15310,5660,Billing,Low,11,2
15311,1088,Login,Low,13,4
15312,11500,Technical,Medium,10,1
15313,7773,Network,Medium,8,2
15314,12964,Technical,Medium,7,5
15315,2505,Technical,Medium,14,1
15316,7872,Technical,Low,5,3
15317,1726,Network,Medium,5,2
15318,3115,Network,High,16,2
15319,9219,Login,Medium,9,1
15320,3151,Refund,Medium,6,3
15321,821,Network,High,2,1
15322,1972,Technical,Medium,14,5
15323,4792,Network,High,7,2
15324,2939,Network,Medium,14,5
15325,7548,Billing,Medium,15,4
15326,11365,Refund,High,18,2
15327,8060,Billing,Low,8,1
15328,11403,Refund,Medium,16,4
15329,2991,Technical,High,17,4
15330,7527,Refund,High,20,1
15331,4296,Refund,Low,11,1
15332,10114,Network,Medium,13,2
15333,10437,Billing,High,17,1
15334,12139,Billing,Low,8,5
15335,6763,Billing,Medium,4,5
15336,14490,Technical,High,5,4
15337,9167,Login,Low,4,4
15338,14192,Network,Low,2,4
15339,4513,Technical,Medium,6,1
15340,10472,Refund,Low,8,4
15341,6162,Billing,High,12,4
15342,7063,Network,High,7,1
15343,11908,Technical,Low,9,4
15344,4374,Speed,Low,4,1
15345,2425,Billing,High,4,3
15346,10203,Speed,Medium,10,3
15347,8007,Billing,Medium,9,2
15348,9192,Technical,High,10,4
15349,6038,Refund,High,12,2
15350,7336,Speed,Low,16,3
15351,8352,Billing,Medium,15,5
15352,12945,Technical,Medium,7,2
15353,135,Technical,Low,9,2
15354,2169,Refund,High,5,3
15355,3034,Speed,Medium,9,4
15356,7517,Login,Medium,11,1
15357,6654,Refund,Medium,9,1
15358,2902,Login,Low,16,4
15359,8653,Login,Medium,3,5
15360,6033,Login,Medium,17,4
15361,6915,Technical,Low,10,4
15362,2983,Technical,Medium,9,3
15363,10276,Network,Low,13,4
15364,13905,Technical,Medium,15,2
15365,12081,Technical,Medium,12,5
15366,3058,Billing,High,13,2
15367,900,Network,Low,20,4
15368,3870,Network,Low,19,1
15369,3274,Refund,Low,4,4
15370,13339,Billing,Low,12,3
15371,12256,Speed,Low,7,3
15372,5800,Login,Low,10,4
15373,8272,Technical,Medium,9,4
15374,11459,Refund,Low,20,5
15375,571,Billing,Medium,19,1
15376,5266,Technical,Low,2,2
15377,3312,Speed,Medium,11,3
15378,7856,Network,High,18,5
15379,8576,Refund,Low,2,2
15380,11612,Technical,Medium,1,5
15381,5956,Technical,Medium,6,2
15382,11496,Login,Low,17,3
15383,12309,Billing,Medium,9,3
15384,14609,Speed,High,18,2
15385,8644,Technical,Low,14,3
15386,10671,Login,Medium,11,1
15387,7842,Billing,Medium,17,3
15388,7482,Billing,Medium,5,3
15389,4317,Technical,Low,4,4
15390,14602,Login,Medium,4,4
15391,7249,Login,High,1,2
15392,12545,Login,High,12,1
15393,4974,Login,High,2,5
15394,9216,Speed,Medium,16,1
15395,807,Billing,Medium,15,2
15396,5066,Speed,Medium,4,4
15397,5548,Network,Low,2,3
15398,7308,Network,High,7,2
15399,10972,Speed,Medium,13,3
15400,12741,Refund,Low,14,3
15401,3196,Refund,Medium,13,1
15402,9186,Login,Low,8,3
15403,6934,Refund,High,17,3
15404,1363,Technical,High,13,1
15405,13402,Login,Low,9,1
15406,12958,Login,Low,20,5
15407,10435,Billing,Low,20,1
15408,7735,Technical,High,13,2
15409,4853,Refund,High,12,5
15410,9636,Refund,Low,6,5
15411,2219,Billing,Medium,14,1
15412,2132,Speed,High,4,3
15413,8530,Speed,High,19,2
15414,5899,Billing,Medium,15,3
15415,2591,Billing,High,11,5
15416,5482,Billing,Medium,12,2
15417,11194,Refund,Medium,4,3
15418,3207,Login,Medium,4,1
15419,1138,Speed,Low,11,3
15420,2419,Network,Medium,11,4
15421,12724,Billing,Low,4,5
15422,5218,Login,Medium,11,4
15423,3353,Network,Medium,11,1
15424,3570,Speed,High,11,5
15425,13664,Refund,Low,20,2
15426,5857,Network,Low,18,2
15427,13336,Billing,Medium,19,3
15428,9376,Network,High,16,1
15429,5778,Speed,High,5,2
15430,7785,Technical,Low,18,5
15431,14266,Network,High,15,1
15432,12658,Billing,Low,16,2
15433,7317,Refund,High,17,3
15434,350,Network,Medium,5,2
15435,6087,Technical,Low,13,2
15436,1060,Billing,Low,16,5
15437,2312,Billing,Medium,8,4
15438,13445,Technical,Low,3,5
15439,7778,Network,Medium,1,1
15440,13373,Speed,Low,13,4
15441,8602,Billing,Low,19,3
15442,10817,Technical,Low,17,4
15443,6727,Speed,Medium,3,1
15444,3450,Billing,Medium,17,3
15445,12112,Speed,Medium,12,4
15446,10731,Billing,Medium,12,2
15447,7215,Refund,Low,15,5
15448,11808,Speed,Low,7,2
15449,5866,Technical,Low,15,4
15450,3690,Speed,Low,11,4
15451,10086,Network,Low,19,4
15452,8791,Speed,Medium,1,5
15453,1273,Refund,Low,20,3
15454,6441,Login,Low,4,3
15455,7064,Technical,High,1,3
15456,11252,Refund,High,19,3
15457,5608,Billing,Medium,1,5
15458,5462,Technical,High,20,3
15459,1248,Technical,High,15,5
15460,8729,Login,Low,15,2
15461,1250,Refund,High,12,5
15462,6089,Login,High,15,3
15463,9336,Technical,Low,3,1
15464,124,Refund,Low,9,3
15465,1168,Login,Medium,5,3
15466,2269,Billing,Low,11,3
15467,11715,Network,Low,8,5
15468,13043,Login,Medium,11,1
15469,8125,Speed,High,15,3
15470,12076,Network,Low,2,1
15471,9871,Network,Low,4,4
15472,4393,Login,Medium,11,1
15473,11836,Technical,High,7,3
15474,4997,Refund,Low,6,1
15475,1306,Billing,Medium,9,4
15476,11596,Speed,Low,2,2
15477,4316,Network,Low,13,2
15478,3389,Technical,High,18,3
15479,5251,Refund,Medium,8,4
15480,3807,Billing,High,15,3
15481,1635,Speed,Low,16,1
15482,6485,Billing,High,10,1
15483,13531,Login,Low,1,2
15484,10827,Technical,Medium,17,3
15485,9342,Billing,Low,18,3
15486,6404,Network,Low,18,2
15487,10293,Billing,Low,16,5
15488,589,Speed,High,3,4
15489,5752,Technical,High,5,2
15490,1988,Login,Low,12,2
15491,9442,Login,High,20,5
15492,1630,Network,Medium,14,3
15493,5710,Login,Low,5,4
15494,9950,Login,Low,17,2
15495,9439,Billing,Low,3,5
15496,14584,Login,High,16,2
15497,12537,Billing,Medium,18,1
15498,9100,Billing,Low,20,5
15499,11165,Network,Medium,1,2
15500,7328,Speed,Medium,19,3
15501,891,Login,High,20,3
15502,1323,Speed,Low,6,2
15503,1872,Login,Low,12,4
15504,3932,Speed,High,18,3
15505,6592,Network,Low,9,3
15506,6691,Technical,Low,13,2
15507,1478,Refund,Medium,7,1
15508,5957,Refund,Low,13,3
15509,8573,Speed,Low,10,5
15510,544,Technical,Medium,10,5
15511,791,Technical,Low,3,2
15512,8731,Refund,Medium,15,5
15513,4042,Login,Medium,13,5
15514,1257,Technical,Medium,2,2
15515,12863,Billing,Medium,5,2
15516,13854,Network,Low,15,3
15517,12423,Billing,Medium,1,4
15518,14301,Network,Low,12,4
15519,8034,Speed,Low,5,2
15520,7052,Speed,Medium,8,2
15521,6062,Speed,Low,19,4
15522,2400,Refund,High,19,4
15523,6680,Refund,High,7,2
15524,12258,Refund,Medium,15,4
15525,3664,Network,High,18,1
15526,4462,Technical,High,9,3
15527,2803,Refund,Low,17,2
15528,9676,Billing,High,8,4
15529,13218,Refund,Medium,12,4
15530,8100,Technical,High,15,4
15531,9485,Refund,Medium,10,2
15532,14158,Technical,Low,2,4
15533,8912,Network,Low,12,5
15534,4993,Billing,High,11,1
15535,8387,Technical,Low,15,3
15536,58,Billing,High,12,5
15537,379,Network,Medium,14,3
15538,7108,Login,Medium,11,1
15539,2523,Login,High,14,1
15540,2999,Billing,High,20,1
15541,4558,Refund,High,4,2
15542,12315,Refund,Medium,12,4
15543,623,Technical,Medium,9,2
15544,14752,Speed,High,17,1
15545,41,Refund,Low,20,4
15546,12234,Technical,Low,1,3
15547,2910,Refund,Medium,8,3
15548,14008,Technical,Medium,19,3
15549,9133,Speed,High,10,2
15550,13110,Network,Low,4,4
15551,6497,Refund,High,5,4
15552,4567,Billing,Medium,13,5
15553,13686,Network,Medium,18,2
15554,14824,Billing,Low,11,4
15555,14244,Network,Medium,3,3
15556,1766,Refund,Medium,8,4
15557,14127,Technical,High,20,4
15558,14771,Technical,High,4,2
15559,8264,Technical,High,8,4
15560,439,Login,High,19,2
15561,7001,Technical,High,3,2
15562,226,Refund,High,16,3
15563,1694,Network,Low,13,3
15564,1429,Login,Low,13,4
15565,8540,Speed,Low,1,5
15566,6906,Login,Low,2,2
15567,9459,Billing,Low,6,5
15568,12785,Login,Low,4,4
15569,3862,Refund,Medium,12,5
15570,12518,Network,Low,8,5
15571,6291,Technical,High,15,4
15572,9875,Speed,Medium,11,3
15573,3318,Technical,High,1,5
15574,7719,Network,High,11,3
15575,14782,Technical,Low,4,4
15576,11300,Network,High,4,4
15577,11121,Technical,Medium,2,4
15578,7332,Technical,Medium,8,1
15579,2184,Login,High,16,1
15580,2251,Refund,High,1,4
15581,12143,Technical,Medium,20,4
15582,13739,Network,Low,13,2
15583,138,Speed,Low,19,5
15584,6704,Technical,Medium,7,1
15585,5395,Technical,Medium,10,3
15586,12621,Billing,High,3,2
15587,4829,Technical,Low,11,4
15588,4865,Network,High,2,4
15589,2602,Billing,High,13,4
15590,5287,Login,Low,7,4
15591,3410,Speed,Medium,17,2
15592,4518,Billing,Low,11,5
15593,14461,Network,High,8,5
15594,14054,Network,Medium,18,5
15595,4681,Technical,Low,5,3
15596,9839,Technical,Medium,3,5
15597,1319,Network,Low,10,2
15598,13754,Speed,Low,8,5
15599,7921,Refund,Medium,11,2
15600,7371,Refund,Low,18,3
15601,9901,Network,Low,19,5
15602,11579,Technical,Medium,7,3
15603,13405,Billing,Low,15,5
15604,14944,Refund,High,9,3
15605,905,Login,Medium,11,4
15606,10360,Network,High,18,3
15607,10219,Technical,High,19,2
15608,4865,Technical,High,4,1
15609,6392,Login,Low,6,3
15610,13305,Technical,High,14,3
15611,3800,Technical,Low,7,4
15612,10816,Login,Low,10,5
15613,11498,Login,High,15,1
15614,7209,Network,Low,13,5
15615,1265,Technical,Low,20,3
15616,1543,Speed,Medium,9,5
15617,7261,Speed,Medium,1,3
15618,13193,Speed,Low,2,3
15619,3793,Billing,High,4,4
15620,3784,Refund,High,10,5
15621,1361,Login,Low,17,3
15622,6531,Billing,Medium,6,2
15623,154,Network,High,4,1
15624,9686,Speed,Medium,12,1
15625,10050,Refund,Medium,4,3
15626,1644,Login,High,8,3
15627,4796,Refund,Low,14,4
15628,6122,Network,Low,5,1
15629,11821,Speed,Medium,14,5
15630,13223,Billing,High,17,1
15631,4202,Network,High,12,3
15632,10922,Billing,High,14,5
15633,10853,Technical,High,20,4
15634,10603,Technical,High,9,2
15635,10405,Login,High,7,1
15636,3726,Technical,Medium,7,4
15637,2311,Billing,Medium,3,3
15638,13971,Speed,High,10,2
15639,11751,Network,High,17,5
15640,425,Billing,Low,14,3
15641,7711,Technical,Medium,8,3
15642,195,Billing,Medium,8,4
15643,1014,Login,Medium,13,1
15644,1155,Speed,Medium,11,5
15645,13170,Billing,Medium,12,4
15646,6959,Technical,Medium,10,5
15647,7656,Billing,Medium,14,2
15648,171,Billing,High,9,2
15649,4116,Refund,Medium,19,4
15650,6219,Speed,High,2,4
15651,3857,Billing,High,20,2
15652,8307,Login,High,17,3
15653,13133,Refund,Low,10,5
15654,2632,Network,Medium,4,4
15655,14888,Technical,High,19,5
15656,3149,Network,Medium,7,1
15657,387,Technical,Low,13,4
15658,11981,Billing,Medium,12,2
15659,11634,Network,Medium,8,3
15660,10781,Login,Medium,17,5
15661,1032,Billing,Low,18,1
15662,14184,Network,Medium,18,3
15663,3991,Billing,High,11,3
15664,2902,Billing,Low,18,4
15665,13988,Network,Low,5,2
15666,2314,Login,Low,20,3
15667,8508,Network,Medium,15,5
15668,12542,Technical,High,16,3
15669,10674,Speed,High,14,5
15670,6580,Login,Medium,11,1
15671,12841,Login,High,12,4
15672,3607,Billing,High,18,3
15673,11519,Speed,Low,5,5
15674,11662,Billing,Medium,20,4
15675,6667,Login,Low,1,1
15676,3696,Refund,High,9,1
15677,878,Login,Low,6,4
15678,7645,Technical,High,6,3
15679,8778,Refund,Medium,14,1
15680,14183,Technical,Low,2,2
15681,8274,Login,High,15,2
15682,4101,Network,Low,15,5
15683,13550,Speed,Medium,6,5
15684,3529,Billing,Medium,6,5
15685,11920,Billing,Low,9,1
15686,6851,Speed,Medium,4,1
15687,10217,Speed,Medium,8,2
15688,13398,Refund,Medium,11,4
15689,6321,Speed,Low,15,5
15690,13497,Speed,High,8,2
15691,12952,Technical,Low,1,5
15692,14770,Billing,Medium,6,3
15693,9668,Speed,Medium,13,4
15694,614,Refund,High,13,5
15695,11606,Refund,High,18,1
15696,2434,Technical,Medium,12,1
15697,10429,Refund,Low,13,1
15698,12308,Technical,Medium,16,3
15699,649,Billing,Low,3,4
15700,8517,Refund,Low,8,1
15701,543,Speed,Low,3,2
15702,128,Technical,High,18,1
15703,10088,Refund,Medium,5,5
15704,6952,Network,High,17,2
15705,6071,Login,Medium,9,5
15706,7564,Login,Medium,7,3
15707,458,Network,Low,5,5
15708,12212,Refund,Medium,20,2
15709,8142,Billing,High,17,1
15710,1054,Network,Medium,19,5
15711,9174,Speed,Low,10,3
15712,93,Login,Medium,3,2
15713,158,Network,Low,13,1
15714,12975,Speed,Medium,8,4
15715,14358,Login,Medium,8,3
15716,5488,Billing,Medium,10,1
15717,7620,Billing,High,16,3
15718,2888,Login,High,18,2
15719,14756,Network,Medium,2,1
15720,10968,Technical,Low,14,4
15721,352,Login,Low,14,1
15722,8308,Login,Medium,6,2
15723,7928,Login,Low,1,4
15724,6735,Login,High,9,4
15725,7495,Speed,Medium,10,4
15726,12371,Network,High,13,4
15727,7552,Network,Medium,16,5
15728,7478,Network,Low,16,1
15729,11653,Login,High,7,2
15730,5,Billing,High,8,1
15731,11521,Refund,Low,14,2
15732,2808,Technical,Low,19,2
15733,6017,Login,Medium,13,5
15734,9775,Speed,Medium,10,2
15735,7099,Refund,Low,6,5
15736,10537,Speed,Medium,6,1
15737,2409,Login,Low,9,3
15738,8674,Login,Medium,7,4
15739,11594,Billing,Medium,10,2
15740,11532,Billing,Medium,9,3
15741,13485,Network,Medium,16,2
15742,1828,Speed,Low,19,3
15743,4863,Speed,Medium,5,5
15744,14529,Network,Low,6,3
15745,2129,Speed,High,13,1
15746,5666,Refund,Low,8,3
15747,10139,Network,Low,3,2
15748,12362,Billing,High,13,4
15749,11940,Speed,High,15,4
15750,12495,Technical,Low,9,2
15751,5065,Technical,Low,10,1
15752,12379,Technical,Low,4,5
15753,4061,Technical,Low,10,5
15754,9572,Speed,Medium,13,1
15755,2859,Speed,Low,2,1
15756,12558,Billing,High,4,3
15757,9664,Speed,Low,9,3
15758,4011,Refund,High,12,5
15759,12017,Refund,Medium,6,1
15760,9241,Network,Low,7,1
15761,1736,Login,Medium,6,4
15762,5800,Refund,Low,8,2
15763,828,Billing,Low,12,5
15764,634,Billing,High,5,5
15765,6472,Billing,Low,19,4
15766,2153,Refund,Low,13,3
15767,13429,Refund,High,15,4
15768,1667,Speed,Low,14,1
15769,414,Billing,Low,10,5
15770,13030,Billing,High,5,2
15771,982,Speed,Medium,8,3
15772,1121,Technical,Low,4,2
15773,74,Network,High,4,4
15774,13765,Speed,Medium,10,4
15775,6141,Technical,Medium,2,3
15776,3873,Billing,High,17,4
15777,5691,Speed,Low,13,5
15778,14296,Network,Low,3,2
15779,13315,Network,Medium,14,5
15780,12087,Billing,Medium,10,4
15781,12504,Network,High,9,1
15782,13366,Login,High,3,2
15783,4796,Speed,Medium,4,4
15784,8696,Login,Low,17,2
15785,5698,Network,High,15,4
15786,14636,Billing,High,8,1
15787,3221,Network,Medium,15,4
15788,8304,Technical,Low,11,3
15789,569,Login,Low,6,2
15790,10862,Speed,High,16,1
15791,12885,Speed,High,3,2
15792,5633,Refund,Medium,2,2
15793,11796,Refund,High,3,4
15794,7943,Technical,High,3,2
15795,14851,Billing,Low,5,3
15796,9101,Login,High,1,3
15797,5208,Login,Medium,2,2
15798,9907,Technical,Medium,13,2
15799,3946,Login,High,16,2
15800,11090,Billing,High,14,4
15801,9132,Login,Low,4,1
15802,9624,Billing,Low,10,5
15803,4234,Refund,Medium,16,5
15804,9809,Speed,High,17,1
15805,1234,Login,High,18,2
15806,2637,Login,Low,7,4
15807,10475,Refund,Medium,17,5
15808,4125,Network,Medium,3,2
15809,1433,Technical,Low,2,3
15810,8874,Speed,Medium,1,1
15811,1623,Technical,High,15,5
15812,4504,Billing,High,16,3
15813,14102,Speed,Medium,10,3
15814,2611,Technical,Medium,9,5
15815,14540,Login,High,12,2
15816,12264,Refund,Low,14,4
15817,4361,Refund,Medium,13,4
15818,7971,Login,Medium,15,3
15819,10260,Login,High,9,2
15820,8125,Billing,Low,17,4
15821,11099,Login,High,9,4
15822,12123,Billing,High,4,2
15823,696,Network,High,15,1
15824,12682,Speed,Low,16,3
15825,1545,Login,High,9,4
15826,11200,Login,Low,8,3
15827,6232,Technical,High,2,5
15828,10400,Billing,High,1,3
15829,9881,Speed,Medium,18,1
15830,6897,Billing,Medium,1,5
15831,2958,Billing,Low,2,2
15832,6929,Speed,Medium,8,4
15833,1176,Speed,Low,19,5
15834,3405,Billing,High,7,5
15835,9880,Technical,High,6,1
15836,1350,Refund,High,17,5
15837,3137,Refund,High,12,2
15838,14341,Speed,High,19,4
15839,11670,Network,Low,20,1
15840,1732,Speed,Low,10,5
15841,920,Speed,Low,18,3
15842,11910,Login,Medium,12,4
15843,6011,Billing,Low,12,5
15844,9094,Speed,High,5,3
15845,10019,Speed,High,8,1
15846,4476,Network,High,10,2
15847,9197,Login,Medium,9,5
15848,2685,Network,Medium,3,1
15849,12516,Technical,Medium,17,5
15850,7664,Billing,High,8,2
15851,3829,Login,High,1,4
15852,7976,Refund,Medium,20,2
15853,12395,Login,Low,7,3
15854,14307,Technical,High,9,5
15855,1844,Billing,Low,14,1
15856,12497,Network,High,14,3
15857,12892,Refund,Low,11,3
15858,3414,Network,High,13,2
15859,2880,Billing,Low,3,2
15860,7693,Network,Medium,9,4
15861,329,Network,Medium,10,2
15862,4255,Technical,Medium,1,4
15863,8941,Login,Medium,14,5
15864,2128,Login,Low,4,3
15865,554,Network,Medium,19,4
15866,9057,Login,High,3,2
15867,6161,Billing,Medium,8,5
15868,7030,Refund,Medium,16,4
15869,3061,Refund,Low,9,2
15870,9027,Login,Low,11,2
15871,12896,Refund,Medium,14,1
15872,317,Network,Medium,3,3
15873,9900,Network,Low,13,3
15874,7317,Refund,Low,16,5
15875,3527,Speed,Medium,14,2
15876,13659,Speed,High,11,3
15877,3757,Speed,Low,16,2
15878,9723,Network,Medium,11,2
15879,13943,Technical,Medium,19,2
15880,3930,Speed,Medium,15,4
15881,11547,Technical,Medium,9,4
15882,12483,Technical,Medium,4,4
15883,13261,Refund,Low,16,4
15884,9133,Technical,Low,11,1
15885,13590,Technical,Low,11,5
15886,10127,Billing,Medium,13,5
15887,3994,Login,Low,7,1
15888,8109,Login,Low,1,1
15889,6649,Billing,Low,10,2
15890,3817,Network,Medium,4,3
15891,742,Login,High,18,1
15892,12246,Billing,Medium,12,2
15893,2626,Billing,High,3,3
15894,6747,Billing,Medium,16,2
15895,14650,Refund,Medium,6,1
15896,9427,Billing,Low,11,4
15897,1542,Login,Medium,5,1
15898,12511,Billing,High,3,3
15899,12173,Refund,Low,5,2
15900,6216,Refund,Low,12,3
15901,2221,Technical,High,9,2
15902,1919,Refund,High,7,3
15903,12412,Login,High,16,4
15904,13711,Technical,Medium,2,4
15905,5250,Speed,Medium,11,2
15906,2992,Login,High,9,4
15907,5762,Login,Low,4,5
15908,10156,Refund,Medium,6,5
15909,5700,Refund,Medium,10,5
15910,1946,Billing,Medium,10,4
15911,8645,Speed,Medium,1,2
15912,8288,Login,High,6,3
15913,5922,Refund,High,13,1
15914,5735,Network,Medium,4,5
15915,2081,Login,High,2,5
15916,8437,Login,High,16,5
15917,6441,Refund,Low,9,3
15918,4879,Speed,Medium,17,1
15919,617,Technical,High,13,4
15920,8592,Refund,Medium,4,5
15921,1834,Technical,High,9,1
15922,12400,Refund,Medium,16,4
15923,11557,Speed,High,3,2
15924,7801,Login,Low,7,1
15925,11080,Network,Low,5,5
15926,1324,Refund,High,10,4
15927,11914,Network,High,1,5
15928,13382,Login,High,20,5
15929,6023,Technical,Low,5,3
15930,3785,Refund,Medium,12,1
15931,7604,Technical,Medium,13,2
15932,1148,Technical,Low,9,1
15933,4500,Technical,Medium,17,3
15934,10943,Speed,Medium,11,4
15935,345,Login,Medium,6,5
15936,4618,Login,Low,9,3
15937,13038,Technical,Low,8,3
15938,8317,Billing,Low,14,5
15939,10544,Speed,Medium,3,5
15940,11658,Technical,Medium,13,3
15941,5558,Speed,Low,20,2
15942,5351,Refund,Medium,19,4
15943,1768,Network,Medium,5,1
15944,9462,Login,Low,13,1
15945,5434,Network,High,9,1
15946,5828,Refund,Low,13,3
15947,13871,Network,Low,2,1
15948,1299,Speed,Medium,4,2
15949,10356,Speed,Low,11,1
15950,1325,Refund,Low,9,1
15951,12884,Network,Low,19,3
15952,9053,Login,Medium,7,4
15953,6305,Speed,Medium,15,3
15954,6341,Refund,High,5,1
15955,170,Billing,Medium,15,2
15956,3916,Billing,Medium,4,1
15957,3093,Billing,High,3,1
15958,11399,Refund,Medium,6,1
15959,10811,Refund,Low,6,1
15960,14178,Speed,High,6,2
15961,199,Network,Low,5,3
15962,8132,Speed,High,2,5
15963,8415,Refund,High,18,3
15964,11801,Billing,Low,6,1
15965,3609,Speed,Medium,10,3
15966,876,Login,Low,6,3
15967,12501,Billing,Medium,11,4
15968,3131,Refund,Low,13,1
15969,2323,Refund,Low,19,5
15970,10764,Refund,Low,19,2
15971,12534,Login,High,5,5
15972,13206,Refund,Medium,20,3
15973,7025,Refund,Low,4,3
15974,3028,Network,High,19,5
15975,1412,Login,High,13,4
15976,11648,Login,High,12,1
15977,10291,Refund,Low,5,2
15978,10002,Technical,Medium,5,4
15979,10415,Network,Low,10,5
15980,9366,Technical,Medium,16,1
15981,5098,Billing,Low,1,1
15982,1934,Network,Low,18,5
15983,1338,Technical,Low,2,2
15984,1406,Refund,Medium,8,1
15985,7871,Billing,Low,7,4
15986,12049,Technical,Medium,3,2
15987,10237,Login,Medium,1,4
15988,1120,Refund,Medium,8,1
15989,13555,Network,High,16,1
15990,12630,Speed,Medium,6,1
15991,14924,Login,High,5,3
15992,14814,Refund,High,5,3
15993,7975,Technical,Medium,4,2
15994,2619,Speed,High,10,5
15995,887,Refund,Low,11,5
15996,9600,Network,Low,8,5
15997,4038,Network,Low,11,3
15998,11119,Speed,High,1,4
15999,6784,Technical,Medium,6,3
16000,9420,Speed,Medium,16,5
16001,7473,Technical,Low,13,5
16002,7996,Technical,High,8,4
16003,10767,Login,High,4,3
16004,2353,Login,Medium,20,5
16005,8148,Speed,High,11,1
16006,14163,Technical,High,10,3
16007,13493,Speed,Low,4,5
16008,3921,Login,Low,5,5
16009,14480,Login,High,1,3
16010,12162,Technical,Low,14,5
16011,4424,Billing,High,7,1
16012,1763,Refund,Medium,14,4
16013,9069,Speed,Low,17,3
16014,13036,Technical,Low,7,2
16015,3694,Technical,Low,1,3
16016,9001,Speed,Low,18,5
16017,11130,Billing,Medium,1,4
16018,3434,Refund,Low,1,2
16019,557,Login,Low,3,5
16020,5700,Technical,High,13,3
16021,8784,Refund,High,3,4
16022,13894,Billing,Medium,19,3
16023,4792,Refund,Medium,1,2
16024,13431,Speed,Medium,7,2
16025,7028,Speed,High,9,4
16026,9572,Login,Medium,8,4
16027,7903,Network,Medium,8,4
16028,3480,Refund,Medium,18,1
16029,343,Speed,High,2,3
16030,845,Refund,High,9,5
16031,1177,Speed,Low,18,2
16032,13267,Billing,High,5,1
16033,9247,Refund,Medium,19,2
16034,9605,Network,Low,12,4
16035,344,Technical,Medium,13,2
16036,3844,Refund,Medium,7,1
16037,9053,Login,Medium,1,5
16038,1578,Network,Low,1,1
16039,3244,Technical,Low,5,4
16040,3700,Login,High,20,5
16041,4044,Login,Medium,6,2
16042,3563,Refund,Low,17,5
16043,4572,Speed,Medium,1,2
16044,9108,Speed,Medium,7,2
16045,11826,Speed,High,11,5
16046,6380,Login,High,18,2
16047,14072,Login,High,9,1
16048,7163,Technical,Medium,4,5
16049,13138,Login,High,2,2
16050,8387,Login,High,8,4
16051,14877,Network,Low,20,1
16052,7940,Billing,High,19,2
16053,3846,Login,Low,8,3
16054,4067,Speed,Medium,14,1
16055,13120,Login,High,13,2
16056,9821,Technical,Low,9,3
16057,11371,Refund,Low,7,5
16058,10405,Billing,High,15,4
16059,12940,Technical,High,13,2
16060,540,Technical,Low,5,3
16061,11541,Speed,Low,10,4
16062,4707,Login,High,15,5
16063,11569,Speed,Low,20,3
16064,11006,Login,High,6,2
16065,11025,Refund,Medium,2,3
16066,13027,Network,Medium,18,5
16067,12147,Technical,Medium,2,4
16068,14022,Speed,High,20,5
16069,10011,Network,Low,7,5
16070,14386,Login,High,16,4
16071,4631,Speed,Low,3,5
16072,10447,Billing,Medium,1,1
16073,9330,Refund,High,10,5
16074,8217,Technical,Low,4,4
16075,13504,Technical,Low,18,4
16076,4372,Network,Medium,18,2
16077,10775,Speed,Low,20,3
16078,4799,Speed,Low,3,5
16079,4915,Login,Medium,5,4
16080,13336,Speed,Low,4,4
16081,3560,Technical,Low,1,4
16082,4360,Billing,Medium,12,5
16083,14908,Login,High,18,3
16084,13796,Speed,High,16,3
16085,6170,Speed,Low,9,4
16086,14671,Speed,Low,5,1
16087,8361,Login,High,19,5
16088,3135,Login,Medium,4,2
16089,8783,Speed,High,14,1
16090,4979,Speed,High,16,4
16091,3965,Login,Medium,8,3
16092,6455,Network,Medium,19,1
16093,14319,Refund,Low,10,5
16094,5302,Login,Medium,5,2
16095,11795,Speed,Medium,15,3
16096,11845,Login,Low,1,1
16097,9556,Technical,Low,15,4
16098,1521,Billing,Low,11,5
16099,9113,Billing,High,7,1
16100,4862,Network,High,2,1
16101,11137,Speed,Medium,7,4
16102,7698,Network,Low,9,3
16103,6494,Login,Low,20,3
16104,2874,Speed,High,4,4
16105,10653,Login,High,20,1
16106,1222,Login,High,20,1
16107,10114,Refund,Medium,15,2
16108,3117,Technical,Low,6,3
16109,12671,Login,Low,7,4
16110,9758,Refund,Low,18,2
16111,2662,Login,High,12,3
16112,3505,Login,Low,18,1
16113,3800,Refund,Medium,14,1
16114,7523,Billing,Low,7,3
16115,4649,Refund,Medium,15,5
16116,9663,Speed,Medium,15,2
16117,4738,Speed,High,19,2
16118,945,Speed,High,5,3
16119,13405,Speed,High,2,1
16120,10001,Network,Low,14,4
16121,10703,Speed,Medium,18,2
16122,4546,Speed,High,17,4
16123,244,Refund,Medium,8,4
16124,989,Speed,High,4,2
16125,14737,Login,High,5,4
16126,2990,Network,Low,17,4
16127,4840,Speed,High,8,5
16128,12353,Refund,Medium,11,5
16129,7127,Technical,Low,1,3
16130,8596,Technical,High,8,5
16131,2678,Technical,Low,11,3
16132,7279,Login,Medium,17,3
16133,3477,Network,Low,8,4
16134,14315,Speed,High,3,1
16135,11672,Refund,Medium,2,3
16136,8017,Refund,Medium,15,5
16137,7370,Speed,Low,5,4
16138,91,Login,Medium,5,4
16139,14676,Network,High,16,4
16140,12127,Technical,Medium,7,5
16141,5756,Network,Medium,13,5
16142,14105,Login,Medium,1,2
16143,9256,Billing,Low,12,5
16144,11786,Billing,High,1,3
16145,8166,Speed,Low,4,5
16146,2949,Network,Low,19,1
16147,8752,Network,Medium,9,5
16148,12685,Login,High,10,1
16149,5313,Network,Medium,4,1
16150,1563,Technical,High,12,3
16151,3876,Speed,Medium,16,2
16152,10046,Refund,High,18,4
16153,1793,Billing,High,15,1
16154,11909,Billing,Medium,12,3
16155,2931,Technical,Medium,19,5
16156,279,Speed,Low,12,4
16157,3863,Login,Medium,4,5
16158,252,Login,Low,9,4
16159,10538,Refund,Low,17,4
16160,6401,Network,High,9,1
16161,13913,Billing,Medium,8,2
16162,1331,Network,Medium,20,2
16163,777,Billing,Medium,9,3
16164,9511,Speed,Medium,12,2
16165,13577,Login,Low,16,3
16166,7157,Billing,Low,3,2
16167,7074,Login,Medium,18,4
16168,13230,Login,Medium,2,3
16169,3405,Speed,High,18,1
16170,8309,Login,Medium,14,5
16171,3305,Technical,Medium,1,2
16172,10821,Billing,Low,14,1
16173,7108,Billing,Medium,16,1
16174,444,Billing,Medium,1,3
16175,1248,Billing,High,11,1
16176,2957,Login,High,12,3
16177,10379,Login,Low,19,2
16178,9336,Speed,High,7,5
16179,7003,Login,High,17,2
16180,3605,Login,High,18,2
16181,8108,Network,Low,18,3
16182,13865,Refund,Medium,7,2
16183,14943,Login,Medium,9,2
16184,7251,Technical,Low,16,4
16185,6552,Login,Low,13,5
16186,12496,Billing,Low,16,2
16187,7401,Network,High,6,2
16188,7918,Refund,Medium,1,5
16189,8268,Technical,Medium,12,1
16190,10156,Billing,Low,11,3
16191,1836,Network,High,18,2
16192,5524,Billing,Low,12,3
16193,12812,Billing,High,10,5
16194,11952,Billing,Low,18,2
16195,13253,Technical,Low,13,3
16196,7227,Network,High,15,3
16197,3423,Speed,Low,10,3
16198,7653,Network,Low,12,3
16199,6814,Billing,High,20,4
16200,9543,Speed,Low,9,1
16201,57,Billing,Low,12,4
16202,8881,Network,High,11,5
16203,447,Login,High,7,3
16204,6463,Billing,Low,16,2
16205,4543,Billing,High,4,4
16206,1944,Refund,High,2,4
16207,12354,Network,Low,19,5
16208,7433,Technical,High,2,5
16209,3198,Network,Medium,12,5
16210,4950,Login,High,15,1
16211,3415,Refund,High,10,2
16212,11449,Technical,Medium,1,3
16213,11236,Technical,Low,1,4
16214,7165,Login,Medium,5,1
16215,3455,Refund,High,18,3
16216,3400,Network,Low,3,5
16217,9152,Network,High,16,5
16218,14702,Speed,Low,4,3
16219,11503,Network,Low,14,1
16220,12403,Speed,High,5,2
16221,8767,Billing,Low,16,3
16222,36,Refund,Medium,17,2
16223,8583,Refund,High,10,3
16224,9567,Billing,High,18,5
16225,617,Billing,Low,9,4
16226,6856,Speed,Low,12,4
16227,12517,Speed,Medium,4,5
16228,13391,Login,High,1,3
16229,10109,Speed,Medium,17,5
16230,2647,Refund,Medium,2,3
16231,8080,Speed,Medium,3,4
16232,11820,Billing,High,19,5
16233,6390,Billing,High,17,5
16234,12243,Network,Medium,4,4
16235,3603,Speed,Medium,6,3
16236,1825,Billing,Medium,20,4
16237,2952,Speed,High,15,1
16238,11410,Technical,High,7,1
16239,8760,Login,Medium,6,2
16240,3692,Technical,Low,5,5
16241,4905,Technical,Medium,9,3
16242,10218,Speed,High,2,4
16243,4159,Speed,High,8,1
16244,4481,Refund,Medium,10,4
16245,12311,Speed,Low,18,2
16246,4465,Billing,Low,10,5
16247,6500,Technical,Low,17,5
16248,7592,Refund,High,11,1
16249,1339,Login,Low,3,3
16250,702,Speed,High,13,1
16251,9218,Refund,High,2,2
16252,5552,Network,Medium,1,2
16253,14110,Login,Medium,11,1
16254,6151,Login,Medium,20,4
16255,3605,Network,Medium,10,5
16256,258,Login,High,20,1
16257,9768,Login,Medium,3,3
16258,6182,Technical,High,4,4
16259,138,Login,Low,13,1
16260,968,Login,Low,4,1
16261,13978,Network,Low,15,2
16262,4946,Technical,Low,8,5
16263,6848,Billing,Medium,4,5
16264,11198,Refund,Medium,20,4
16265,6948,Network,Medium,9,2
16266,6873,Technical,High,13,3
16267,2158,Login,Medium,3,3
16268,11891,Refund,High,13,4
16269,6129,Refund,Medium,7,3
16270,13491,Billing,High,15,5
16271,9682,Billing,High,5,4
16272,1470,Technical,High,13,5
16273,3363,Billing,Medium,13,4
16274,7397,Technical,Medium,20,3
16275,9286,Network,Medium,2,2
16276,12059,Billing,Medium,4,4
16277,7140,Login,Medium,20,1
16278,2217,Speed,High,5,4
16279,3514,Billing,Medium,7,3
16280,12933,Billing,Low,14,4
16281,14991,Billing,Medium,9,5
16282,897,Network,Low,9,4
16283,9985,Billing,Medium,18,3
16284,8790,Network,Medium,17,4
16285,13696,Technical,Low,12,2
16286,4295,Network,High,16,4
16287,3972,Speed,Low,1,3
16288,9461,Technical,High,12,4
16289,6258,Speed,Medium,4,4
16290,6382,Network,Medium,16,4
16291,4696,Network,Medium,18,5
16292,11418,Billing,Low,16,4
16293,9274,Speed,High,14,1
16294,4123,Technical,High,3,3
16295,9056,Billing,Low,15,2
16296,11282,Billing,High,11,1
16297,9235,Login,Medium,4,5
16298,6096,Speed,Medium,14,2
16299,14781,Login,Medium,20,4
16300,762,Refund,Low,4,5
16301,8180,Billing,Medium,15,1
16302,11264,Login,High,6,2
16303,13313,Speed,High,5,1
16304,14521,Billing,Medium,4,3
16305,7902,Login,High,6,1
16306,2070,Login,Low,19,2
16307,6367,Billing,Low,14,3
16308,11369,Refund,High,2,5
16309,8425,Technical,Low,4,5
16310,6014,Refund,Low,19,4
16311,7032,Login,Medium,12,1
16312,12121,Billing,High,12,2
16313,3968,Login,Medium,16,3
16314,10325,Network,Medium,7,3
16315,9756,Network,Medium,15,5
16316,5265,Billing,High,1,5
16317,7337,Network,Low,9,5
16318,3041,Network,Medium,2,5
16319,6231,Network,Medium,12,1
16320,3519,Technical,High,2,5
16321,606,Billing,High,16,2
16322,2042,Refund,High,11,3
16323,830,Login,High,16,4
16324,12412,Network,High,8,1
16325,11041,Speed,High,1,3
16326,2531,Network,High,6,4
16327,6556,Login,High,8,1
16328,12098,Network,Medium,2,3
16329,1626,Technical,Medium,4,2
16330,6619,Refund,High,8,2
16331,6697,Login,High,16,5
16332,83,Network,High,14,5
16333,7367,Login,High,9,4
16334,14670,Login,High,14,5
16335,4759,Network,Low,6,5
16336,13908,Refund,Medium,3,3
16337,6013,Login,Low,7,5
16338,10980,Network,High,5,2
16339,9825,Billing,High,13,5
16340,14019,Speed,Medium,20,3
16341,4521,Login,High,15,3
16342,11232,Speed,High,1,5
16343,4108,Network,High,13,2
16344,733,Billing,Low,14,2
16345,6790,Network,Medium,5,2
16346,3818,Login,Medium,20,4
16347,12236,Network,High,7,1
16348,7300,Billing,Low,2,2
16349,9980,Speed,Low,13,3
16350,9112,Technical,Low,14,2
16351,943,Speed,Low,8,1
16352,8872,Technical,Medium,19,3
16353,14707,Speed,High,15,2
16354,6141,Technical,Medium,1,1
16355,7559,Login,High,5,4
16356,3812,Speed,Medium,4,3
16357,2992,Network,High,16,1
16358,1350,Refund,Low,17,3
16359,1692,Technical,High,15,2
16360,4874,Billing,High,14,5
16361,498,Technical,Low,12,2
16362,4368,Technical,Medium,10,1
16363,14271,Speed,Medium,6,3
16364,7723,Speed,Medium,15,3
16365,9910,Login,Medium,8,3
16366,14800,Network,Low,20,2
16367,2828,Network,Low,11,2
16368,4800,Network,Medium,13,4
16369,1849,Login,Medium,19,3
16370,6103,Speed,Low,14,2
16371,14045,Technical,Low,8,2
16372,9741,Technical,Medium,16,3
16373,3591,Refund,Medium,9,3
16374,9660,Billing,Low,18,5
16375,6614,Technical,High,1,5
16376,1096,Speed,High,14,2
16377,13073,Login,High,19,1
16378,14952,Login,Medium,9,2
16379,14864,Refund,Low,4,2
16380,3964,Technical,Medium,19,1
16381,13923,Technical,High,18,1
16382,8908,Speed,Medium,9,2
16383,14617,Network,Low,11,5
16384,6369,Network,High,15,2
16385,7668,Technical,High,5,3
16386,4248,Billing,Medium,8,5
16387,5388,Speed,Low,5,3
16388,10097,Login,High,8,3
16389,5248,Technical,Medium,5,3
16390,547,Technical,Low,17,4
16391,5455,Login,Medium,19,2
16392,12082,Technical,High,10,3
16393,9414,Login,Low,12,5
16394,12421,Login,Low,4,1
16395,5006,Technical,Low,20,3
16396,4085,Technical,Low,6,5
16397,1659,Refund,Medium,15,4
16398,9581,Technical,Low,2,1
16399,11629,Billing,High,14,5
16400,2744,Billing,High,8,5
16401,255,Network,High,20,5
16402,7153,Billing,Medium,7,2
16403,11004,Login,Medium,1,1
16404,8388,Technical,Medium,8,2
16405,5560,Network,Medium,9,4
16406,13283,Network,High,4,2
16407,5061,Network,Medium,8,5
16408,1663,Login,High,12,4
16409,3048,Technical,Low,11,3
16410,9720,Technical,Low,19,4
16411,13758,Login,Medium,5,5
16412,13333,Network,Medium,12,3
16413,3936,Technical,Medium,10,5
16414,9445,Login,Medium,8,5
16415,6874,Speed,Low,7,4
16416,14301,Network,Low,15,4
16417,10394,Refund,Low,17,4
16418,10676,Billing,High,19,5
16419,13804,Login,Medium,14,1
16420,8301,Speed,High,12,5
16421,12753,Refund,Medium,15,4
16422,9582,Speed,Low,8,1
16423,3163,Refund,Low,19,2
16424,1536,Speed,High,9,3
16425,6398,Refund,Low,3,4
16426,11715,Speed,Low,8,5
16427,6218,Network,High,4,3
16428,3925,Technical,High,14,2
16429,13493,Login,Low,18,2
16430,12163,Network,Low,7,4
16431,36,Network,Medium,13,2
16432,11260,Network,High,4,3
16433,9959,Refund,Medium,6,3
16434,7201,Login,Low,16,4
16435,8685,Refund,High,18,3
16436,10900,Login,High,6,5
16437,13335,Network,High,19,2
16438,8748,Billing,High,13,2
16439,11903,Speed,Medium,13,4
16440,14385,Refund,High,10,2
16441,14747,Network,Low,7,2
16442,11076,Refund,High,11,3
16443,843,Speed,Medium,16,1
16444,13728,Technical,High,3,4
16445,1649,Network,Medium,9,5
16446,13733,Refund,Medium,14,4
16447,1881,Billing,High,16,4
16448,6666,Network,Medium,11,4
16449,5711,Login,Low,15,1
16450,5558,Network,Medium,15,4
16451,1814,Refund,Low,5,4
16452,5254,Login,Low,12,1
16453,440,Speed,Low,6,1
16454,2173,Speed,Medium,2,2
16455,1553,Billing,Medium,20,3
16456,11239,Billing,High,19,4
16457,1739,Speed,Medium,1,5
16458,14840,Technical,High,6,4
16459,1985,Billing,Medium,8,1
16460,8307,Technical,High,15,3
16461,846,Network,Low,15,3
16462,1709,Billing,Low,9,3
16463,1100,Technical,Medium,6,3
16464,4133,Network,Low,19,1
16465,1358,Network,Low,15,5
16466,2194,Network,Low,7,1
16467,2596,Network,Low,3,2
16468,14485,Technical,High,4,1
16469,524,Login,Low,2,5
16470,2224,Technical,Low,12,4
16471,3732,Network,High,9,4
16472,1743,Speed,Medium,17,4
16473,10105,Speed,High,15,4
16474,8698,Login,Low,16,5
16475,7480,Speed,High,5,2
16476,6087,Refund,Low,1,1
16477,12001,Technical,Low,8,2
16478,5080,Network,High,9,3
16479,4241,Billing,High,13,4
16480,1927,Billing,High,3,1
16481,9475,Technical,High,3,2
16482,3584,Network,Low,14,3
16483,1298,Login,Low,12,3
16484,1869,Login,Low,13,1
16485,4392,Login,Low,13,1
16486,8610,Refund,High,17,5
16487,1306,Technical,Low,15,3
16488,7778,Billing,High,20,3
16489,7240,Technical,Low,20,4
16490,5400,Login,Medium,12,5
16491,5863,Network,Low,7,5
16492,9655,Speed,High,19,3
16493,3714,Refund,Low,11,5
16494,2829,Refund,High,3,3
16495,1621,Network,Low,13,2
16496,8668,Speed,Low,1,3
16497,489,Speed,High,3,4
16498,7021,Technical,Low,8,4
16499,5023,Speed,Medium,16,5
16500,7217,Network,Low,5,3
16501,233,Technical,Low,19,5
16502,1545,Network,Medium,10,2
16503,7480,Refund,Medium,7,3
16504,14509,Technical,Low,13,4
16505,3354,Billing,High,17,3
16506,5824,Login,Low,9,4
16507,9506,Speed,High,12,1
16508,7167,Billing,Medium,2,5
16509,7623,Speed,Medium,20,1
16510,3626,Technical,High,2,1
16511,10828,Speed,High,3,4
16512,10673,Login,Medium,19,4
16513,7382,Technical,Low,1,1
16514,923,Login,High,16,1
16515,4841,Technical,Low,20,1
16516,9372,Speed,Low,6,3
16517,10642,Technical,Medium,3,5
16518,7208,Speed,Medium,17,1
16519,14560,Billing,Medium,20,4
16520,14755,Login,Medium,16,5
16521,3088,Billing,Medium,5,2
16522,7463,Login,Low,15,1
16523,11102,Refund,Low,6,4
16524,10521,Speed,Low,1,3
16525,3366,Network,High,6,4
16526,4288,Speed,Medium,8,5
16527,2710,Billing,Low,8,3
16528,313,Login,Low,8,4
16529,10021,Network,Medium,1,1
16530,10220,Speed,High,12,5
16531,10817,Technical,Low,12,3
16532,9154,Speed,High,10,3
16533,8881,Login,High,19,2
16534,13749,Technical,High,1,5
16535,12165,Technical,Low,16,2
16536,2922,Network,High,5,2
16537,4810,Refund,Medium,2,1
16538,3681,Speed,Medium,3,1
16539,6340,Speed,Medium,16,2
16540,12655,Refund,Low,16,3
16541,11394,Refund,Medium,1,5
16542,14710,Technical,Low,6,5
16543,5726,Refund,Medium,15,2
16544,2051,Technical,Low,13,5
16545,84,Login,Medium,2,3
16546,11191,Network,Medium,8,4
16547,1047,Network,Medium,1,4
16548,1913,Network,Low,13,5
16549,5712,Billing,Medium,20,3
16550,5797,Refund,Medium,8,4
16551,2610,Billing,High,17,3
16552,3627,Billing,Medium,5,3
16553,2283,Speed,Low,3,5
16554,8990,Billing,Medium,18,3
16555,5938,Speed,High,17,1
16556,11437,Refund,High,13,4
16557,8069,Billing,Medium,5,1
16558,13256,Technical,Low,16,2
16559,10343,Speed,Medium,4,3
16560,455,Network,High,4,4
16561,12243,Technical,Low,4,5
16562,7935,Speed,High,8,5
16563,142,Speed,Medium,11,1
16564,13546,Refund,High,11,4
16565,1856,Technical,High,17,2
16566,13787,Billing,Medium,3,2
16567,14479,Refund,High,14,1
16568,3562,Technical,Low,7,5
16569,14837,Login,Medium,12,1
16570,10808,Login,Medium,14,2
16571,12426,Speed,Low,6,4
16572,9557,Network,High,4,2
16573,10796,Billing,Low,14,3
16574,7687,Billing,High,11,5
16575,12369,Network,Medium,16,2
16576,14666,Network,Medium,20,4
16577,7345,Network,Low,17,4
16578,12719,Technical,High,16,3
16579,5040,Login,Medium,13,4
16580,4140,Refund,Low,19,4
16581,8708,Technical,High,18,3
16582,6351,Technical,Medium,2,5
16583,4273,Technical,Low,1,3
16584,1656,Refund,Low,18,5
16585,10150,Billing,High,12,5
16586,5482,Speed,High,11,3
16587,8476,Billing,High,17,1
16588,14405,Billing,Medium,10,4
16589,4760,Billing,High,2,3
16590,14178,Network,Low,14,5
16591,5684,Refund,Low,17,5
16592,6708,Login,High,18,4
16593,2260,Billing,Medium,4,4
16594,4397,Technical,High,13,2
16595,9809,Login,High,4,2
16596,958,Network,Low,3,3
16597,7029,Network,Low,19,2
16598,7943,Speed,Low,15,3
16599,5733,Speed,Medium,1,4
16600,13309,Billing,Low,14,3
16601,11190,Billing,Low,12,3
16602,11345,Speed,High,19,3
16603,1687,Speed,Low,5,5
16604,13424,Technical,High,10,5
16605,14637,Login,High,11,2
16606,7881,Login,Medium,9,3
16607,14119,Billing,Medium,9,5
16608,2170,Refund,Low,10,1
16609,3023,Refund,Medium,4,4
16610,12809,Speed,Medium,4,3
16611,12750,Billing,Low,10,3
16612,11842,Refund,Low,12,1
16613,11869,Refund,Medium,6,2
16614,7334,Login,High,18,4
16615,801,Network,Medium,13,1
16616,2829,Login,Medium,20,2
16617,3847,Network,High,5,4
16618,3475,Speed,High,12,1
16619,552,Billing,High,7,3
16620,579,Billing,High,2,3
16621,6767,Speed,High,2,2
16622,7101,Technical,Medium,19,1
16623,10775,Refund,Medium,2,1
16624,326,Speed,Medium,8,2
16625,2991,Login,Medium,18,4
16626,2866,Technical,High,4,5
16627,12772,Technical,Low,19,5
16628,10232,Speed,Medium,14,1
16629,8428,Login,Medium,5,1
16630,14005,Technical,High,1,3
16631,14946,Billing,High,18,4
16632,6653,Billing,Low,20,2
16633,8477,Billing,High,10,4
16634,10588,Network,High,15,5
16635,11717,Refund,Medium,8,5
16636,5751,Speed,High,19,3
16637,7671,Billing,Medium,8,5
16638,12354,Network,High,10,2
16639,6196,Network,Low,7,3
16640,9775,Billing,Medium,11,2
16641,4076,Billing,Medium,8,5
16642,4956,Login,Medium,9,5
16643,11585,Speed,Medium,14,4
16644,10024,Refund,Medium,12,1
16645,7760,Login,Medium,18,4
16646,3457,Speed,High,6,3
16647,11576,Speed,High,11,5
16648,10464,Network,Low,20,3
16649,1807,Login,Low,13,2
16650,14344,Billing,Low,20,4
16651,6564,Login,Low,13,1
16652,7996,Login,Medium,3,2
16653,6555,Network,High,16,5
16654,9996,Login,Medium,16,1
16655,1296,Billing,Low,10,3
16656,6019,Login,Medium,3,5
16657,5539,Refund,High,6,3
16658,3597,Network,Low,4,1
16659,3146,Login,Low,15,3
16660,5656,Speed,Medium,16,1
16661,1941,Login,Low,8,3
16662,6681,Technical,High,16,1
16663,13744,Network,Low,17,2
16664,12716,Refund,Low,4,1
16665,8879,Login,Low,2,4
16666,7837,Network,Medium,14,4
16667,12260,Network,High,12,4
16668,8306,Login,High,15,3
16669,12191,Network,Medium,5,3
16670,6028,Login,Low,5,2
16671,1821,Billing,Low,19,3
16672,5847,Network,High,3,2
16673,5610,Login,Medium,7,2
16674,11748,Network,Medium,3,3
16675,968,Network,High,19,2
16676,3062,Login,High,11,5
16677,10264,Technical,Medium,9,1
16678,4619,Technical,High,10,3
16679,11414,Login,Low,16,4
16680,1586,Speed,Low,12,1
16681,6837,Login,Low,2,3
16682,14171,Technical,Medium,4,2
16683,1146,Speed,Medium,3,4
16684,3491,Speed,Medium,1,5
16685,10191,Technical,Medium,20,1
16686,11487,Login,Low,13,3
16687,168,Billing,Low,13,2
16688,9278,Technical,Low,17,2
16689,4729,Login,High,16,3
16690,2841,Speed,Medium,10,5
16691,906,Network,Low,14,2
16692,8221,Billing,Low,4,5
16693,101,Technical,Low,5,4
16694,1654,Speed,High,4,3
16695,1673,Billing,Medium,15,4
16696,9513,Network,Medium,3,3
16697,10159,Billing,Medium,20,5
16698,14935,Technical,High,7,4
16699,9233,Technical,Medium,9,5
16700,2759,Billing,High,9,5
16701,7741,Login,Low,16,2
16702,7192,Speed,Low,17,4
16703,802,Login,Medium,9,1
16704,10666,Speed,Low,14,1
16705,6171,Network,Low,9,1
16706,3556,Refund,Medium,9,5
16707,5894,Refund,Medium,7,5
16708,12429,Billing,High,14,2
16709,3873,Speed,Low,1,5
16710,182,Technical,High,14,3
16711,1214,Speed,High,5,3
16712,9178,Billing,Medium,10,1
16713,7666,Refund,Low,10,2
16714,10364,Login,High,16,4
16715,7931,Login,Medium,17,2
16716,1827,Billing,Low,2,1
16717,8464,Network,Low,5,5
16718,10554,Billing,Medium,20,1
16719,6552,Login,Medium,10,5
16720,1553,Refund,High,20,2
16721,263,Technical,High,3,4
16722,8229,Refund,High,14,5
16723,14243,Network,High,9,5
16724,6056,Speed,High,8,3
16725,1676,Network,High,2,3
16726,2311,Speed,High,20,4
16727,5867,Refund,Medium,9,5
16728,2169,Technical,Low,7,5
16729,14726,Network,Medium,9,3
16730,9989,Login,Low,19,1
16731,7238,Technical,High,12,3
16732,14375,Technical,Low,5,5
16733,7717,Login,High,19,5
16734,13293,Billing,High,1,3
16735,10032,Billing,Medium,17,1
16736,9360,Login,Medium,13,4
16737,8456,Login,High,1,1
16738,13805,Technical,Low,3,1
16739,14243,Network,Low,3,4
16740,9566,Login,High,13,4
16741,603,Refund,High,14,5
16742,3644,Technical,High,9,4
16743,6036,Speed,Low,20,4
16744,7050,Login,Medium,4,1
16745,6390,Refund,Medium,4,2
16746,9755,Refund,High,6,4
16747,11257,Speed,Low,8,2
16748,4375,Login,Medium,14,2
16749,2219,Login,Medium,18,5
16750,12372,Speed,Medium,6,2
16751,9925,Billing,High,3,2
16752,928,Speed,Low,4,1
16753,9259,Refund,High,19,4
16754,3058,Network,High,2,5
16755,14835,Billing,Low,1,5
16756,9786,Billing,Medium,16,4
16757,14322,Billing,High,20,3
16758,5701,Network,Low,6,3
16759,7362,Speed,High,2,1
16760,8288,Technical,Low,7,4
16761,14511,Billing,Medium,16,3
16762,12771,Network,Medium,17,2
16763,2434,Speed,Low,4,4
16764,11363,Refund,Low,14,1
16765,14561,Network,High,8,1
16766,6194,Speed,High,8,1
16767,12015,Network,Low,16,4
16768,4841,Speed,Low,20,1
16769,9241,Speed,Medium,9,1
16770,11039,Login,Medium,14,3
16771,2565,Network,Medium,18,3
16772,12466,Speed,High,15,2
16773,10958,Network,High,9,1
16774,937,Network,Low,18,4
16775,6620,Network,Medium,14,3
16776,4426,Technical,Low,13,5
16777,747,Speed,Low,14,2
16778,1628,Network,Medium,16,5
16779,11887,Speed,High,16,1
16780,9130,Refund,High,6,4
16781,5592,Billing,Medium,17,5
16782,13521,Speed,High,16,1
16783,14842,Speed,Low,8,4
16784,12811,Speed,High,6,2
16785,535,Billing,Medium,13,4
16786,13094,Refund,Low,19,5
16787,8713,Speed,Low,12,2
16788,13898,Network,Medium,19,4
16789,12488,Speed,High,10,4
16790,11774,Refund,Low,19,5
16791,1355,Technical,Medium,17,1
16792,14099,Billing,Medium,17,5
16793,10970,Billing,Low,6,1
16794,922,Technical,Low,12,1
16795,3734,Technical,Low,4,3
16796,14968,Login,High,6,1
16797,5631,Network,High,3,2
16798,11101,Refund,Low,5,1
16799,14134,Refund,Low,2,3
16800,5969,Refund,Medium,7,5
16801,11065,Network,High,12,1
16802,1425,Refund,Medium,12,5
16803,7038,Login,Low,16,2
16804,14343,Network,High,13,1
16805,2270,Refund,Medium,14,2
16806,14666,Speed,Low,9,3
16807,9564,Refund,Low,16,2
16808,4305,Login,Medium,9,4
16809,10630,Network,Low,12,4
16810,1313,Network,Medium,9,4
16811,4398,Refund,Low,12,3
16812,10249,Billing,High,11,5
16813,11221,Speed,Medium,17,3
16814,5433,Speed,Medium,3,2
16815,8789,Billing,Low,7,3
16816,7794,Speed,Low,1,3
16817,6094,Login,Low,20,5
16818,10535,Speed,Low,1,2
16819,6121,Billing,High,20,2
16820,1147,Login,High,12,2
16821,6165,Technical,Medium,9,4
16822,8869,Speed,High,6,3
16823,434,Network,Low,9,3
16824,3214,Network,Medium,13,1
16825,13161,Speed,Medium,9,4
16826,5280,Login,Medium,5,3
16827,4641,Billing,Low,17,4
16828,13042,Refund,Low,2,2
16829,14863,Network,Medium,15,2
16830,9776,Network,Medium,3,1
16831,9117,Speed,Low,4,5
16832,1240,Billing,Medium,2,2
16833,2654,Refund,Low,9,4
16834,5120,Billing,High,11,3
16835,10538,Technical,Medium,16,4
16836,10968,Refund,Low,20,5
16837,13357,Speed,High,1,1
16838,4060,Billing,Low,7,2
16839,12674,Login,Medium,20,1
16840,7648,Network,High,14,5
16841,9473,Technical,Low,10,3
16842,9612,Login,Medium,1,1
16843,1202,Refund,High,8,4
16844,13159,Speed,Low,20,2
16845,13941,Technical,High,1,1
16846,4729,Login,Medium,2,2
16847,10619,Billing,Medium,2,2
16848,8566,Refund,Medium,12,4
16849,12563,Speed,Low,5,4
16850,8997,Billing,Medium,18,1
16851,6781,Speed,High,14,3
16852,14404,Network,Medium,15,1
16853,4369,Refund,Medium,12,4
16854,9832,Billing,Medium,17,3
16855,14219,Refund,Medium,3,5
16856,3300,Refund,High,7,3
16857,4902,Technical,Low,8,4
16858,8611,Network,High,13,3
16859,736,Network,Medium,11,2
16860,9751,Technical,Low,6,4
16861,12725,Speed,Medium,13,1
16862,7123,Billing,High,6,2
16863,14467,Refund,Low,20,5
16864,13494,Speed,Low,10,2
16865,9664,Technical,Medium,13,1
16866,14985,Technical,High,20,1
16867,6586,Network,Low,16,2
16868,9883,Network,Medium,11,1
16869,13254,Technical,Low,20,1
16870,4251,Login,Medium,8,4
16871,13088,Technical,Low,5,4
16872,322,Speed,Medium,17,4
16873,10524,Login,High,5,2
16874,10832,Refund,Medium,14,5
16875,5380,Technical,Low,4,2
16876,14559,Refund,Low,15,2
16877,6480,Refund,Medium,5,5
16878,4226,Network,Low,3,3
16879,14009,Network,Low,14,4
16880,9531,Technical,Medium,10,4
16881,10631,Refund,Medium,18,2
16882,14949,Billing,Low,6,2
16883,6933,Refund,Low,17,2
16884,12681,Speed,Medium,9,2
16885,4916,Billing,Low,4,1
16886,5451,Technical,Low,11,1
16887,6093,Speed,Medium,2,1
16888,11386,Technical,Low,13,5
16889,10024,Login,High,17,5
16890,12547,Login,High,7,5
16891,3547,Speed,Medium,9,2
16892,3275,Refund,Medium,17,3
16893,6433,Login,Low,3,5
16894,11337,Billing,High,5,2
16895,4700,Technical,Low,9,5
16896,7805,Refund,High,17,2
16897,9235,Technical,Low,6,3
16898,2472,Login,High,20,4
16899,6279,Technical,Medium,4,4
16900,5566,Login,Medium,16,3
16901,476,Login,High,5,5
16902,11906,Network,High,18,3
16903,10603,Billing,Medium,11,3
16904,5572,Billing,Low,11,1
16905,7807,Technical,High,10,2
16906,6179,Speed,Medium,9,4
16907,3391,Speed,Low,11,4
16908,6904,Network,Medium,13,5
16909,4308,Speed,Low,14,2
16910,10386,Login,High,6,2
16911,4988,Technical,Medium,17,2
16912,1781,Login,High,13,5
16913,12061,Technical,High,20,4
16914,761,Technical,Low,12,2
16915,8733,Speed,Low,19,5
16916,2150,Refund,Medium,6,5
16917,9580,Speed,High,19,1
16918,5043,Login,Medium,18,2
16919,9552,Login,Low,2,3
16920,5402,Technical,Medium,14,4
16921,14722,Login,High,6,3
16922,10760,Billing,High,8,2
16923,9904,Technical,Medium,2,3
16924,3190,Speed,Medium,15,1
16925,1110,Billing,High,4,5
16926,10665,Login,Medium,2,4
16927,880,Speed,High,19,2
16928,14762,Network,Medium,7,4
16929,5179,Billing,High,4,4
16930,10687,Login,Low,8,1
16931,5267,Network,Low,19,4
16932,6868,Billing,High,18,3
16933,13624,Speed,Low,18,3
16934,2130,Network,High,10,1
16935,4633,Network,High,10,3
16936,6331,Speed,Medium,16,5
16937,14548,Speed,Medium,14,1
16938,385,Speed,Medium,10,4
16939,1575,Network,Medium,4,2
16940,9842,Billing,Medium,15,3
16941,14626,Login,Low,4,2
16942,1014,Refund,High,5,5
16943,11067,Network,Low,8,4
16944,4401,Login,Low,8,4
16945,1042,Refund,Low,4,3
16946,11172,Speed,Low,3,2
16947,11110,Speed,Medium,7,3
16948,14723,Login,High,17,1
16949,7832,Login,Low,12,2
16950,9406,Refund,Medium,17,3
16951,9316,Speed,Low,17,5
16952,14773,Network,High,4,1
16953,12842,Speed,Medium,2,2
16954,14982,Technical,Low,2,3
16955,11600,Login,Medium,10,2
16956,12310,Login,Medium,16,3
16957,4966,Speed,Low,11,4
16958,8381,Refund,High,4,3
16959,6092,Refund,Medium,18,1
16960,11455,Speed,Low,1,3
16961,11616,Technical,High,12,4
16962,5805,Network,Low,11,5
16963,7659,Technical,Low,17,5
16964,7627,Technical,High,2,1
16965,12343,Refund,Medium,1,5
16966,6675,Billing,Low,6,3
16967,3465,Refund,Low,17,5
16968,912,Technical,High,6,5
16969,5967,Refund,Medium,6,3
16970,3811,Login,Low,3,4
16971,6184,Refund,Low,15,1
16972,2108,Billing,High,16,5
16973,3923,Login,High,20,3
16974,12271,Login,Medium,9,2
16975,14044,Login,Low,13,4
16976,8208,Refund,Low,7,4
16977,8157,Technical,High,14,3
16978,3518,Technical,Low,1,3
16979,2994,Login,Medium,16,4
16980,6471,Network,Low,9,2
16981,6245,Refund,Medium,2,1
16982,6900,Billing,Medium,8,4
16983,5323,Technical,Low,14,1
16984,4550,Technical,Medium,10,5
16985,12633,Login,High,5,1
16986,10646,Technical,Medium,17,1
16987,2345,Network,Low,3,3
16988,10589,Speed,Medium,6,1
16989,11717,Login,Low,15,1
16990,2971,Refund,Medium,18,4
16991,7392,Speed,Low,2,3
16992,2118,Network,High,4,3
16993,6098,Network,Low,12,2
16994,7466,Billing,Low,8,3
16995,14253,Speed,Low,13,4
16996,5413,Billing,Low,11,5
16997,2981,Billing,High,2,2
16998,14727,Login,Low,18,3
16999,7363,Network,High,16,3
17000,13052,Speed,High,18,3
17001,12317,Refund,High,15,3
17002,6881,Billing,Medium,17,3
17003,14704,Login,High,14,2
17004,2632,Network,Low,17,2
17005,12950,Technical,High,13,5
17006,10656,Network,Low,11,4
17007,12439,Login,Medium,14,2
17008,12829,Refund,Low,18,2
17009,11827,Billing,Low,18,5
17010,8918,Billing,Medium,17,5
17011,4328,Technical,High,5,5
17012,1362,Billing,Low,3,3
17013,4171,Speed,Low,12,2
17014,5121,Billing,High,14,2
17015,13061,Billing,Low,2,2
17016,5781,Speed,Low,7,4
17017,7661,Refund,Low,5,3
17018,13483,Billing,Low,14,1
17019,9883,Login,Low,17,4
17020,11579,Billing,High,4,5
17021,13182,Technical,Low,11,1
17022,7705,Technical,Medium,8,3
17023,2028,Network,Medium,11,1
17024,3073,Login,High,6,1
17025,771,Speed,Low,13,1
17026,7735,Speed,High,15,2
17027,8964,Speed,Medium,17,5
17028,9413,Technical,Low,18,2
17029,7210,Technical,Medium,6,3
17030,3949,Refund,High,9,5
17031,12195,Billing,Medium,12,2
17032,9882,Refund,Medium,14,1
17033,10566,Network,Medium,8,4
17034,13016,Billing,High,4,2
17035,5796,Technical,Medium,13,5
17036,8500,Billing,Medium,5,4
17037,1160,Login,Low,20,1
17038,8368,Network,Medium,7,5
17039,13586,Billing,High,3,2
17040,1023,Speed,Low,5,5
17041,1809,Technical,Low,11,1
17042,14484,Speed,Medium,4,4
17043,13941,Technical,High,8,3
17044,1331,Network,High,8,1
17045,7016,Technical,Low,20,1
17046,1252,Speed,Low,16,2
17047,7349,Speed,Low,20,1
17048,12163,Technical,High,20,5
17049,1525,Billing,Medium,15,4
17050,3240,Speed,Medium,20,5
17051,14636,Refund,Low,12,5
17052,11597,Network,High,10,4
17053,8815,Speed,Low,7,5
17054,9522,Refund,High,14,2
17055,5637,Refund,Low,6,4
17056,2625,Technical,High,10,1
17057,2342,Billing,Medium,20,5
17058,1625,Billing,Medium,16,2
17059,9463,Refund,Low,5,2
17060,7473,Speed,Low,17,2
17061,11440,Speed,Medium,16,5
17062,1282,Network,High,10,1
17063,5095,Technical,High,16,2
17064,3069,Refund,Low,6,5
17065,9222,Technical,High,9,3
17066,730,Billing,High,1,3
17067,5329,Network,High,1,4
17068,11057,Network,Low,7,3
17069,1831,Technical,Medium,14,3
17070,5672,Network,Medium,8,3
17071,8622,Network,Low,9,4
17072,4375,Network,Low,13,3
17073,6680,Technical,High,8,1
17074,6287,Refund,High,14,5
17075,2430,Billing,Medium,18,2
17076,8606,Speed,Low,7,4
17077,4395,Login,High,12,4
17078,11127,Refund,High,6,1
17079,5747,Refund,Medium,1,5
17080,14424,Speed,Low,17,1
17081,14255,Refund,Low,2,2
17082,3287,Technical,High,11,4
17083,3863,Network,Medium,12,3
17084,8642,Speed,High,20,5
17085,5204,Technical,Medium,10,5
17086,3052,Login,Medium,14,1
17087,6525,Network,Medium,15,2
17088,8843,Billing,Medium,20,2
17089,9677,Technical,Medium,8,4
17090,11463,Network,High,5,2
17091,10783,Refund,High,9,5
17092,9118,Refund,High,12,3
17093,10197,Login,High,18,3
17094,14972,Speed,Medium,14,2
17095,8114,Login,Low,20,1
17096,10588,Speed,Medium,12,3
17097,767,Billing,Low,11,4
17098,5031,Speed,Low,11,1
17099,172,Refund,High,18,5
17100,7502,Speed,Medium,19,2
17101,2111,Login,Medium,9,2
17102,603,Technical,Low,1,4
17103,14380,Technical,High,13,1
17104,13590,Billing,High,17,5
17105,13391,Login,Medium,12,4
17106,12562,Refund,Low,11,3
17107,3950,Technical,Low,5,2
17108,140,Billing,Medium,16,4
17109,6887,Speed,High,8,3
17110,8114,Billing,Medium,17,5
17111,13900,Billing,Medium,15,1
17112,7251,Refund,Medium,10,3
17113,745,Network,Low,16,1
17114,4633,Network,Low,2,2
17115,2462,Speed,Low,17,1
17116,7849,Speed,Low,1,3
17117,14963,Network,Medium,11,5
17118,1288,Billing,Medium,9,5
17119,5273,Speed,High,7,3
17120,7353,Billing,Low,18,5
17121,12240,Network,Medium,10,3
17122,8039,Technical,Medium,1,3
17123,7758,Login,Medium,15,1
17124,10078,Login,Medium,20,5
17125,2615,Refund,Medium,20,5
17126,1520,Speed,Low,17,4
17127,151,Billing,High,8,5
17128,6669,Refund,Low,20,2
17129,12769,Network,Low,12,2
17130,425,Refund,High,5,4
17131,9779,Refund,Medium,13,3
17132,3347,Refund,High,16,5
17133,2492,Refund,Medium,11,4
17134,14687,Billing,High,10,5
17135,12017,Speed,Low,2,2
17136,10793,Speed,Medium,14,1
17137,13359,Login,Medium,2,2
17138,2568,Network,High,4,4
17139,2288,Refund,High,12,3
17140,1948,Technical,High,4,5
17141,6131,Speed,High,18,2
17142,1118,Technical,High,14,5
17143,12069,Login,Low,13,3
17144,7154,Billing,High,10,3
17145,460,Refund,Medium,9,2
17146,8553,Login,High,4,1
17147,11843,Refund,Medium,3,5
17148,5333,Network,Medium,13,2
17149,14228,Billing,High,9,1
17150,12645,Refund,High,13,1
17151,3216,Technical,Low,8,3
17152,6254,Network,High,6,5
17153,11770,Refund,Low,3,4
17154,14876,Billing,Medium,18,5
17155,746,Refund,Low,2,1
17156,7444,Billing,Medium,5,4
17157,1561,Refund,Low,20,2
17158,6213,Login,Low,2,5
17159,14135,Refund,High,19,2
17160,8732,Billing,Low,13,2
17161,2581,Network,High,13,4
17162,28,Billing,High,14,3
17163,13520,Login,Medium,13,5
17164,3627,Billing,Medium,9,4
17165,9446,Billing,Low,13,1
17166,10019,Login,Medium,7,1
17167,6919,Refund,Medium,9,2
17168,5547,Network,Medium,19,4
17169,13230,Login,High,17,2
17170,9711,Billing,High,14,3
17171,6946,Technical,Low,19,4
17172,8613,Speed,Medium,3,4
17173,14059,Billing,Medium,4,2
17174,7745,Refund,Low,12,1
17175,8151,Network,Medium,1,4
17176,5613,Speed,Low,15,2
17177,9172,Login,Low,19,5
17178,675,Speed,Low,20,5
17179,10839,Speed,High,13,4
17180,12215,Speed,Low,9,2
17181,1870,Billing,Low,7,3
17182,10464,Login,Medium,12,3
17183,14180,Billing,Medium,11,3
17184,13750,Refund,Low,1,3
17185,1295,Login,Medium,8,2
17186,12924,Refund,Low,11,1
17187,4241,Network,Medium,17,4
17188,7536,Refund,Medium,19,2
17189,12940,Network,Low,5,4
17190,5258,Refund,Medium,8,2
17191,3300,Network,Medium,4,4
17192,9471,Speed,Medium,17,3
17193,14161,Refund,High,17,4
17194,5265,Network,High,9,3
17195,10535,Refund,Medium,7,5
17196,1422,Login,Medium,9,5
17197,8596,Login,High,7,5
17198,8169,Billing,Low,7,1
17199,8108,Speed,Low,4,1
17200,2844,Network,Medium,9,5
17201,13166,Speed,High,14,1
17202,5813,Network,Low,5,5
17203,4797,Speed,High,2,2
17204,8482,Refund,Medium,2,4
17205,3896,Login,High,9,4
17206,5087,Refund,Medium,14,3
17207,5396,Refund,Medium,10,1
17208,10642,Speed,Low,11,4
17209,11365,Technical,Medium,10,4
17210,3955,Network,Low,17,1
17211,12043,Speed,High,16,4
17212,7737,Refund,Low,4,1
17213,1520,Speed,Low,16,3
17214,5148,Technical,Low,20,3
17215,12929,Technical,High,14,5
17216,1880,Refund,Medium,13,5
17217,14502,Network,Low,18,3
17218,4393,Network,High,5,1
17219,934,Speed,High,6,4
17220,3195,Speed,Low,8,5
17221,10290,Billing,Medium,20,4
17222,619,Technical,Medium,6,1
17223,10011,Refund,Low,17,1
17224,2036,Technical,Low,9,5
17225,14967,Refund,Low,16,5
17226,14529,Technical,Medium,10,4
17227,13219,Speed,High,10,4
17228,7098,Billing,High,12,4
17229,12894,Network,Low,1,5
17230,10667,Billing,High,8,5
17231,7266,Refund,Low,12,3
17232,1508,Billing,High,18,2
17233,12596,Speed,Low,2,3
17234,445,Billing,Medium,12,2
17235,5563,Technical,High,6,4
17236,1312,Billing,Medium,2,2
17237,8579,Speed,High,15,3
17238,7391,Speed,High,17,5
17239,12752,Billing,Medium,5,2
17240,12209,Technical,Low,8,3
17241,8777,Network,Medium,6,5
17242,14656,Refund,High,15,4
17243,476,Network,Low,5,5
17244,12250,Network,Medium,12,3
17245,8675,Login,High,20,1
17246,8517,Technical,High,12,3
17247,14952,Speed,High,12,1
17248,6136,Billing,Medium,11,2
17249,7275,Login,Low,19,1
17250,6077,Speed,High,1,4
17251,13512,Refund,Low,16,5
17252,11545,Technical,High,9,2
17253,4702,Login,High,8,3
17254,14696,Speed,Medium,6,3
17255,8196,Login,High,16,5
17256,5775,Billing,High,8,5
17257,11312,Network,High,4,1
17258,10533,Technical,Medium,6,3
17259,8735,Speed,Low,15,2
17260,11891,Refund,High,8,5
17261,9452,Technical,Low,1,3
17262,11249,Speed,Low,20,3
17263,3227,Speed,Medium,12,3
17264,14156,Refund,Medium,12,3
17265,6739,Network,Low,15,5
17266,9434,Network,High,15,3
17267,8554,Speed,Medium,2,3
17268,1704,Network,Low,3,2
17269,1684,Technical,Medium,3,4
17270,9283,Speed,Medium,13,3
17271,12519,Speed,Medium,5,3
17272,1224,Login,Medium,18,5
17273,2017,Refund,Low,18,4
17274,3602,Billing,Medium,2,3
17275,12024,Billing,Medium,13,3
17276,7729,Refund,Medium,2,4
17277,4148,Login,Medium,13,5
17278,14836,Technical,High,3,5
17279,12967,Network,Low,19,2
17280,14830,Billing,High,12,3
17281,9463,Login,Medium,4,5
17282,8633,Speed,Medium,16,4
17283,356,Billing,High,19,4
17284,14423,Network,High,17,1
17285,1651,Speed,Medium,14,3
17286,12779,Refund,High,10,3
17287,10361,Speed,Medium,14,3
17288,2069,Network,Low,16,3
17289,5958,Refund,Medium,6,1
17290,11205,Login,High,10,2
17291,8954,Billing,Low,3,5
17292,14997,Billing,Medium,19,4
17293,12963,Billing,High,3,5
17294,12589,Billing,Low,19,5
17295,5616,Billing,Medium,6,2
17296,6785,Refund,High,19,5
17297,3264,Billing,Low,19,5
17298,1339,Network,High,14,4
17299,3071,Speed,High,17,3
17300,11095,Technical,High,8,5
17301,1328,Refund,High,12,4
17302,4980,Network,High,2,2
17303,5443,Network,Low,20,4
17304,2467,Billing,High,2,2
17305,11209,Login,High,20,5
17306,3511,Refund,Low,5,1
17307,3087,Network,High,18,2
17308,2686,Speed,Medium,16,3
17309,3002,Billing,Medium,15,2
17310,10177,Speed,Medium,15,5
17311,4891,Technical,Medium,13,5
17312,8451,Login,Medium,7,1
17313,1816,Billing,Low,7,4
17314,9125,Speed,Medium,15,2
17315,1176,Billing,Medium,11,5
17316,8788,Refund,Low,7,3
17317,11169,Speed,Low,2,4
17318,10623,Technical,High,12,1
17319,5754,Technical,Medium,6,5
17320,4696,Technical,Medium,9,1
17321,11735,Technical,Low,16,3
17322,10331,Network,Low,13,1
17323,8391,Refund,Medium,10,5
17324,14487,Refund,Low,16,1
17325,2187,Refund,Low,10,3
17326,10019,Refund,High,10,3
17327,6390,Login,Low,2,2
17328,13890,Network,Medium,16,2
17329,12223,Speed,High,20,3
17330,5637,Technical,Low,4,4
17331,10864,Billing,Medium,19,3
17332,13223,Speed,Low,4,3
17333,6834,Speed,Low,8,4
17334,7923,Billing,Medium,15,1
17335,13930,Billing,Medium,15,1
17336,10453,Technical,Low,1,2
17337,7218,Network,High,10,2
17338,1505,Billing,Medium,6,2
17339,13796,Technical,High,16,5
17340,13691,Billing,Medium,9,2
17341,8415,Technical,Low,2,3
17342,9926,Billing,Low,8,5
17343,14544,Billing,Low,15,2
17344,1178,Billing,Medium,20,5
17345,5032,Refund,High,20,3
17346,8683,Login,Low,19,2
17347,2842,Login,Low,14,5
17348,2408,Speed,High,8,2
17349,12854,Refund,Low,4,1
17350,13281,Refund,High,2,2
17351,879,Network,Medium,17,5
17352,6060,Network,Medium,10,2
17353,1100,Login,High,13,5
17354,5857,Refund,High,16,1
17355,14162,Login,Low,9,1
17356,6706,Refund,Low,16,2
17357,7076,Refund,High,6,4
17358,12138,Speed,High,5,1
17359,8802,Refund,Medium,12,5
17360,10971,Technical,High,1,5
17361,43,Speed,Medium,4,1
17362,3089,Speed,Low,13,5
17363,5351,Billing,Low,18,1
17364,11995,Billing,High,15,1
17365,12426,Billing,Medium,15,3
17366,2198,Billing,High,4,3
17367,5151,Billing,Low,19,5
17368,2425,Network,Medium,15,1
17369,7668,Network,Low,8,5
17370,6651,Login,High,12,5
17371,2623,Technical,Medium,9,1
17372,1643,Speed,Medium,6,5
17373,14050,Network,Medium,16,2
17374,1285,Login,Medium,7,2
17375,12832,Speed,Medium,10,4
17376,8469,Network,High,10,5
17377,2032,Technical,High,18,3
17378,6682,Speed,High,6,1
17379,9364,Refund,Medium,9,4
17380,5324,Refund,Medium,6,1
17381,1456,Billing,Low,2,3
17382,11569,Network,Medium,8,5
17383,7429,Login,Medium,1,4
17384,3017,Refund,High,13,5
17385,14737,Refund,High,5,3
17386,14118,Technical,Medium,4,3
17387,2620,Technical,Medium,7,2
17388,8945,Technical,Medium,7,4
17389,7215,Refund,Medium,2,3
17390,13495,Billing,Low,1,2
17391,11282,Network,Low,8,2
17392,9177,Speed,Medium,18,4
17393,6928,Network,High,18,2
17394,362,Speed,High,13,4
17395,385,Network,High,4,4
17396,9639,Speed,High,12,3
17397,8733,Speed,Low,5,3
17398,12535,Refund,Medium,1,3
17399,11824,Refund,Low,1,4
17400,486,Technical,High,18,4
17401,10034,Network,Medium,6,5
17402,12118,Billing,Low,12,3
17403,337,Technical,Medium,19,3
17404,151,Refund,Medium,6,1
17405,9236,Technical,Low,3,2
17406,2564,Network,High,15,4
17407,3994,Speed,High,8,3
17408,10797,Network,Medium,16,2
17409,4317,Network,Low,10,1
17410,8092,Technical,Medium,17,1
17411,10062,Technical,Low,16,4
17412,14615,Network,Medium,17,2
17413,7092,Speed,Low,5,5
17414,7993,Billing,High,9,2
17415,1030,Technical,Low,14,3
17416,6117,Login,Low,15,2
17417,592,Refund,Medium,7,5
17418,1897,Login,Low,5,1
17419,1533,Login,Medium,10,5
17420,13927,Technical,Medium,14,2
17421,2053,Network,Medium,12,2
17422,4469,Network,Medium,18,3
17423,2020,Login,Low,10,5
17424,4293,Refund,Medium,10,2
17425,10750,Network,Low,9,2
17426,6722,Login,Medium,7,1
17427,7191,Login,Medium,19,5
17428,4043,Network,High,14,1
17429,7141,Login,Low,7,1
17430,12845,Refund,Low,14,4
17431,6076,Speed,High,4,1
17432,11735,Speed,High,18,4
17433,2710,Technical,Low,1,2
17434,14156,Technical,Medium,1,1
17435,4072,Network,Low,14,2
17436,5555,Billing,Low,8,4
17437,6055,Refund,High,4,5
17438,7902,Technical,Low,7,4
17439,12932,Login,Medium,13,2
17440,7415,Billing,High,20,4
17441,8299,Billing,Low,17,1
17442,11811,Billing,Low,5,4
17443,13202,Network,Medium,15,4
17444,7923,Technical,Low,17,2
17445,701,Technical,Medium,8,5
17446,6223,Technical,High,4,4
17447,8205,Speed,Low,7,5
17448,1508,Billing,High,18,1
17449,14529,Billing,High,16,4
17450,13969,Technical,Medium,17,5
17451,7344,Login,Medium,14,5
17452,4913,Refund,Low,1,3
17453,13410,Login,Low,13,1
17454,9142,Login,Medium,12,1
17455,6696,Billing,Medium,3,4
17456,10592,Billing,High,10,5
17457,3294,Technical,Medium,7,4
17458,1301,Speed,High,8,2
17459,7887,Refund,Medium,17,2
17460,6350,Network,High,9,4
17461,14759,Network,High,12,1
17462,12017,Technical,High,6,1
17463,8844,Billing,High,2,1
17464,11413,Login,Low,9,5
17465,3917,Technical,Low,5,3
17466,11798,Technical,High,12,4
17467,77,Network,Medium,5,2
17468,3674,Technical,Low,1,4
17469,2152,Technical,High,19,5
17470,13632,Billing,Medium,9,5
17471,10441,Login,Medium,18,4
17472,12567,Network,Medium,6,5
17473,8461,Speed,High,12,5
17474,607,Refund,Low,15,1
17475,6189,Speed,High,12,3
17476,14236,Billing,Medium,9,3
17477,3444,Network,Low,15,1
17478,3169,Network,Medium,3,3
17479,4830,Refund,High,10,5
17480,13806,Billing,High,1,5
17481,1350,Login,Low,4,4
17482,9533,Technical,Low,9,3
17483,1516,Network,Medium,13,4
17484,7638,Refund,Medium,15,1
17485,5149,Network,High,2,2
17486,13857,Network,Low,15,1
17487,12274,Billing,High,20,4
17488,5708,Billing,High,4,3
17489,4862,Speed,High,5,1
17490,4080,Login,High,20,1
17491,7085,Billing,Medium,18,4
17492,14502,Technical,Medium,5,1
17493,1592,Refund,High,9,5
17494,1020,Network,Low,5,4
17495,5975,Speed,Low,3,3
17496,10021,Speed,Low,6,4
17497,3010,Network,High,10,5
17498,7534,Network,High,2,5
17499,2914,Login,High,12,3
17500,4486,Technical,High,10,2
17501,6035,Login,Low,17,1
17502,14644,Speed,Low,1,3
17503,5538,Login,Medium,4,2
17504,4338,Billing,Medium,19,1
17505,5597,Billing,High,4,5
17506,11302,Billing,High,18,1
17507,2019,Login,Low,15,4
17508,3811,Billing,Medium,14,4
17509,5264,Network,Low,20,4
17510,2571,Login,Low,2,4
17511,14693,Speed,Low,7,4
17512,13666,Speed,Low,20,5
17513,5952,Technical,Medium,1,2
17514,1928,Refund,High,11,1
17515,754,Login,High,6,5
17516,2634,Speed,Medium,14,4
17517,13972,Refund,Medium,4,1
17518,9899,Refund,Low,1,5
17519,3102,Login,Low,18,2
17520,11342,Billing,High,14,3
17521,8173,Billing,High,1,1
17522,5981,Login,High,15,5
17523,7239,Network,Low,11,1
17524,13140,Technical,Low,10,4
17525,2920,Technical,Medium,8,1
17526,14898,Network,High,13,5
17527,3633,Technical,Low,11,3
17528,14631,Technical,Low,17,3
17529,1011,Refund,Low,2,4
17530,3372,Refund,High,17,2
17531,12300,Login,Medium,10,4
17532,14642,Billing,Medium,5,1
17533,7673,Refund,Medium,10,1
17534,12680,Speed,Low,6,2
17535,5231,Network,Medium,13,3
17536,8549,Speed,High,17,2
17537,2465,Refund,High,9,2
17538,7413,Billing,Medium,5,1
17539,5854,Speed,High,5,5
17540,6203,Login,Low,13,1
17541,3708,Speed,Medium,5,5
17542,10259,Speed,Medium,11,1
17543,5951,Login,Medium,7,2
17544,4126,Network,Medium,12,3
17545,11800,Network,Medium,14,4
17546,9368,Technical,High,20,2
17547,2572,Billing,High,8,4
17548,9288,Technical,Medium,17,3
17549,9768,Network,Low,10,1
17550,6103,Network,Medium,6,1
17551,8268,Billing,High,14,1
17552,6597,Technical,Medium,17,4
17553,2437,Login,Low,14,1
17554,8566,Technical,High,17,2
17555,7899,Billing,High,17,5
17556,14726,Technical,High,8,5
17557,7803,Billing,High,6,2
17558,9500,Refund,Low,16,3
17559,1721,Speed,Low,5,3
17560,9112,Technical,Medium,15,5
17561,5613,Login,Medium,8,5
17562,13407,Technical,High,15,4
17563,10177,Network,Medium,16,1
17564,6935,Refund,Medium,2,3
17565,10615,Login,Medium,3,4
17566,10418,Speed,High,11,2
17567,9525,Login,High,14,2
17568,7224,Refund,Medium,9,4
17569,5983,Technical,Low,19,1
17570,6567,Login,High,11,3
17571,3990,Speed,High,17,1
17572,8461,Refund,Medium,12,1
17573,941,Login,Medium,8,2
17574,8369,Billing,Medium,7,2
17575,4488,Speed,Low,7,5
17576,9514,Speed,Low,17,3
17577,6200,Technical,High,11,1
17578,5507,Login,Low,1,4
17579,4717,Billing,Medium,4,1
17580,1071,Login,High,19,3
17581,10526,Speed,Low,12,5
17582,5237,Network,Medium,11,5
17583,11427,Billing,Medium,12,2
17584,2808,Speed,Medium,5,4
17585,12497,Billing,Medium,5,2
17586,13225,Network,Medium,19,5
17587,13035,Network,Low,8,2
17588,2006,Billing,High,10,5
17589,11798,Network,Low,14,5
17590,12324,Login,High,20,4
17591,14653,Network,Medium,18,4
17592,11049,Speed,High,7,3
17593,2195,Login,Low,18,5
17594,262,Login,High,12,2
17595,5879,Speed,Medium,7,1
17596,6541,Network,High,1,1
17597,11349,Refund,High,7,3
17598,5494,Refund,High,6,5
17599,1438,Billing,Medium,20,3
17600,10427,Login,Medium,13,2
17601,14222,Speed,Low,14,1
17602,8359,Speed,High,1,3
17603,836,Technical,Medium,19,4
17604,11374,Login,Low,6,2
17605,8600,Technical,Medium,4,1
17606,5599,Network,High,4,1
17607,5017,Refund,Medium,2,2
17608,13967,Network,High,13,1
17609,5867,Network,Medium,17,2
17610,8512,Refund,High,19,1
17611,5909,Network,High,11,2
17612,9874,Speed,Medium,8,3
17613,13411,Network,Medium,8,2
17614,12212,Login,Low,8,1
17615,3245,Technical,Low,16,5
17616,9467,Speed,High,6,5
17617,11256,Login,High,10,4
17618,12650,Speed,Low,15,1
17619,8650,Billing,Low,7,2
17620,10320,Speed,Medium,14,2
17621,10348,Billing,Low,7,2
17622,12456,Technical,Low,6,3
17623,936,Refund,Low,10,1
17624,4998,Network,High,9,3
17625,1325,Billing,Low,16,2
17626,1551,Refund,Low,1,5
17627,8068,Speed,Medium,9,3
17628,14046,Refund,Medium,14,2
17629,12928,Refund,High,2,4
17630,962,Billing,High,15,5
17631,6039,Technical,Low,3,4
17632,8983,Speed,Low,15,1
17633,4275,Login,Medium,11,5
17634,2551,Login,Low,17,5
17635,12613,Speed,Low,4,2
17636,10006,Refund,Medium,16,5
17637,800,Network,Low,4,5
17638,5602,Speed,Medium,1,4
17639,8698,Login,High,16,3
17640,966,Login,Medium,1,1
17641,14283,Refund,Medium,6,4
17642,11943,Refund,High,15,3
17643,11123,Speed,Low,4,3
17644,4113,Billing,High,9,5
17645,14938,Refund,High,9,5
17646,273,Refund,High,13,5
17647,1830,Technical,Medium,8,2
17648,9433,Technical,Medium,16,2
17649,9321,Speed,Medium,4,4
17650,13900,Technical,Low,13,4
17651,5486,Network,Low,16,3
17652,10762,Network,High,2,3
17653,7298,Technical,Low,12,1
17654,11859,Technical,Medium,2,3
17655,6479,Refund,High,1,3
17656,6918,Billing,Low,3,2
17657,8697,Billing,Medium,8,1
17658,6825,Billing,High,8,1
17659,3986,Speed,Low,10,1
17660,2307,Billing,High,6,4
17661,1330,Speed,Low,15,4
17662,1215,Network,High,13,2
17663,11580,Login,Low,8,4
17664,9369,Billing,Low,2,4
17665,12390,Network,High,9,5
17666,7204,Login,Low,1,2
17667,67,Billing,High,20,2
17668,2957,Speed,Low,2,2
17669,613,Technical,Low,6,4
17670,8910,Technical,Low,17,1
17671,6952,Technical,High,9,4
17672,12740,Login,Medium,9,1
17673,14547,Login,Low,8,1
17674,11265,Refund,High,20,1
17675,14328,Speed,High,1,3
17676,13079,Refund,Low,6,3
17677,10956,Login,Medium,7,4
17678,13959,Billing,High,17,2
17679,6780,Speed,Medium,7,3
17680,14395,Network,Low,12,5
17681,5401,Network,Low,18,4
17682,6577,Login,Medium,19,4
17683,9492,Billing,Medium,11,3
17684,12884,Login,High,9,4
17685,10896,Billing,Low,19,2
17686,2124,Network,Low,13,2
17687,1255,Speed,Medium,8,4
17688,12418,Billing,High,17,1
17689,11893,Speed,Low,16,3
17690,14892,Billing,Low,15,3
17691,8028,Technical,High,6,1
17692,13318,Billing,Medium,15,1
17693,2987,Login,Low,9,5
17694,8166,Refund,Low,20,2
17695,10928,Refund,Medium,10,2
17696,10746,Login,Medium,13,1
17697,8643,Network,Low,6,2
17698,6361,Login,High,6,4
17699,2520,Speed,High,20,2
17700,10421,Network,Medium,19,2
17701,11300,Login,Low,4,3
17702,12265,Technical,Low,8,3
17703,5307,Speed,Medium,16,1
17704,12326,Technical,Low,16,1
17705,2683,Billing,High,19,3
17706,10294,Refund,Low,2,5
17707,10250,Refund,Low,9,3
17708,9852,Login,High,9,2
17709,710,Network,Low,6,3
17710,11338,Login,Low,14,5
17711,5002,Login,Low,16,1
17712,2252,Network,Medium,12,1
17713,11177,Speed,Medium,2,4
17714,7945,Network,Medium,4,2
17715,2884,Network,High,5,4
17716,1552,Network,High,17,1
17717,3983,Network,High,3,3
17718,14443,Login,Low,7,5
17719,6937,Login,Medium,5,1
17720,9264,Billing,High,6,1
17721,10572,Technical,Low,19,1
17722,1318,Refund,Low,12,1
17723,1896,Technical,Low,3,2
17724,12022,Refund,Low,20,2
17725,6621,Billing,High,8,3
17726,4070,Login,Medium,1,1
17727,2148,Speed,Low,5,3
17728,12667,Technical,Low,15,1
17729,13819,Speed,Medium,2,5
17730,10019,Network,High,5,4
17731,1650,Speed,Low,19,3
17732,13306,Login,Medium,8,1
17733,4773,Billing,High,14,4
17734,6385,Login,High,20,3
17735,187,Refund,High,5,4
17736,12936,Technical,Medium,2,1
17737,9022,Speed,High,5,5
17738,6473,Billing,High,10,3
17739,13110,Billing,Medium,19,1
17740,6906,Billing,Low,11,2
17741,10193,Billing,High,4,1
17742,361,Refund,Low,15,4
17743,9541,Network,High,14,1
17744,14180,Speed,Low,10,3
17745,1341,Billing,Low,5,1
17746,14848,Billing,High,18,5
17747,7823,Billing,High,17,4
17748,5319,Login,Medium,14,2
17749,13984,Billing,Medium,16,3
17750,5652,Technical,Low,2,1
17751,10651,Login,Low,20,4
17752,5502,Refund,Medium,18,5
17753,11557,Billing,Medium,18,1
17754,7904,Login,Low,5,1
17755,7303,Login,Medium,6,3
17756,11507,Login,High,17,1
17757,9465,Billing,Low,9,3
17758,8301,Network,Low,15,2
17759,7960,Refund,Low,18,4
17760,5429,Network,Medium,9,3
17761,4326,Speed,High,20,4
17762,757,Refund,High,3,1
17763,1919,Refund,Medium,9,1
17764,8135,Refund,Medium,8,1
17765,2066,Refund,Medium,9,1
17766,7029,Billing,High,1,2
17767,14174,Login,Medium,2,4
17768,13345,Refund,Low,8,5
17769,12799,Speed,High,16,4
17770,5095,Billing,High,12,5
17771,11278,Speed,Low,9,2
17772,5196,Network,Low,9,5
17773,5239,Speed,Medium,14,1
17774,287,Network,High,4,1
17775,12936,Speed,Medium,5,5
17776,8877,Technical,Low,16,3
17777,1677,Refund,High,12,2
17778,319,Technical,High,15,5
17779,11140,Refund,Medium,17,4
17780,7198,Speed,High,14,5
17781,14216,Network,Medium,8,2
17782,7025,Refund,Medium,2,3
17783,2440,Technical,High,17,2
17784,12430,Network,Low,15,3
17785,10549,Refund,Medium,19,5
17786,10230,Technical,Medium,12,2
17787,3017,Network,Low,3,5
17788,7458,Technical,Medium,10,2
17789,7878,Billing,Low,1,1
17790,6506,Billing,Low,11,1
17791,13253,Login,Medium,5,2
17792,3560,Speed,High,14,2
17793,55,Technical,Medium,13,2
17794,8475,Billing,Low,14,1
17795,12680,Refund,High,1,1
17796,1423,Refund,Low,7,4
17797,5022,Refund,Medium,8,1
17798,5419,Login,High,17,3
17799,5012,Speed,Medium,13,4
17800,13410,Billing,Medium,5,1
17801,9979,Login,High,6,3
17802,7718,Login,Low,16,3
17803,6386,Billing,Medium,1,1
17804,13321,Refund,Medium,19,1
17805,5564,Billing,Medium,4,4
17806,10596,Technical,Low,7,3
17807,3681,Login,Medium,3,4
17808,6917,Login,Low,5,5
17809,4785,Technical,Low,10,1
17810,3802,Login,Low,20,2
17811,9894,Login,Low,14,1
17812,8838,Speed,Low,11,4
17813,7314,Billing,High,13,3
17814,13027,Technical,Medium,6,1
17815,12204,Speed,High,9,1
17816,397,Network,Medium,18,1
17817,384,Refund,High,11,4
17818,922,Technical,Medium,15,5
17819,3577,Technical,High,3,3
17820,8519,Technical,Medium,10,5
17821,2340,Speed,Low,2,1
17822,98,Speed,Low,17,5
17823,7339,Speed,High,7,4
17824,895,Network,High,7,3
17825,5199,Billing,Low,16,2
17826,1628,Login,Medium,13,2
17827,9873,Billing,Low,3,4
17828,9972,Login,High,8,1
17829,7861,Billing,High,5,1
17830,11107,Technical,Medium,13,5
17831,3433,Refund,High,14,3
17832,14836,Technical,Low,8,2
17833,12243,Speed,Medium,10,1
17834,5295,Technical,Low,6,5
17835,3400,Network,High,20,4
17836,8658,Speed,Medium,13,4
17837,5459,Billing,Medium,12,3
17838,13897,Billing,Low,18,4
17839,2275,Refund,High,9,2
17840,6716,Technical,High,18,5
17841,14976,Speed,Low,13,2
17842,11342,Network,High,2,5
17843,5401,Login,Medium,3,3
17844,3733,Technical,Medium,2,5
17845,10539,Billing,Medium,7,3
17846,11310,Technical,Medium,2,5
17847,2891,Refund,Low,4,3
17848,14650,Speed,Medium,20,4
17849,14505,Refund,Medium,2,5
17850,12387,Network,High,8,1
17851,12005,Login,Medium,2,3
17852,4870,Billing,High,9,5
17853,4855,Technical,Low,4,3
17854,11484,Technical,High,7,5
17855,856,Login,Medium,15,2
17856,119,Network,Low,9,1
17857,11297,Refund,High,20,4
17858,148,Technical,Medium,15,3
17859,345,Billing,High,18,5
17860,1985,Speed,Medium,8,1
17861,11049,Refund,Low,11,1
17862,3490,Refund,High,5,4
17863,10422,Speed,Low,4,3
17864,2067,Technical,Medium,6,3
17865,13361,Network,High,15,4
17866,9266,Refund,Medium,6,3
17867,1986,Speed,High,1,4
17868,10326,Billing,Low,5,3
17869,3004,Technical,Low,8,1
17870,9966,Billing,Medium,5,5
17871,9939,Network,High,13,3
17872,13178,Billing,Low,11,1
17873,8858,Refund,Medium,4,1
17874,4314,Speed,Low,19,5
17875,12044,Speed,High,18,5
17876,12272,Billing,Low,12,1
17877,11523,Network,High,20,4
17878,5478,Billing,Medium,2,1
17879,9473,Refund,Low,10,3
17880,10566,Billing,Medium,1,3
17881,12343,Refund,High,5,4
17882,4226,Network,Low,9,5
17883,3958,Network,High,15,4
17884,10539,Billing,Medium,9,4
17885,1880,Technical,Medium,4,3
17886,7085,Speed,Low,1,2
17887,12646,Network,Medium,14,1
17888,2770,Billing,High,14,1
17889,14660,Speed,High,6,4
17890,7763,Billing,Low,19,4
17891,12609,Login,High,8,5
17892,9460,Technical,Medium,8,1
17893,7402,Network,Low,19,1
17894,186,Login,Medium,2,3
17895,14397,Login,Medium,5,5
17896,283,Refund,Medium,9,4
17897,10488,Billing,Low,8,1
17898,10129,Speed,High,18,4
17899,10444,Speed,Medium,15,5
17900,494,Billing,Medium,19,4
17901,6221,Billing,Low,1,3
17902,2969,Network,Low,18,1
17903,3219,Speed,Low,11,1
17904,1413,Login,Low,20,3
17905,13241,Login,Low,13,4
17906,12392,Login,Low,8,4
17907,10179,Technical,Medium,10,3
17908,2504,Network,High,8,2
17909,11907,Network,Low,17,5
17910,10432,Network,Low,12,5
17911,3041,Billing,Low,2,4
17912,3201,Login,Low,8,5
17913,6751,Speed,High,6,4
17914,5643,Technical,Medium,10,4
17915,1896,Login,Low,11,2
17916,12338,Refund,Medium,6,1
17917,8040,Refund,Medium,12,3
17918,2195,Network,High,16,2
17919,6990,Refund,High,9,5
17920,12019,Login,Low,7,4
17921,7107,Technical,Low,12,1
17922,9679,Login,Low,11,4
17923,13585,Network,Medium,5,2
17924,3423,Technical,High,13,4
17925,13957,Network,High,1,4
17926,1409,Login,Low,4,5
17927,14445,Login,Medium,13,2
17928,13774,Speed,Medium,8,5
17929,11205,Speed,Medium,5,1
17930,6850,Network,Low,15,3
17931,14330,Network,High,14,2
17932,3118,Refund,High,20,4
17933,12735,Billing,Medium,12,4
17934,10549,Refund,High,9,4
17935,11172,Login,High,14,2
17936,7687,Technical,Low,1,1
17937,2013,Technical,Medium,13,3
17938,2906,Speed,High,2,4
17939,8940,Login,High,13,4
17940,2663,Billing,Low,2,1
17941,1980,Refund,Low,14,3
17942,12233,Technical,Medium,5,1
17943,12869,Refund,Low,15,4
17944,5946,Refund,Low,11,4
17945,1200,Refund,Low,3,1
17946,1442,Speed,Low,8,2
17947,5636,Speed,Low,10,3
17948,5141,Speed,High,14,5
17949,412,Billing,High,15,4
17950,14034,Login,Medium,13,3
17951,10711,Network,High,20,1
17952,7307,Network,Low,16,4
17953,400,Refund,Medium,20,4
17954,9567,Refund,High,9,1
17955,890,Speed,Medium,8,4
17956,6328,Speed,High,12,4
17957,9805,Login,High,5,5
17958,7467,Network,Medium,14,4
17959,13934,Network,Medium,7,4
17960,6981,Technical,Medium,20,2
17961,2926,Speed,Medium,15,3
17962,13838,Technical,Low,16,4
17963,6255,Speed,High,1,5
17964,9211,Billing,Low,19,5
17965,11007,Login,Low,6,2
17966,8082,Technical,Low,3,1
17967,2132,Speed,High,15,3
17968,5202,Refund,Low,16,1
17969,10396,Speed,Medium,5,2
17970,14778,Speed,Medium,4,4
17971,13350,Billing,Low,10,3
17972,1900,Login,Low,10,4
17973,4460,Technical,Low,10,3
17974,6788,Login,Low,13,1
17975,1182,Refund,Low,11,3
17976,6189,Refund,High,15,5
17977,5960,Billing,High,15,5
17978,14542,Billing,High,11,4
17979,1695,Network,Medium,2,3
17980,337,Refund,Medium,19,2
17981,7528,Speed,High,10,4
17982,14800,Billing,High,16,5
17983,12126,Network,High,2,5
17984,9834,Speed,High,16,5
17985,2466,Login,High,8,1
17986,9457,Speed,Low,3,5
17987,1202,Login,Low,6,1
17988,5297,Refund,Low,12,4
17989,13807,Network,Low,14,2
17990,11781,Billing,Low,13,2
17991,13180,Network,Low,3,4
17992,3206,Login,Medium,15,5
17993,2306,Login,Medium,11,5
17994,1490,Billing,Medium,7,4
17995,4855,Network,Medium,14,4
17996,12165,Technical,Low,3,1
17997,13134,Billing,High,14,4
17998,13329,Network,Medium,1,5
17999,4385,Technical,Medium,3,4
18000,2537,Speed,Low,2,5
18001,12199,Refund,High,18,4
18002,12899,Refund,High,1,1
18003,10836,Refund,Low,10,3
18004,12810,Network,Medium,18,4
18005,9724,Login,High,4,4
18006,7534,Network,Medium,14,1
18007,11139,Technical,High,2,5
18008,4722,Login,Medium,19,1
18009,9234,Refund,High,6,5
18010,11956,Speed,Low,16,2
18011,8257,Login,High,15,4
18012,287,Speed,Medium,9,2
18013,10540,Speed,Medium,11,3
18014,9814,Billing,High,12,2
18015,8529,Speed,High,13,3
18016,8527,Refund,Low,17,4
18017,5777,Login,High,18,4
18018,6150,Login,Medium,9,4
18019,11285,Speed,Medium,6,1
18020,8329,Login,Medium,15,3
18021,14417,Speed,Medium,11,1
18022,11928,Network,Low,6,5
18023,435,Speed,Low,8,4
18024,6479,Login,Medium,11,2
18025,6154,Login,High,11,2
18026,4128,Refund,High,19,1
18027,5033,Billing,High,3,5
18028,4002,Refund,High,1,2
18029,12683,Network,Medium,17,3
18030,9552,Refund,High,11,2
18031,3796,Network,Low,11,2
18032,12214,Technical,Low,8,1
18033,234,Login,Medium,5,5
18034,8043,Login,Medium,6,2
18035,4030,Network,High,3,3
18036,2094,Technical,Low,2,5
18037,7964,Refund,Low,4,1
18038,7317,Login,Medium,15,3
18039,318,Login,Low,17,2
18040,13568,Speed,Medium,12,2
18041,13773,Speed,Low,2,4
18042,2360,Login,Low,4,1
18043,13125,Billing,Low,3,1
18044,14180,Billing,Low,13,2
18045,9510,Login,Low,7,1
18046,1971,Billing,Medium,11,2
18047,10967,Network,Low,20,2
18048,5557,Billing,Low,20,5
18049,10538,Technical,Low,19,4
18050,11406,Network,Medium,19,3
18051,14990,Technical,Low,17,1
18052,2103,Speed,High,20,4
18053,6813,Refund,Low,8,1
18054,13948,Refund,Low,15,2
18055,1737,Login,Medium,18,3
18056,4840,Billing,High,13,2
18057,7759,Technical,High,20,3
18058,12652,Login,Low,3,4
18059,4893,Refund,Low,8,3
18060,5457,Network,High,5,4
18061,12957,Speed,Low,4,4
18062,9616,Refund,Medium,20,4
18063,5199,Network,Medium,7,5
18064,11693,Technical,Medium,20,3
18065,12616,Billing,Medium,3,2
18066,8014,Speed,Medium,8,5
18067,1477,Refund,High,20,4
18068,2427,Speed,Medium,18,2
18069,12120,Billing,Low,17,3
18070,1053,Network,Medium,16,1
18071,8970,Billing,Medium,5,5
18072,2655,Speed,Medium,17,4
18073,7204,Network,Low,16,3
18074,3423,Network,High,4,1
18075,7146,Login,Low,3,5
18076,1412,Network,Medium,4,4
18077,11444,Refund,High,14,1
18078,711,Technical,High,16,4
18079,2545,Technical,High,8,5
18080,1330,Login,Medium,14,5
18081,14194,Billing,Medium,20,1
18082,296,Speed,Medium,8,2
18083,14309,Billing,Medium,15,2
18084,4039,Login,Medium,7,4
18085,6862,Billing,Medium,1,1
18086,12322,Speed,Low,6,3
18087,10597,Network,Low,20,1
18088,7817,Network,Low,3,2
18089,6734,Network,High,15,2
18090,11245,Technical,Medium,2,1
18091,6249,Billing,Low,3,1
18092,13280,Login,High,8,3
18093,4099,Speed,Low,6,2
18094,12350,Technical,Medium,12,3
18095,6379,Speed,High,10,4
18096,5940,Speed,Low,18,5
18097,12936,Technical,High,5,3
18098,13080,Billing,Low,4,5
18099,10130,Network,Medium,16,2
18100,3931,Network,High,1,1
18101,8766,Technical,Medium,13,3
18102,1517,Technical,High,10,5
18103,14970,Speed,Low,9,1
18104,7056,Speed,Low,5,1
18105,6799,Technical,Low,2,2
18106,2932,Network,Low,9,1
18107,7834,Login,High,13,5
18108,12259,Technical,High,1,4
18109,8753,Technical,High,6,2
18110,3882,Technical,High,15,3
18111,9961,Speed,Low,15,1
18112,8730,Speed,Medium,15,2
18113,9675,Network,High,2,4
18114,11710,Speed,High,18,5
18115,14452,Refund,Medium,7,1
18116,12175,Technical,Low,11,5
18117,2687,Login,Medium,19,2
18118,7788,Refund,High,19,5
18119,4473,Technical,Medium,10,5
18120,2829,Technical,High,5,2
18121,1959,Billing,High,1,3
18122,12573,Login,Low,8,1
18123,5081,Login,Low,8,3
18124,14988,Technical,Low,10,4
18125,11122,Refund,Low,14,1
18126,933,Network,Medium,3,3
18127,5667,Refund,Medium,18,4
18128,2882,Network,Medium,10,4
18129,801,Refund,High,7,4
18130,10618,Network,Low,6,3
18131,60,Billing,Low,11,1
18132,739,Speed,Medium,11,4
18133,4990,Speed,Medium,8,5
18134,12141,Login,Medium,1,2
18135,8665,Network,Low,6,2
18136,10071,Network,Medium,11,4
18137,330,Speed,Medium,1,1
18138,13793,Speed,Medium,4,1
18139,3707,Technical,High,11,3
18140,13164,Billing,Medium,11,4
18141,8047,Network,Medium,4,1
18142,14346,Login,Low,2,4
18143,14023,Billing,Low,17,1
18144,10717,Login,Low,20,3
18145,2561,Technical,Medium,10,5
18146,6955,Technical,Low,15,3
18147,7128,Refund,Medium,8,1
18148,14193,Network,Medium,16,5
18149,12417,Login,Medium,9,2
18150,11497,Network,Low,17,5
18151,2229,Speed,High,10,1
18152,7956,Billing,Medium,19,2
18153,13062,Billing,Low,20,1
18154,10645,Login,Low,8,1
18155,969,Speed,High,3,4
18156,6270,Technical,Medium,12,2
18157,2408,Refund,Low,18,5
18158,9014,Speed,Medium,8,1
18159,14063,Refund,High,8,2
18160,7991,Login,Low,8,1
18161,12895,Speed,High,9,5
18162,2800,Billing,High,16,1
18163,1599,Technical,Medium,15,5
18164,7180,Network,High,1,1
18165,6026,Login,Low,4,1
18166,11101,Technical,Medium,10,3
18167,3753,Billing,Medium,4,3
18168,2422,Refund,Medium,20,1
18169,2473,Network,Medium,4,3
18170,3035,Network,High,19,3
18171,13717,Network,High,9,3
18172,3352,Speed,Low,6,5
18173,11004,Login,Low,10,1
18174,3985,Network,High,5,5
18175,9687,Login,High,5,2
18176,4909,Billing,High,4,5
18177,13479,Refund,High,1,3
18178,4016,Refund,Medium,12,2
18179,8692,Billing,High,6,4
18180,3581,Login,High,10,5
18181,3460,Refund,High,2,2
18182,9381,Technical,Low,5,2
18183,12113,Network,Low,11,3
18184,6425,Refund,High,15,2
18185,621,Network,High,17,2
18186,3383,Technical,Medium,10,2
18187,1235,Login,Medium,9,4
18188,13337,Login,Medium,20,2
18189,5471,Login,Low,15,2
18190,9727,Refund,Medium,12,1
18191,12946,Login,Medium,6,3
18192,222,Technical,Low,16,5
18193,8282,Login,High,18,2
18194,632,Speed,Medium,4,3
18195,2239,Network,Low,16,4
18196,1528,Network,High,7,3
18197,1356,Technical,Low,11,2
18198,8892,Billing,High,13,2
18199,2433,Refund,High,9,1
18200,3089,Billing,High,17,1
18201,8443,Login,Medium,10,2
18202,6300,Network,Medium,2,4
18203,772,Billing,High,17,2
18204,9986,Speed,High,20,1
18205,243,Technical,High,12,2
18206,590,Login,High,5,5
18207,9373,Login,Medium,4,3
18208,11,Network,High,11,2
18209,14557,Speed,Low,20,4
18210,14987,Speed,Low,12,2
18211,7111,Speed,High,18,5
18212,14955,Billing,Low,18,1
18213,3085,Network,High,16,2
18214,3924,Network,Medium,17,1
18215,9320,Refund,Low,3,2
18216,8568,Billing,Low,20,3
18217,111,Login,High,5,2
18218,14731,Speed,Low,5,4
18219,3146,Refund,Medium,20,5
18220,8836,Technical,High,15,3
18221,3014,Speed,Low,3,5
18222,9483,Network,Low,13,1
18223,7866,Login,Medium,13,1
18224,3037,Billing,Medium,14,4
18225,11614,Speed,Medium,19,2
18226,1420,Billing,High,4,3
18227,14836,Login,Low,3,3
18228,13255,Billing,Medium,9,5
18229,13402,Speed,High,20,3
18230,2472,Technical,Medium,18,2
18231,8441,Network,Low,15,4
18232,5108,Refund,Low,1,3
18233,11161,Refund,High,19,2
18234,7792,Billing,High,6,3
18235,2909,Billing,High,17,2
18236,7289,Refund,Medium,15,3
18237,713,Billing,High,13,3
18238,10279,Network,High,15,4
18239,14436,Refund,High,16,4
18240,11530,Network,Medium,5,2
18241,8825,Refund,Low,8,1
18242,3384,Network,Medium,17,2
18243,12868,Login,Low,4,5
18244,330,Refund,High,1,3
18245,11725,Speed,High,20,2
18246,11420,Speed,High,9,4
18247,8102,Billing,Medium,5,4
18248,4547,Technical,High,14,4
18249,8046,Billing,High,6,5
18250,7080,Technical,High,15,5
18251,9488,Speed,Medium,11,2
18252,2347,Speed,High,8,4
18253,13226,Speed,Medium,20,1
18254,4927,Technical,High,13,2
18255,9830,Login,Low,2,3
18256,12425,Speed,Low,2,1
18257,2466,Refund,Low,15,4
18258,14394,Login,Low,7,1
18259,573,Speed,High,9,1
18260,7765,Speed,Medium,18,4
18261,4758,Network,Medium,17,5
18262,3494,Login,Medium,16,4
18263,6440,Refund,Medium,6,3
18264,12654,Speed,Low,12,3
18265,3873,Technical,Low,2,5
18266,11511,Billing,High,18,2
18267,7653,Billing,Low,16,5
18268,13155,Refund,Low,15,4
18269,800,Network,High,4,4
18270,7576,Login,High,8,2
18271,12099,Billing,Medium,15,3
18272,2426,Network,Low,8,3
18273,6075,Network,Low,19,2
18274,263,Technical,High,15,5
18275,4710,Billing,Low,20,1
18276,14220,Refund,Low,9,3
18277,7571,Billing,High,1,5
18278,13542,Refund,High,19,5
18279,1010,Technical,High,15,5
18280,3524,Refund,Medium,6,1
18281,7130,Billing,High,3,5
18282,2116,Billing,High,2,1
18283,7522,Refund,Low,11,5
18284,13343,Billing,Low,15,1
18285,5255,Billing,High,8,1
18286,3036,Billing,Low,13,1
18287,2575,Network,High,16,4
18288,8425,Billing,High,13,3
18289,2663,Refund,Medium,16,2
18290,6721,Network,High,20,3
18291,6963,Billing,Low,7,2
18292,14129,Speed,Medium,14,2
18293,13146,Network,Medium,8,4
18294,10158,Login,Low,7,4
18295,8849,Billing,Low,17,4
18296,6694,Technical,Medium,4,3
18297,10559,Network,High,16,4
18298,8060,Network,High,7,4
18299,9122,Technical,High,16,4
18300,12801,Network,High,3,5
18301,11279,Login,Medium,12,1
18302,1944,Refund,Medium,12,1
18303,6546,Refund,Low,7,2
18304,8424,Login,Medium,4,3
18305,11246,Speed,Medium,5,2
18306,10430,Billing,High,10,5
18307,14384,Technical,Low,3,5
18308,11364,Login,Medium,2,2
18309,4007,Speed,Medium,2,5
18310,9721,Technical,Medium,1,3
18311,327,Speed,Medium,18,5
18312,1485,Speed,Medium,16,1
18313,10339,Technical,High,3,1
18314,5389,Refund,Low,3,3
18315,1248,Speed,Low,5,2
18316,13251,Login,Medium,5,1
18317,4182,Technical,Low,12,3
18318,6067,Technical,Medium,10,4
18319,10255,Technical,Low,5,5
18320,2721,Billing,High,11,4
18321,13206,Technical,High,16,1
18322,12745,Technical,Low,13,2
18323,10917,Technical,High,18,1
18324,3459,Speed,Low,15,1
18325,824,Refund,Low,13,3
18326,362,Billing,High,18,1
18327,12577,Technical,Low,6,5
18328,4901,Login,Low,1,2
18329,9668,Technical,High,20,5
18330,13055,Billing,Medium,8,5
18331,13690,Technical,Medium,10,2
18332,9165,Refund,High,15,2
18333,2830,Refund,Low,1,3
18334,12845,Refund,High,17,1
18335,10225,Refund,Low,10,4
18336,3509,Login,Low,3,2
18337,6201,Speed,Medium,15,4
18338,11852,Technical,High,6,2
18339,14074,Technical,Low,9,3
18340,14406,Billing,Medium,16,4
18341,2037,Billing,Low,8,5
18342,14934,Refund,Medium,6,3
18343,7727,Billing,Medium,2,5
18344,7860,Network,Low,3,3
18345,7913,Login,High,13,3
18346,12721,Technical,Low,10,1
18347,12928,Refund,Low,12,4
18348,2769,Login,High,20,3
18349,12944,Billing,High,9,2
18350,4760,Network,High,3,5
18351,6759,Refund,Medium,18,4
18352,1451,Network,Low,9,4
18353,16,Technical,Low,5,1
18354,11044,Speed,High,9,3
18355,2859,Network,High,11,3
18356,6720,Refund,High,19,2
18357,12549,Network,High,6,4
18358,3168,Refund,Low,7,3
18359,514,Refund,Low,4,5
18360,6056,Refund,Medium,9,3
18361,12304,Login,Low,5,1
18362,12267,Speed,High,20,1
18363,12695,Refund,Low,11,2
18364,8471,Refund,Medium,15,5
18365,9828,Technical,Medium,19,5
18366,13292,Billing,Medium,9,1
18367,13213,Refund,Medium,12,4
18368,14042,Speed,Low,5,3
18369,2409,Login,Low,9,3
18370,6728,Billing,High,1,2
18371,14148,Technical,High,11,1
18372,8304,Speed,High,20,2
18373,9765,Login,Low,10,4
18374,13763,Billing,High,19,2
18375,3003,Refund,Low,1,4
18376,5667,Login,High,16,2
18377,11339,Billing,Medium,2,1
18378,6341,Billing,Medium,5,4
18379,5938,Network,Low,15,2
18380,6682,Speed,Medium,13,5
18381,7565,Refund,High,8,5
18382,4084,Network,High,8,5
18383,6769,Speed,Low,9,3
18384,12795,Speed,High,1,1
18385,11381,Login,Low,19,4
18386,13169,Billing,Medium,19,5
18387,4787,Technical,High,12,5
18388,8360,Technical,High,1,1
18389,9297,Billing,Low,10,4
18390,12822,Billing,Medium,14,3
18391,4426,Network,Medium,8,1
18392,7271,Refund,High,13,2
18393,6211,Billing,Medium,5,3
18394,2873,Speed,High,5,2
18395,12154,Network,Medium,4,4
18396,9279,Network,High,5,5
18397,11712,Speed,Medium,2,2
18398,1015,Technical,Low,12,1
18399,6562,Login,Low,13,4
18400,10712,Refund,High,12,3
18401,3,Network,Low,6,4
18402,13498,Login,High,3,3
18403,6149,Speed,High,9,3
18404,8583,Speed,High,12,5
18405,13169,Speed,High,2,3
18406,8628,Billing,Medium,17,1
18407,9639,Refund,High,7,2
18408,1610,Speed,Low,8,3
18409,12274,Login,Medium,5,1
18410,8878,Login,High,15,4
18411,12589,Login,Medium,4,5
18412,7642,Billing,Medium,17,1
18413,9876,Technical,Medium,16,1
18414,10499,Technical,High,19,5
18415,10197,Technical,High,1,3
18416,1769,Speed,Low,12,3
18417,1316,Network,High,3,2
18418,8043,Speed,High,9,2
18419,8828,Login,Low,5,3
18420,7930,Speed,Low,6,3
18421,7370,Network,Low,17,5
18422,9355,Refund,High,16,5
18423,8795,Billing,High,7,1
18424,1772,Speed,Medium,6,1
18425,6007,Speed,Low,5,5
18426,2649,Technical,High,17,4
18427,13697,Network,Medium,14,1
18428,2325,Network,Low,8,5
18429,4345,Billing,Low,17,4
18430,10144,Billing,Low,15,3
18431,10226,Refund,Medium,9,5
18432,13122,Network,Low,12,5
18433,11091,Network,High,10,5
18434,9196,Billing,Medium,3,1
18435,2097,Technical,Low,18,3
18436,3527,Speed,High,9,5
18437,12597,Speed,High,2,4
18438,13804,Technical,High,8,2
18439,6975,Login,High,9,4
18440,124,Billing,Medium,17,1
18441,5072,Billing,Low,8,2
18442,8380,Speed,High,14,4
18443,1478,Refund,High,15,1
18444,11386,Speed,Low,13,1
18445,7144,Technical,High,14,3
18446,2540,Technical,High,5,5
18447,7918,Login,High,15,3
18448,6873,Network,Medium,13,3
18449,5409,Login,High,16,3
18450,11187,Network,Low,3,2
18451,1590,Login,Low,18,5
18452,7504,Billing,Low,10,1
18453,2203,Billing,High,12,2
18454,6790,Technical,Low,2,2
18455,143,Network,Low,2,3
18456,9843,Login,Low,17,1
18457,14205,Billing,High,14,3
18458,5311,Refund,Low,9,4
18459,10083,Login,Low,4,5
18460,12840,Login,High,7,4
18461,10287,Billing,High,13,5
18462,10846,Speed,Medium,16,2
18463,14484,Billing,High,2,4
18464,9457,Technical,Medium,2,4
18465,9178,Refund,High,4,3
18466,72,Network,Medium,12,3
18467,1343,Login,High,12,5
18468,11294,Login,Low,12,2
18469,13728,Speed,Low,7,5
18470,11959,Refund,Low,2,5
18471,3477,Refund,Medium,8,3
18472,12869,Refund,Medium,10,5
18473,2782,Network,Low,6,5
18474,11388,Login,Low,14,2
18475,13799,Refund,High,5,4
18476,7154,Speed,Medium,20,1
18477,9298,Refund,Medium,18,1
18478,10687,Network,Low,3,4
18479,2880,Refund,Medium,19,3
18480,12797,Billing,Low,18,4
18481,9860,Speed,High,7,1
18482,1381,Billing,High,2,5
18483,3319,Speed,High,20,4
18484,10161,Login,High,3,3
18485,1412,Refund,High,19,5
18486,10601,Billing,High,5,4
18487,3264,Technical,Medium,2,1
18488,309,Billing,High,11,1
18489,14024,Login,Low,10,2
18490,13306,Refund,Medium,14,5
18491,11704,Technical,High,10,5
18492,5225,Network,Medium,14,5
18493,14975,Billing,High,4,2
18494,4039,Technical,High,8,3
18495,7229,Network,Low,20,2
18496,8115,Network,Low,11,2
18497,10141,Login,High,8,3
18498,11985,Refund,Medium,18,5
18499,11713,Network,High,19,4
18500,3016,Speed,Medium,9,4
18501,11490,Technical,Medium,12,5
18502,10462,Billing,Low,7,5
18503,5429,Login,High,17,1
18504,2023,Network,Low,7,2
18505,7260,Speed,Low,1,2
18506,918,Technical,Medium,8,5
18507,14236,Login,Medium,19,2
18508,8324,Refund,High,9,3
18509,1961,Network,High,16,2
18510,9046,Refund,High,1,3
18511,5398,Refund,Medium,18,4
18512,4470,Billing,Medium,9,3
18513,2362,Network,Low,9,1
18514,10133,Technical,High,8,4
18515,5456,Network,High,1,5
18516,14382,Login,High,11,3
18517,239,Login,Low,19,2
18518,1949,Refund,High,17,1
18519,2346,Network,Low,1,1
18520,3143,Billing,Low,13,1
18521,11265,Network,Low,18,2
18522,1288,Billing,Low,18,5
18523,796,Speed,Low,4,4
18524,1061,Speed,High,19,1
18525,3923,Network,High,20,2
18526,10925,Login,Low,13,1
18527,14337,Speed,Low,14,2
18528,6223,Network,Medium,6,1
18529,3255,Billing,High,4,5
18530,1909,Refund,Medium,17,3
18531,7571,Speed,Low,7,1
18532,12174,Login,Low,4,3
18533,13781,Speed,High,16,2
18534,6802,Login,Low,12,2
18535,9499,Network,High,8,4
18536,14223,Speed,High,20,1
18537,4674,Refund,Medium,20,1
18538,12606,Refund,Low,17,3
18539,11652,Refund,Medium,11,2
18540,6389,Billing,Medium,18,5
18541,13099,Billing,Medium,10,4
18542,116,Refund,Low,8,3
18543,9733,Technical,Medium,15,4
18544,9805,Technical,Medium,9,3
18545,14179,Login,Low,15,3
18546,1198,Billing,High,9,5
18547,2085,Refund,High,2,2
18548,11131,Technical,Medium,7,3
18549,4700,Technical,High,13,4
18550,4585,Login,Medium,1,3
18551,13510,Refund,High,5,1
18552,931,Technical,Medium,6,1
18553,4896,Network,High,7,2
18554,3987,Network,High,18,4
18555,13423,Refund,Low,10,3
18556,1903,Technical,High,11,4
18557,5486,Login,High,7,5
18558,7251,Login,Medium,1,5
18559,10474,Login,High,16,5
18560,11550,Technical,Medium,2,2
18561,12540,Speed,High,3,5
18562,3659,Login,Medium,1,5
18563,9299,Network,Medium,10,4
18564,794,Refund,Medium,13,1
18565,2741,Technical,Low,10,4
18566,12269,Speed,Low,10,1
18567,8744,Technical,Low,15,3
18568,9664,Billing,High,9,4
18569,11311,Speed,Low,19,3
18570,7125,Login,High,9,3
18571,2456,Refund,High,7,1
18572,7909,Billing,High,2,4
18573,4465,Technical,Low,9,3
18574,626,Network,High,1,1
18575,12837,Technical,High,16,5
18576,2907,Technical,High,2,2
18577,4513,Network,High,12,5
18578,10106,Technical,High,4,4
18579,12546,Technical,High,9,4
18580,12156,Refund,Medium,2,1
18581,14463,Billing,Medium,3,2
18582,9954,Speed,High,16,4
18583,11541,Billing,High,10,2
18584,11168,Billing,Medium,1,3
18585,11117,Network,Medium,20,4
18586,8343,Login,Low,19,5
18587,12633,Network,High,5,3
18588,6127,Login,Low,17,5
18589,7990,Login,Medium,20,2
18590,13296,Technical,Medium,12,1
18591,1254,Technical,High,4,2
18592,10960,Refund,Medium,4,2
18593,11579,Billing,Low,7,4
18594,3246,Network,Medium,19,4
18595,2276,Network,Low,3,1
18596,4072,Speed,Low,4,5
18597,10757,Technical,High,17,2
18598,14343,Speed,Medium,20,1
18599,11391,Billing,Medium,2,3
18600,13149,Technical,Medium,13,4
18601,3408,Billing,Medium,11,4
18602,8868,Technical,Medium,19,4
18603,1064,Speed,Medium,1,2
18604,6768,Technical,Low,10,2
18605,8013,Login,High,16,4
18606,4934,Login,Low,1,3
18607,10542,Refund,Medium,8,5
18608,2686,Login,Medium,18,4
18609,7394,Speed,Low,6,2
18610,6176,Network,High,17,3
18611,13400,Billing,Low,13,1
18612,10907,Login,High,9,2
18613,14543,Technical,Medium,12,2
18614,14672,Billing,High,14,3
18615,4115,Billing,Low,8,4
18616,13084,Login,Medium,20,5
18617,3466,Network,Low,3,3
18618,8779,Speed,Medium,9,3
18619,1967,Refund,Medium,11,3
18620,11603,Technical,Medium,7,5
18621,8726,Refund,Medium,8,3
18622,8049,Speed,High,20,5
18623,2822,Login,Medium,16,2
18624,9587,Speed,Low,2,2
18625,12211,Network,Low,10,3
18626,14036,Billing,Low,12,2
18627,11844,Billing,High,14,3
18628,5043,Refund,Low,16,4
18629,13871,Technical,Medium,20,3
18630,5927,Refund,Low,8,3
18631,7647,Login,Medium,20,2
18632,13186,Technical,High,13,4
18633,660,Billing,Low,15,4
18634,9055,Technical,Medium,5,2
18635,10436,Login,High,13,3
18636,12201,Network,Low,9,4
18637,8055,Refund,Medium,5,4
18638,14268,Network,Low,5,4
18639,7384,Login,Low,4,4
18640,6995,Login,Medium,10,1
18641,10794,Speed,Medium,15,1
18642,5183,Network,Low,2,4
18643,7577,Refund,Medium,20,5
18644,4164,Refund,Medium,11,3
18645,10105,Technical,Low,1,1
18646,13378,Speed,Medium,13,3
18647,9841,Login,Medium,11,4
18648,14084,Billing,Medium,2,5
18649,5642,Speed,Low,19,1
18650,7424,Technical,High,12,4
18651,1373,Billing,High,3,2
18652,13932,Login,Low,2,2
18653,8111,Refund,Low,19,4
18654,2329,Network,Low,8,3
18655,1171,Technical,Medium,3,1
18656,1540,Network,Low,19,2
18657,3411,Refund,Low,10,5
18658,14460,Billing,Low,14,3
18659,1750,Login,High,6,5
18660,14363,Refund,High,18,5
18661,255,Speed,High,20,1
18662,4894,Network,Medium,9,4
18663,12250,Login,High,18,1
18664,6915,Login,High,3,5
18665,1954,Technical,Low,19,4
18666,8921,Network,Medium,17,3
18667,8387,Billing,High,3,4
18668,9146,Billing,Medium,12,2
18669,10976,Speed,Low,12,2
18670,9411,Refund,Medium,16,4
18671,11376,Speed,Medium,7,1
18672,12805,Login,High,9,4
18673,6336,Login,Low,2,1
18674,10751,Network,High,12,2
18675,7735,Billing,Low,17,5
18676,1924,Speed,Medium,12,4
18677,4787,Login,Low,13,2
18678,4228,Technical,Low,8,1
18679,10625,Speed,High,3,1
18680,3271,Refund,Low,6,4
18681,14762,Technical,High,17,3
18682,9740,Billing,Medium,5,4
18683,3497,Login,Medium,6,3
18684,9249,Login,Low,12,2
18685,3373,Billing,Medium,2,3
18686,4220,Billing,Low,4,4
18687,9186,Billing,Low,20,1
18688,3890,Login,Low,3,1
18689,1800,Refund,High,17,1
18690,3699,Refund,Low,7,5
18691,10031,Login,Medium,7,2
18692,13345,Network,Medium,16,3
18693,11356,Technical,High,2,3
18694,6855,Speed,Medium,9,1
18695,10462,Technical,Low,16,1
18696,13516,Login,High,13,2
18697,1992,Network,Low,19,4
18698,2583,Network,Medium,18,1
18699,3272,Speed,Medium,2,3
18700,13222,Billing,Medium,13,1
18701,3656,Speed,High,16,2
18702,780,Refund,Medium,19,4
18703,12066,Technical,Medium,1,2
18704,10248,Billing,High,16,4
18705,11424,Technical,Low,3,1
18706,2468,Billing,High,10,4
18707,3871,Billing,Low,13,2
18708,4177,Refund,Medium,3,3
18709,3412,Login,Low,12,2
18710,2997,Technical,High,17,1
18711,13446,Billing,Low,9,1
18712,2021,Refund,Medium,1,4
18713,5310,Speed,Low,4,4
18714,6876,Login,High,7,5
18715,9167,Login,Low,16,4
18716,9517,Login,Low,16,2
18717,11232,Technical,High,14,2
18718,4734,Billing,Medium,8,1
18719,8596,Refund,High,18,5
18720,2653,Login,Medium,13,4
18721,12772,Technical,High,8,1
18722,6679,Technical,High,6,4
18723,14603,Billing,High,20,1
18724,5886,Refund,Low,20,1
18725,3106,Network,Low,5,2
18726,4204,Technical,Low,14,1
18727,7683,Technical,Low,20,5
18728,4646,Speed,Medium,14,4
18729,14843,Billing,Low,15,5
18730,467,Billing,Medium,18,1
18731,10908,Billing,Low,3,1
18732,7635,Technical,Medium,19,1
18733,8394,Login,High,12,2
18734,8153,Speed,High,19,5
18735,5542,Technical,Low,5,5
18736,4918,Refund,High,6,2
18737,5341,Billing,High,15,5
18738,13585,Billing,Medium,8,5
18739,2309,Speed,Medium,4,4
18740,371,Refund,High,5,4
18741,2282,Speed,Low,8,1
18742,2686,Login,Medium,5,1
18743,3127,Technical,Low,15,2
18744,1312,Login,Low,2,2
18745,7888,Technical,High,2,5
18746,7171,Network,Low,10,5
18747,13713,Network,Low,13,4
18748,123,Network,Low,10,3
18749,8521,Technical,Low,2,5
18750,6426,Technical,Low,11,3
18751,11315,Refund,Medium,1,4
18752,2290,Refund,Low,18,3
18753,9860,Refund,Low,19,3
18754,8665,Billing,Low,20,1
18755,4639,Speed,High,2,3
18756,5818,Speed,Medium,16,1
18757,9166,Network,Low,14,5
18758,1844,Technical,Low,7,1
18759,14552,Login,High,9,5
18760,1737,Refund,High,15,4
18761,8803,Technical,High,10,2
18762,12055,Speed,Medium,9,5
18763,8577,Network,Low,2,5
18764,2950,Speed,Medium,6,1
18765,8402,Speed,Medium,3,2
18766,12650,Network,Low,17,4
18767,5497,Network,Medium,15,4
18768,1242,Speed,High,5,5
18769,6990,Speed,High,8,1
18770,12366,Login,Low,8,1
18771,7092,Technical,Medium,13,1
18772,4404,Technical,Low,9,5
18773,11708,Technical,Low,4,5
18774,14365,Refund,High,18,2
18775,1866,Speed,Low,7,5
18776,5191,Speed,Medium,1,3
18777,10838,Login,Medium,20,1
18778,13969,Login,Medium,15,5
18779,7561,Technical,Low,10,3
18780,10027,Billing,Low,20,4
18781,13547,Speed,Medium,5,5
18782,10435,Speed,Medium,18,4
18783,14105,Billing,Medium,16,1
18784,7154,Billing,Medium,8,3
18785,8327,Speed,Medium,20,1
18786,3097,Billing,High,18,1
18787,14311,Login,Low,14,4
18788,2956,Login,Medium,20,5
18789,2699,Login,High,2,3
18790,136,Refund,Medium,14,5
18791,9438,Technical,Low,4,3
18792,1902,Login,High,2,3
18793,3032,Billing,Medium,6,1
18794,8025,Billing,Low,20,5
18795,810,Billing,Low,5,1
18796,12831,Billing,Medium,13,2
18797,6837,Login,Low,17,3
18798,10110,Speed,Low,2,5
18799,461,Billing,Low,5,2
18800,14358,Login,Medium,10,5
18801,8026,Refund,Medium,14,2
18802,14969,Network,Medium,10,2
18803,13072,Refund,Low,15,4
18804,13528,Refund,High,19,2
18805,5955,Network,Medium,9,5
18806,14666,Technical,Low,7,2
18807,11397,Billing,Medium,3,5
18808,8478,Network,Medium,19,4
18809,9036,Speed,Medium,7,2
18810,6068,Speed,High,20,5
18811,10101,Network,High,10,4
18812,4161,Billing,Medium,20,3
18813,8293,Speed,High,3,5
18814,5948,Speed,High,3,3
18815,7481,Speed,High,13,1
18816,4114,Login,Low,13,2
18817,11049,Login,Medium,4,2
18818,13182,Billing,High,6,4
18819,9345,Login,Medium,3,3
18820,14256,Billing,Medium,16,2
18821,9132,Refund,High,18,5
18822,13740,Technical,High,3,1
18823,7054,Login,High,8,1
18824,12879,Billing,Medium,9,5
18825,13190,Refund,High,14,5
18826,11905,Technical,Medium,13,2
18827,8140,Login,Low,6,3
18828,3259,Network,Medium,1,3
18829,6030,Network,High,6,4
18830,7096,Speed,Medium,16,3
18831,277,Billing,Medium,6,3
18832,14524,Technical,High,19,4
18833,4991,Network,Medium,19,4
18834,9352,Billing,High,9,3
18835,6868,Network,Low,9,4
18836,6901,Technical,Medium,14,4
18837,13976,Billing,Medium,17,4
18838,13339,Technical,Low,20,5
18839,11839,Billing,High,17,4
18840,1958,Billing,High,5,1
18841,3275,Login,Low,12,3
18842,10914,Network,Medium,9,4
18843,8024,Network,High,16,3
18844,7279,Login,Medium,8,4
18845,8643,Network,Low,8,3
18846,5051,Refund,Low,2,5
18847,2671,Technical,Low,12,5
18848,9269,Billing,Medium,19,4
18849,8963,Login,Low,11,5
18850,3070,Speed,Medium,6,5
18851,2122,Login,Medium,15,5
18852,13702,Refund,Low,10,2
18853,8196,Refund,High,9,1
18854,12235,Speed,Medium,5,2
18855,2835,Billing,High,13,5
18856,6544,Billing,Low,20,4
18857,327,Network,Low,2,2
18858,11985,Billing,Low,3,5
18859,7990,Network,Medium,8,4
18860,1959,Technical,Medium,8,1
18861,4658,Billing,Medium,3,3
18862,13127,Billing,High,18,2
18863,1876,Login,Low,2,2
18864,10974,Speed,Low,12,2
18865,4977,Refund,High,4,4
18866,4643,Login,Medium,14,2
18867,14835,Technical,Medium,16,3
18868,14786,Login,Low,18,1
18869,5634,Login,Medium,9,3
18870,5004,Technical,Low,8,2
18871,3926,Login,Medium,11,5
18872,14106,Refund,Low,9,1
18873,1914,Technical,Low,17,2
18874,2054,Network,Medium,4,1
18875,14038,Network,Medium,9,2
18876,5612,Speed,Low,8,4
18877,7199,Network,Medium,14,2
18878,1694,Speed,High,1,1
18879,5113,Billing,Medium,12,3
18880,4036,Refund,High,3,4
18881,12654,Speed,Low,19,3
18882,14411,Login,High,20,5
18883,9993,Speed,Low,4,1
18884,8129,Technical,Medium,14,4
18885,5644,Technical,Medium,5,4
18886,5782,Technical,High,15,5
18887,11052,Network,High,5,4
18888,4713,Network,Low,19,1
18889,9600,Billing,Low,9,1
18890,3820,Speed,Low,5,3
18891,14237,Speed,High,12,3
18892,6623,Technical,Low,14,4
18893,6529,Billing,Low,9,5
18894,13192,Network,Medium,2,5
18895,8541,Login,Medium,19,1
18896,5974,Billing,High,9,2
18897,14505,Billing,High,6,3
18898,5179,Billing,Medium,16,1
18899,2649,Login,Medium,13,2
18900,10318,Billing,Medium,10,2
18901,1511,Login,Medium,10,1
18902,3919,Login,Medium,14,1
18903,3600,Speed,Low,11,2
18904,11405,Login,Medium,20,3
18905,517,Login,Medium,16,2
18906,14537,Login,Low,4,1
18907,1540,Refund,Medium,8,4
18908,3073,Billing,Low,12,2
18909,9421,Login,Medium,4,3
18910,14955,Speed,High,8,3
18911,5552,Technical,Low,5,3
18912,11570,Login,Medium,2,5
18913,8339,Billing,Low,9,2
18914,4910,Login,Low,8,4
18915,14074,Refund,Medium,12,3
18916,11863,Login,Low,5,3
18917,1067,Billing,Low,4,1
18918,2260,Speed,Medium,3,5
18919,9026,Login,High,3,2
18920,10895,Refund,High,1,4
18921,8737,Billing,High,19,1
18922,2659,Speed,High,13,2
18923,2197,Technical,Low,13,5
18924,10120,Speed,High,14,1
18925,10087,Speed,Low,11,2
18926,1335,Technical,Medium,5,5
18927,11902,Billing,Medium,5,4
18928,11544,Speed,High,15,5
18929,1910,Refund,High,7,3
18930,13964,Login,Medium,16,3
18931,14877,Billing,Medium,5,2
18932,13098,Refund,Medium,13,3
18933,7578,Refund,Low,15,3
18934,4380,Billing,High,15,5
18935,4811,Refund,Medium,8,4
18936,10016,Speed,Low,3,4
18937,12522,Login,Low,5,2
18938,4092,Billing,Medium,7,2
18939,3435,Speed,Low,19,3
18940,10232,Billing,Low,14,3
18941,14306,Speed,High,6,1
18942,12710,Refund,Low,6,3
18943,4875,Speed,Medium,15,1
18944,10446,Technical,Low,2,2
18945,2086,Refund,High,14,2
18946,7953,Billing,High,9,5
18947,8836,Login,Medium,3,3
18948,6612,Billing,Medium,6,3
18949,3147,Login,Medium,9,4
18950,14141,Speed,High,4,2
18951,5125,Network,High,4,2
18952,14220,Speed,Medium,9,4
18953,6164,Technical,Low,10,4
18954,2908,Speed,Low,9,3
18955,5261,Billing,High,7,4
18956,6972,Login,Low,14,4
18957,11323,Billing,Low,12,2
18958,11980,Billing,Medium,8,4
18959,11554,Refund,Medium,9,2
18960,13270,Network,Low,4,2
18961,8462,Speed,Low,10,4
18962,13979,Refund,Low,15,4
18963,6034,Speed,High,10,4
18964,14312,Billing,Medium,6,3
18965,12360,Refund,High,2,4
18966,2519,Technical,Medium,5,5
18967,5802,Technical,Low,16,5
18968,3871,Login,Low,1,1
18969,5817,Billing,Medium,9,5
18970,12062,Login,Low,1,1
18971,11955,Login,High,5,2
18972,13933,Billing,Low,5,2
18973,13425,Billing,High,17,2
18974,12892,Login,Medium,11,1
18975,9096,Login,Low,16,4
18976,13109,Billing,Medium,19,2
18977,10159,Speed,Low,14,5
18978,12061,Speed,Medium,19,5
18979,11864,Billing,Low,15,4
18980,11801,Technical,High,1,2
18981,3079,Login,Low,12,3
18982,4962,Refund,Low,4,2
18983,7805,Login,Low,13,5
18984,8872,Speed,Low,18,5
18985,740,Network,Low,14,3
18986,3973,Network,Medium,14,2
18987,7237,Refund,Low,10,3
18988,12671,Network,Medium,1,5
18989,2650,Billing,Medium,1,2
18990,4432,Billing,High,11,2
18991,9445,Technical,Low,3,4
18992,13189,Network,Medium,12,2
18993,2353,Refund,Medium,6,2
18994,1677,Billing,Medium,20,2
18995,11590,Login,High,2,4
18996,7282,Speed,Low,17,2
18997,11486,Billing,Low,14,2
18998,13935,Billing,Low,5,4
18999,1716,Login,High,15,5
19000,8157,Network,Low,16,4
19001,5574,Billing,Low,12,3
19002,12623,Refund,Low,2,4
19003,1413,Network,Medium,8,4
19004,11467,Technical,High,20,5
19005,10080,Refund,High,7,1
19006,9551,Billing,High,2,2
19007,2558,Speed,Low,10,2
19008,5089,Login,Medium,1,3
19009,10020,Technical,Medium,19,2
19010,8757,Technical,Medium,8,2
19011,7052,Billing,High,13,2
19012,1201,Billing,Low,6,2
19013,592,Speed,Medium,19,2
19014,9872,Speed,Low,5,1
19015,6730,Network,Medium,18,4
19016,3564,Billing,Medium,4,4
19017,2373,Refund,High,15,3
19018,6914,Billing,Medium,8,1
19019,9031,Network,Medium,5,3
19020,6126,Billing,Low,7,4
19021,7760,Speed,Low,5,4
19022,12405,Speed,High,20,4
19023,10967,Billing,Medium,15,4
19024,11045,Technical,Low,17,5
19025,8011,Technical,Low,14,3
19026,6143,Network,High,15,2
19027,12038,Refund,Medium,10,5
19028,1498,Login,Low,17,2
19029,8120,Technical,High,13,1
19030,3036,Speed,High,12,5
19031,11391,Technical,Medium,14,1
19032,11995,Technical,Medium,17,1
19033,9283,Speed,Medium,17,5
19034,14274,Technical,High,18,1
19035,5384,Login,Low,16,3
19036,13964,Technical,Medium,20,1
19037,8293,Network,Low,16,1
19038,4462,Refund,Low,13,2
19039,6444,Technical,Low,9,5
19040,5315,Refund,Medium,15,4
19041,9876,Technical,Low,11,1
19042,4121,Billing,Low,17,4
19043,10214,Refund,Medium,17,5
19044,10348,Login,High,12,1
19045,5758,Login,Low,5,4
19046,9754,Refund,High,17,4
19047,3155,Login,Low,8,4
19048,12957,Refund,Low,12,5
19049,1784,Speed,Low,10,2
19050,14637,Technical,Medium,12,3
19051,13374,Login,High,9,4
19052,4642,Login,Low,12,3
19053,3073,Login,Medium,5,1
19054,2650,Billing,High,14,4
19055,3070,Speed,Low,3,4
19056,14507,Speed,Medium,16,1
19057,10898,Billing,Low,1,3
19058,11150,Speed,High,1,4
19059,13269,Technical,High,1,3
19060,5637,Technical,High,9,2
19061,12037,Speed,Medium,12,5
19062,10774,Technical,Medium,6,3
19063,11302,Technical,High,13,5
19064,3271,Login,Medium,2,3
19065,13485,Billing,Low,9,3
19066,4502,Refund,High,7,1
19067,2018,Refund,High,2,3
19068,1057,Network,Medium,10,3
19069,3553,Speed,Low,14,4
19070,1834,Speed,Low,3,4
19071,12978,Billing,High,13,4
19072,12966,Speed,Medium,4,5
19073,7204,Speed,Medium,11,5
19074,4391,Network,Medium,10,3
19075,8242,Network,Low,16,1
19076,14209,Speed,Medium,8,2
19077,9581,Network,Low,11,5
19078,9438,Speed,Low,7,1
19079,2986,Technical,Medium,8,3
19080,9116,Speed,Low,18,4
19081,12194,Billing,High,13,5
19082,5636,Login,Low,17,3
19083,12240,Network,Low,11,3
19084,8137,Billing,Low,13,1
19085,13322,Login,Medium,11,5
19086,13529,Network,High,20,5
19087,4210,Billing,Low,12,2
19088,12220,Billing,Medium,16,4
19089,4256,Technical,Medium,14,3
19090,12378,Login,High,3,5
19091,1976,Login,Medium,17,2
19092,5877,Technical,Low,11,4
19093,4861,Billing,Low,7,1
19094,5930,Speed,Medium,7,1
19095,2000,Speed,Low,17,1
19096,6115,Speed,High,6,2
19097,8354,Refund,Low,5,4
19098,4950,Technical,High,4,5
19099,3903,Speed,High,2,4
19100,6539,Refund,Low,1,4
19101,3683,Refund,Medium,11,2
19102,5655,Network,Low,14,3
19103,3083,Billing,Low,11,2
19104,11393,Login,Low,6,1
19105,13417,Billing,Medium,5,5
19106,7000,Speed,Medium,15,5
19107,9909,Technical,High,11,5
19108,12901,Refund,Low,19,3
19109,7310,Network,High,3,5
19110,4766,Login,Low,15,3
19111,3971,Technical,Low,9,1
19112,749,Login,Low,3,2
19113,6722,Speed,High,3,4
19114,12004,Network,Low,15,2
19115,14880,Refund,Medium,17,3
19116,3267,Billing,Low,8,4
19117,12467,Network,Medium,5,1
19118,2460,Login,High,12,1
19119,797,Technical,Low,10,1
19120,4418,Billing,Medium,5,3
19121,10801,Login,Low,8,4
19122,864,Billing,High,15,5
19123,11265,Technical,Medium,9,5
19124,8637,Speed,Medium,8,1
19125,10086,Billing,Low,1,4
19126,9884,Refund,Low,8,4
19127,625,Speed,Low,14,3
19128,3787,Technical,Medium,18,1
19129,10613,Login,Low,14,1
19130,10340,Technical,High,14,4
19131,12141,Refund,High,17,4
19132,8593,Speed,Medium,7,5
19133,12001,Refund,High,9,4
19134,796,Login,High,8,5
19135,11402,Refund,High,6,3
19136,8611,Refund,High,9,3
19137,9709,Speed,Low,12,2
19138,7000,Login,Low,11,5
19139,216,Technical,Medium,18,1
19140,3864,Login,Low,7,1
19141,12501,Technical,Medium,19,4
19142,1827,Login,Medium,4,1
19143,5480,Billing,High,2,4
19144,12991,Network,High,15,1
19145,3611,Billing,Medium,10,1
19146,9112,Billing,Low,5,4
19147,7577,Login,High,14,2
19148,8071,Network,Low,18,1
19149,4661,Technical,Low,3,3
19150,4016,Billing,Medium,18,5
19151,3616,Login,Medium,15,1
19152,1945,Network,Medium,15,1
19153,13401,Login,Medium,17,4
19154,13251,Refund,High,14,1
19155,12347,Refund,Low,1,4
19156,10960,Speed,Low,15,4
19157,1034,Technical,Low,4,2
19158,11897,Refund,Low,16,4
19159,2776,Login,High,8,3
19160,10072,Speed,Low,14,2
19161,4793,Speed,Medium,12,3
19162,11423,Speed,Low,2,4
19163,7172,Network,Medium,17,4
19164,2916,Billing,Low,1,5
19165,12962,Network,High,6,5
19166,14503,Technical,Medium,15,4
19167,12950,Network,Low,16,2
19168,14166,Technical,Low,2,2
19169,6623,Speed,Medium,4,4
19170,14171,Speed,High,9,3
19171,5366,Refund,Low,6,1
19172,13521,Refund,Low,11,2
19173,1560,Login,Medium,1,1
19174,9111,Network,High,6,5
19175,11077,Login,High,13,4
19176,5813,Network,Medium,16,1
19177,12731,Technical,High,14,1
19178,6576,Refund,High,5,1
19179,13419,Login,Medium,8,3
19180,8031,Technical,Medium,19,1
19181,5782,Network,High,1,5
19182,13794,Network,High,16,5
19183,3583,Billing,Medium,2,1
19184,5358,Speed,Medium,5,3
19185,10271,Billing,Low,18,4
19186,3029,Refund,Low,5,4
19187,8744,Billing,Low,5,4
19188,10056,Speed,Low,15,5
19189,14493,Billing,Low,18,5
19190,620,Network,Low,11,2
19191,3916,Login,High,14,1
19192,5319,Login,Medium,9,1
19193,8387,Login,High,17,3
19194,1191,Network,Medium,19,4
19195,802,Technical,Low,17,3
19196,4868,Speed,High,7,3
19197,12308,Network,Low,14,4
19198,11557,Speed,Low,6,5
19199,12341,Refund,High,1,2
19200,34,Speed,Low,13,3
19201,4445,Refund,High,3,3
19202,4275,Billing,Medium,1,5
19203,857,Technical,High,2,3
19204,13314,Network,Low,16,5
19205,6636,Technical,Medium,10,4
19206,9640,Refund,Low,20,2
19207,13542,Speed,Low,5,3
19208,14032,Network,High,2,5
19209,14905,Login,High,17,3
19210,3433,Network,Low,9,2
19211,3204,Network,Low,5,4
19212,7574,Technical,Low,13,5
19213,14004,Network,Medium,17,3
19214,9563,Billing,Medium,20,2
19215,13828,Technical,Medium,6,4
19216,10242,Billing,High,8,3
19217,8996,Login,Medium,20,5
19218,12274,Refund,Medium,13,1
19219,12345,Refund,Low,16,4
19220,3377,Speed,Low,2,1
19221,14393,Billing,High,15,1
19222,13525,Technical,Medium,20,2
19223,11481,Refund,Low,14,4
19224,10567,Billing,Low,10,1
19225,4693,Speed,High,4,3
19226,700,Technical,Low,7,4
19227,3989,Technical,High,1,5
19228,9804,Speed,High,12,4
19229,6595,Speed,Medium,12,3
19230,9746,Billing,High,17,1
19231,14240,Speed,Low,14,5
19232,2014,Network,High,8,4
19233,13936,Refund,Low,3,3
19234,10046,Login,High,5,3
19235,3107,Technical,Low,3,4
19236,11962,Network,Low,3,3
19237,7056,Login,Low,6,3
19238,1882,Refund,High,5,5
19239,12585,Billing,High,3,3
19240,11341,Technical,Low,9,3
19241,11674,Technical,Medium,5,4
19242,3303,Login,High,3,1
19243,9460,Refund,High,16,3
19244,11070,Network,High,11,2
19245,2018,Refund,High,18,5
19246,9319,Billing,High,15,1
19247,11810,Billing,Low,15,4
19248,5496,Refund,High,19,5
19249,1325,Refund,High,14,4
19250,9996,Login,High,13,5
19251,86,Speed,High,14,4
19252,11219,Network,Low,7,2
19253,6566,Refund,Medium,1,3
19254,768,Network,High,10,4
19255,6860,Speed,Medium,14,1
19256,3876,Refund,Medium,11,4
19257,14157,Refund,High,8,5
19258,11234,Login,Low,15,4
19259,10333,Technical,Low,12,4
19260,8915,Billing,High,17,2
19261,6451,Technical,Low,18,4
19262,7117,Speed,High,7,1
19263,10368,Speed,High,10,2
19264,9485,Refund,Medium,5,2
19265,13986,Network,High,1,4
19266,12849,Billing,Medium,18,3
19267,7180,Billing,Low,13,2
19268,1732,Login,Medium,10,2
19269,1744,Network,Medium,3,4
19270,11834,Technical,Low,19,2
19271,4001,Speed,High,15,5
19272,1114,Login,Low,1,3
19273,10538,Login,High,8,4
19274,11182,Network,High,10,5
19275,4669,Network,Medium,2,4
19276,10231,Refund,High,6,5
19277,4632,Billing,High,5,3
19278,9044,Technical,Medium,19,3
19279,4462,Refund,Low,14,1
19280,4785,Login,High,10,2
19281,561,Speed,High,18,3
19282,14887,Refund,Low,3,1
19283,12348,Speed,Medium,1,4
19284,12282,Billing,High,11,5
19285,9285,Network,Low,13,4
19286,4795,Billing,High,12,3
19287,107,Network,Low,8,1
19288,14582,Network,High,8,4
19289,1820,Login,Low,14,2
19290,2547,Login,Low,8,2
19291,2481,Billing,Low,18,4
19292,1418,Refund,Medium,12,4
19293,12612,Network,Low,10,3
19294,6689,Network,Medium,16,3
19295,504,Billing,Medium,20,1
19296,12020,Login,Medium,19,1
19297,9463,Refund,High,17,1
19298,12783,Technical,High,4,1
19299,12318,Technical,Medium,15,4
19300,1684,Refund,High,6,4
19301,13135,Refund,Medium,4,2
19302,8599,Login,Medium,15,5
19303,2427,Network,Low,18,4
19304,3704,Technical,Medium,8,1
19305,3163,Technical,High,10,5
19306,3429,Technical,Low,1,1
19307,10154,Speed,Low,19,5
19308,1637,Billing,Medium,8,1
19309,12985,Refund,Medium,2,3
19310,10630,Refund,High,17,3
19311,5281,Billing,Low,3,3
19312,5011,Technical,Low,20,1
19313,4472,Refund,High,6,2
19314,10232,Refund,Medium,17,4
19315,9735,Login,Medium,10,2
19316,1634,Login,Medium,16,4
19317,12015,Technical,Low,15,5
19318,12811,Network,Medium,4,5
19319,5832,Speed,Medium,12,3
19320,2174,Login,High,19,3
19321,7739,Technical,Low,17,2
19322,11702,Network,High,18,5
19323,2918,Login,High,14,5
19324,3611,Technical,Low,5,4
19325,6974,Refund,Medium,14,3
19326,6166,Billing,Medium,2,5
19327,5971,Refund,High,3,5
19328,7188,Speed,High,1,3
19329,7087,Technical,Low,15,2
19330,13228,Refund,High,6,1
19331,9209,Technical,Low,8,1
19332,12475,Technical,Medium,14,2
19333,12339,Technical,Medium,11,5
19334,2918,Refund,Medium,19,1
19335,7680,Refund,High,11,1
19336,861,Technical,Low,6,5
19337,1809,Network,High,3,1
19338,2155,Network,Low,10,3
19339,1752,Network,Medium,16,3
19340,11111,Speed,Low,19,2
19341,12405,Login,High,7,2
19342,14824,Speed,Medium,3,5
19343,707,Network,High,16,3
19344,13392,Billing,High,4,5
19345,1963,Technical,High,8,1
19346,11047,Network,Medium,14,2
19347,3149,Refund,Low,17,1
19348,6442,Refund,Low,13,5
19349,8119,Login,Low,2,4
19350,8562,Technical,Low,18,2
19351,14453,Refund,Medium,6,2
19352,1956,Speed,Medium,10,4
19353,1920,Login,Medium,15,4
19354,10480,Speed,Medium,8,2
19355,13629,Refund,High,1,4
19356,11211,Technical,Low,17,1
19357,2916,Login,High,7,5
19358,10904,Login,Medium,1,5
19359,7944,Login,Low,18,4
19360,2474,Billing,High,16,1
19361,4742,Login,Low,4,3
19362,13370,Technical,High,18,2
19363,5140,Billing,Medium,16,1
19364,1117,Login,High,10,1
19365,7107,Billing,High,12,2
19366,12074,Refund,Medium,14,2
19367,14188,Billing,Low,20,2
19368,9322,Login,High,8,4
19369,10109,Technical,High,3,1
19370,11797,Refund,Medium,9,2
19371,9133,Technical,Low,2,3
19372,13639,Billing,Low,17,3
19373,12765,Speed,Medium,19,1
19374,1199,Login,Low,10,2
19375,1100,Technical,High,11,4
19376,13468,Speed,Low,4,5
19377,9445,Login,Low,9,1
19378,3086,Login,High,18,3
19379,5096,Login,High,17,1
19380,12175,Network,Low,8,2
19381,13932,Network,Medium,11,5
19382,9284,Billing,Medium,13,3
19383,4562,Refund,Low,3,5
19384,14021,Refund,High,6,3
19385,925,Login,Medium,3,4
19386,8612,Refund,Medium,19,2
19387,10673,Network,High,7,2
19388,344,Technical,Medium,8,3
19389,8198,Network,High,12,2
19390,4266,Refund,High,2,2
19391,14168,Technical,Low,7,3
19392,9547,Refund,Low,16,3
19393,14567,Network,Medium,4,3
19394,14991,Refund,Low,2,4
19395,2968,Login,Low,14,2
19396,14184,Refund,Medium,19,4
19397,5431,Login,Low,19,3
19398,2928,Network,Medium,17,4
19399,14947,Login,High,4,2
19400,11749,Refund,High,14,2
19401,96,Network,High,10,3
19402,4970,Network,Medium,14,1
19403,167,Speed,Medium,20,2
19404,14277,Speed,Low,20,1
19405,13326,Speed,Medium,8,3
19406,4968,Technical,High,8,4
19407,7180,Login,High,18,1
19408,3132,Network,Low,18,2
19409,11168,Billing,Medium,14,4
19410,14759,Speed,Medium,15,1
19411,10884,Refund,High,11,5
19412,9862,Login,Low,17,5
19413,9366,Billing,High,18,2
19414,14186,Billing,Low,3,1
19415,12461,Network,Medium,9,2
19416,14870,Network,Medium,7,4
19417,10012,Technical,High,7,2
19418,10841,Network,Low,4,3
19419,4043,Technical,Low,2,3
19420,7997,Refund,Medium,6,5
19421,881,Technical,Low,17,1
19422,3825,Billing,Medium,14,2
19423,9248,Speed,Low,3,1
19424,7385,Technical,Medium,1,1
19425,11539,Refund,Low,3,1
19426,7263,Login,Medium,19,5
19427,11597,Billing,Medium,9,4
19428,5185,Billing,Low,17,5
19429,6273,Login,Medium,15,4
19430,7741,Login,Low,20,3
19431,4224,Login,Low,1,2
19432,2601,Network,Medium,15,3
19433,13869,Login,High,9,1
19434,249,Login,High,17,4
19435,6751,Technical,Medium,18,4
19436,14984,Network,Low,10,4
19437,1277,Technical,High,2,4
19438,731,Login,High,2,2
19439,9889,Network,Low,18,1
19440,4622,Refund,High,17,3
19441,251,Technical,Low,17,4
19442,6949,Refund,High,5,2
19443,10594,Technical,High,1,2
19444,8146,Login,Medium,18,4
19445,1957,Speed,High,3,3
19446,14786,Login,Medium,10,2
19447,9995,Speed,High,3,2
19448,6626,Technical,Low,13,2
19449,3273,Technical,Medium,7,3
19450,5762,Speed,High,9,3
19451,4812,Login,Low,3,4
19452,13845,Network,Low,10,5
19453,2852,Billing,High,6,1
19454,11024,Billing,High,6,3
19455,14820,Billing,High,16,4
19456,4180,Billing,High,5,5
19457,13968,Billing,High,17,4
19458,7846,Network,High,9,5
19459,2879,Billing,Medium,4,4
19460,12613,Refund,Medium,15,2
19461,9154,Speed,Low,8,4
19462,3335,Technical,Medium,2,2
19463,8905,Network,Low,3,4
19464,14644,Technical,Medium,3,2
19465,5468,Speed,Low,19,2
19466,3047,Network,High,4,1
19467,4302,Login,High,12,1
19468,4315,Speed,High,4,4
19469,3,Billing,High,3,5
19470,9803,Refund,Medium,14,2
19471,7079,Billing,High,20,3
19472,12489,Billing,Low,5,3
19473,10985,Technical,Low,15,4
19474,7411,Billing,High,10,5
19475,3911,Billing,High,5,3
19476,11965,Speed,Low,19,3
19477,13040,Refund,Low,4,3
19478,8305,Speed,Low,17,4
19479,6134,Technical,High,7,5
19480,4858,Network,Medium,20,4
19481,10700,Refund,Low,3,1
19482,11159,Speed,High,5,1
19483,8170,Login,Low,2,3
19484,9958,Refund,Low,16,1
19485,1121,Technical,Low,20,3
19486,12452,Technical,Low,8,1
19487,14075,Billing,Low,1,2
19488,4464,Billing,Low,6,5
19489,945,Billing,High,9,1
19490,2423,Login,Low,8,1
19491,4440,Billing,Low,7,4
19492,14544,Billing,Medium,20,3
19493,14881,Login,Low,20,2
19494,11371,Login,Medium,2,5
19495,2316,Network,High,1,5
19496,2652,Speed,Medium,19,5
19497,14382,Login,Low,14,2
19498,6345,Technical,Low,6,5
19499,5733,Technical,High,18,3
19500,253,Billing,Low,9,5
19501,12037,Refund,Low,6,3
19502,1166,Billing,Low,20,5
19503,2354,Billing,High,10,2
19504,5999,Technical,High,7,4
19505,11713,Technical,Low,5,4
19506,10683,Login,High,11,1
19507,2788,Speed,Low,15,4
19508,13050,Speed,Medium,11,5
19509,3061,Login,Low,3,4
19510,12662,Login,Medium,8,1
19511,4241,Speed,High,15,2
19512,4146,Refund,Low,8,4
19513,2332,Billing,High,3,5
19514,5731,Speed,High,6,1
19515,6041,Technical,High,11,1
19516,6234,Network,Medium,17,4
19517,14074,Billing,High,2,3
19518,11915,Network,Low,19,4
19519,13642,Billing,High,15,1
19520,6041,Refund,Medium,19,2
19521,10377,Refund,Low,6,5
19522,2566,Speed,Medium,18,3
19523,14723,Login,Low,6,1
19524,11452,Speed,High,13,4
19525,1382,Technical,High,8,1
19526,8780,Refund,Low,14,2
19527,13548,Refund,High,1,3
19528,14619,Network,High,17,3
19529,268,Speed,Low,9,3
19530,5607,Login,Low,13,5
19531,4859,Login,Medium,9,2
19532,8333,Technical,Medium,5,3
19533,10728,Login,High,18,2
19534,14404,Login,Low,20,3
19535,7981,Technical,Low,3,4
19536,4674,Technical,High,14,5
19537,13034,Refund,Low,4,5
19538,2505,Billing,High,3,3
19539,14507,Refund,Low,5,5
19540,5453,Network,Medium,6,2
19541,8373,Technical,High,13,1
19542,14708,Network,Low,16,1
19543,11968,Speed,High,19,5
19544,11983,Billing,High,3,1
19545,8837,Login,Medium,8,4
19546,13235,Login,Low,20,5
19547,14062,Technical,High,10,4
19548,3069,Technical,Low,1,4
19549,89,Refund,Low,11,2
19550,7985,Speed,Medium,3,4
19551,2291,Speed,Low,12,2
19552,10921,Technical,Low,3,4
19553,4727,Technical,Medium,3,5
19554,12386,Login,Low,18,2
19555,950,Technical,Medium,1,2
19556,6410,Refund,Medium,1,2
19557,13299,Login,Low,3,1
19558,11013,Login,Medium,10,4
19559,6013,Speed,Medium,16,3
19560,11598,Network,Medium,10,1
19561,11290,Speed,Medium,6,3
19562,9601,Billing,High,10,5
19563,3954,Network,Medium,11,4
19564,10403,Billing,High,18,1
19565,3228,Network,High,3,1
19566,7507,Network,Medium,9,5
19567,1754,Technical,High,13,3
19568,3998,Speed,High,13,5
19569,10103,Technical,Low,16,3
19570,14143,Network,High,6,5
19571,11163,Login,High,8,4
19572,3755,Login,Low,6,3
19573,10938,Billing,Medium,20,4
19574,1553,Speed,High,4,4
19575,8833,Login,High,3,4
19576,10284,Billing,High,20,1
19577,7746,Billing,Medium,17,3
19578,10504,Network,Medium,3,5
19579,14570,Network,Medium,16,5
19580,9611,Refund,High,12,2
19581,11029,Refund,Medium,7,5
19582,11144,Refund,Low,14,2
19583,7834,Billing,High,14,2
19584,8503,Billing,High,15,3
19585,1699,Refund,Medium,14,4
19586,7887,Technical,Medium,10,4
19587,11914,Billing,High,17,4
19588,7421,Speed,Medium,7,4
19589,8932,Speed,High,13,4
19590,7073,Billing,Low,8,5
19591,9118,Technical,Medium,13,3
19592,3092,Technical,High,1,4
19593,4935,Speed,High,14,1
19594,12534,Login,Low,19,3
19595,416,Technical,Low,10,2
19596,6299,Billing,Low,8,5
19597,3774,Refund,Low,18,1
19598,8740,Billing,Low,17,5
19599,7656,Login,Medium,19,4
19600,4192,Billing,High,13,4
19601,10836,Technical,High,11,3
19602,13592,Login,Medium,15,4
19603,13589,Technical,High,12,1
19604,14132,Technical,High,3,5
19605,3703,Refund,Low,12,2
19606,14383,Refund,Medium,11,3
19607,11512,Network,Medium,12,4
19608,12611,Login,Low,9,4
19609,8342,Technical,Medium,3,5
19610,14825,Technical,High,15,2
19611,9578,Login,Low,7,5
19612,5382,Billing,Low,17,5
19613,2617,Technical,Low,18,4
19614,8829,Speed,Medium,4,4
19615,9128,Billing,Medium,16,4
19616,8500,Speed,High,12,5
19617,5212,Login,Low,8,2
19618,970,Speed,Low,18,5
19619,2234,Login,Medium,20,4
19620,9906,Speed,Low,16,4
19621,5699,Billing,Medium,17,5
19622,13854,Billing,Low,11,3
19623,1437,Billing,High,6,3
19624,2857,Login,High,9,4
19625,4138,Network,High,10,4
19626,5767,Technical,High,19,5
19627,12483,Network,High,20,1
19628,5370,Technical,Medium,18,3
19629,10406,Login,Medium,9,1
19630,7680,Billing,Medium,12,2
19631,14804,Billing,High,5,1
19632,8894,Speed,Medium,10,3
19633,828,Login,Low,18,1
19634,14066,Network,Medium,15,4
19635,13523,Network,Low,18,3
19636,7954,Network,High,15,2
19637,11205,Technical,High,9,4
19638,5162,Refund,Low,12,3
19639,9491,Technical,High,10,3
19640,13328,Speed,High,13,1
19641,3657,Billing,Low,19,1
19642,4290,Speed,High,15,4
19643,4294,Login,Low,3,2
19644,12490,Login,Medium,10,4
19645,3462,Refund,High,15,5
19646,14455,Refund,Low,1,4
19647,7671,Login,Low,17,2
19648,11542,Network,High,14,3
19649,8438,Billing,High,18,2
19650,11779,Network,Medium,18,4
19651,13095,Refund,High,3,3
19652,7760,Login,Low,2,2
19653,582,Refund,Medium,17,5
19654,10920,Speed,High,17,1
19655,6716,Billing,High,9,4
19656,9187,Network,High,20,3
19657,3505,Billing,Low,20,3
19658,3778,Technical,High,15,3
19659,10502,Login,Medium,12,3
19660,4369,Billing,Medium,13,5
19661,10496,Network,High,17,2
19662,13887,Refund,Medium,5,1
19663,5849,Network,High,2,5
19664,4983,Login,Low,6,5
19665,8396,Technical,Low,9,2
19666,9240,Network,Medium,14,2
19667,9203,Technical,Low,5,5
19668,9342,Login,Medium,13,4
19669,14919,Speed,Low,14,1
19670,6717,Speed,Low,17,5
19671,3185,Network,Medium,11,5
19672,11753,Technical,Medium,15,4
19673,11961,Refund,Low,5,1
19674,12228,Refund,Medium,19,1
19675,6411,Technical,Low,8,5
19676,4424,Refund,Low,16,4
19677,14760,Technical,Medium,4,4
19678,8183,Network,Medium,10,5
19679,2437,Network,High,10,1
19680,10788,Refund,Medium,1,2
19681,13467,Technical,Low,2,3
19682,2743,Login,Medium,4,5
19683,4203,Technical,High,1,4
19684,6702,Billing,High,9,4
19685,14172,Billing,Low,20,5
19686,4731,Refund,Low,10,3
19687,13966,Refund,High,18,4
19688,2740,Technical,High,3,5
19689,12824,Billing,High,6,3
19690,690,Refund,Medium,3,3
19691,2187,Technical,Low,3,5
19692,1493,Refund,Low,3,3
19693,11245,Login,High,10,5
19694,8290,Billing,Medium,11,2
19695,13046,Network,Medium,8,4
19696,12315,Network,Low,13,5
19697,9570,Billing,Medium,15,5
19698,9997,Billing,Low,19,5
19699,4576,Login,Low,2,1
19700,12960,Speed,Low,15,5
19701,1946,Refund,Low,4,2
19702,7852,Refund,High,14,3
19703,3488,Refund,Low,1,5
19704,3212,Refund,Medium,8,3
19705,14823,Refund,Medium,20,2
19706,1751,Technical,Medium,17,5
19707,12927,Speed,Low,9,5
19708,6336,Login,High,20,4
19709,13959,Refund,Low,1,1
19710,1642,Network,High,9,3
19711,5742,Technical,Medium,20,5
19712,7396,Login,High,14,1
19713,14003,Network,Medium,2,2
19714,6308,Refund,High,4,5
19715,2784,Refund,Low,9,1
19716,3775,Billing,High,9,2
19717,4775,Technical,High,7,3
19718,1962,Network,High,11,5
19719,10431,Billing,Medium,8,2
19720,14085,Login,Low,13,4
19721,5206,Billing,Low,11,5
19722,11984,Technical,Medium,18,3
19723,1819,Network,Low,5,5
19724,3971,Network,Low,8,5
19725,13139,Billing,Medium,7,3
19726,12958,Refund,High,18,4
19727,2624,Network,Medium,17,4
19728,2973,Network,Low,15,4
19729,4065,Refund,Medium,11,3
19730,8779,Login,High,10,5
19731,10310,Refund,Medium,4,3
19732,9981,Network,Medium,1,5
19733,10626,Login,Low,1,2
19734,3654,Technical,Medium,13,5
19735,12628,Speed,Low,16,3
19736,1079,Refund,Medium,20,5
19737,14125,Network,Low,6,1
19738,93,Billing,Low,13,1
19739,3218,Billing,High,7,3
19740,13983,Refund,High,10,4
19741,6062,Refund,Low,10,1
19742,12359,Speed,High,2,5
19743,9136,Technical,Medium,1,2
19744,11291,Network,High,18,2
19745,3345,Network,Low,9,4
19746,12568,Billing,Low,12,5
19747,13358,Technical,Low,11,3
19748,1514,Network,Low,11,5
19749,14453,Technical,Low,13,3
19750,2438,Technical,Medium,12,1
19751,11741,Refund,Medium,9,1
19752,3824,Login,High,20,2
19753,9545,Refund,Medium,8,3
19754,2066,Login,High,19,4
19755,1866,Refund,Medium,4,1
19756,14740,Billing,Low,5,4
19757,3570,Login,High,3,2
19758,14122,Refund,High,1,4
19759,11921,Login,High,18,5
19760,9575,Technical,Low,3,5
19761,2075,Technical,Low,8,4
19762,10769,Speed,High,11,5
19763,11267,Network,Medium,4,4
19764,13632,Network,High,11,4
19765,6425,Speed,High,11,5
19766,8790,Network,High,19,2
19767,7303,Technical,Medium,4,1
19768,9433,Technical,Medium,1,1
19769,4982,Refund,High,16,1
19770,3308,Network,Medium,5,3
19771,4912,Network,High,19,4
19772,13145,Network,Medium,3,1
19773,12172,Speed,High,10,3
19774,9016,Network,Medium,8,2
19775,3508,Network,Low,4,4
19776,5023,Refund,Low,18,1
19777,12289,Refund,Low,1,5
19778,5669,Speed,High,18,3
19779,14382,Speed,Medium,12,5
19780,5889,Billing,Medium,1,4
19781,14286,Refund,High,9,3
19782,7730,Login,High,16,3
19783,2152,Speed,Low,11,2
19784,3361,Technical,Low,8,4
19785,7142,Billing,Low,16,3
19786,7236,Speed,High,6,1
19787,7173,Speed,Low,20,3
19788,5792,Login,Medium,10,4
19789,11469,Refund,High,7,2
19790,6288,Technical,Low,14,1
19791,9016,Billing,High,2,3
19792,7068,Speed,Low,15,2
19793,14929,Billing,High,9,2
19794,619,Billing,High,3,4
19795,9552,Billing,Medium,11,4
19796,8865,Network,Medium,13,4
19797,13592,Billing,High,10,3
19798,827,Technical,High,3,5
19799,9990,Billing,High,11,4
19800,9615,Login,Medium,9,1
19801,7193,Technical,Medium,18,5
19802,11765,Speed,Low,5,1
19803,914,Speed,Low,3,3
19804,1921,Speed,Low,14,5
19805,80,Billing,Medium,8,2
19806,4669,Speed,High,16,2
19807,7408,Speed,Low,7,2
19808,4475,Refund,Medium,7,1
19809,3008,Speed,High,16,5
19810,14077,Login,Medium,15,2
19811,10370,Network,High,11,4
19812,9241,Network,Medium,11,4
19813,3792,Speed,Medium,10,5
19814,2867,Speed,Low,11,1
19815,8137,Login,Low,9,5
19816,11033,Login,High,6,2
19817,9826,Refund,Medium,20,2
19818,9572,Network,Medium,19,3
19819,10823,Login,Medium,7,3
19820,1256,Speed,Low,18,1
19821,136,Speed,Medium,2,1
19822,8250,Network,High,4,2
19823,5854,Speed,Medium,2,3
19824,14318,Network,Low,12,1
19825,8501,Network,Low,1,5
19826,2365,Login,High,19,4
19827,11615,Login,Low,11,1
19828,3687,Speed,Low,11,3
19829,5711,Refund,Low,13,4
19830,3264,Login,High,13,1
19831,6350,Refund,Medium,15,2
19832,10481,Technical,Low,2,1
19833,9695,Network,High,15,4
19834,1667,Speed,High,7,1
19835,12474,Billing,High,17,4
19836,12095,Refund,Medium,12,3
19837,10824,Speed,Medium,9,1
19838,14924,Billing,Low,1,4
19839,9041,Speed,Low,4,4
19840,13715,Speed,Medium,10,2
19841,851,Billing,Medium,16,2
19842,950,Billing,High,8,4
19843,10669,Technical,High,12,5
19844,11542,Refund,Medium,8,5
19845,8930,Technical,Medium,11,2
19846,7234,Login,Medium,19,3
19847,13940,Refund,Low,15,2
19848,9883,Refund,High,15,4
19849,14454,Billing,Medium,18,4
19850,417,Technical,Low,16,2
19851,1436,Billing,High,3,3
19852,4326,Refund,High,9,2
19853,14471,Login,Low,12,1
19854,6505,Speed,High,6,2
19855,2184,Refund,High,3,1
19856,10510,Technical,High,16,3
19857,1230,Login,High,19,2
19858,7866,Billing,Low,8,4
19859,12749,Refund,Medium,4,2
19860,8989,Billing,High,9,2
19861,4720,Technical,Low,17,5
19862,3629,Login,High,1,3
19863,1059,Billing,High,14,4
19864,1377,Speed,Low,12,1
19865,8919,Billing,Medium,15,4
19866,6557,Billing,Low,19,1
19867,98,Login,High,7,2
19868,315,Speed,High,17,1
19869,3873,Login,High,9,1
19870,10422,Refund,High,15,5
19871,14764,Technical,Low,9,1
19872,12823,Network,Medium,4,1
19873,8202,Technical,High,20,1
19874,8469,Speed,High,12,5
19875,14980,Billing,High,3,4
19876,5030,Billing,Medium,4,2
19877,2714,Billing,Medium,3,3
19878,1640,Refund,Low,19,3
19879,7703,Network,High,11,1
19880,13905,Technical,High,18,5
19881,9309,Billing,Medium,14,4
19882,314,Network,High,19,5
19883,13707,Billing,High,11,5
19884,2828,Network,Low,1,1
19885,14858,Technical,Medium,9,3
19886,6144,Speed,High,9,5
19887,12275,Billing,High,13,5
19888,72,Billing,Medium,14,1
19889,12186,Login,Low,17,5
19890,2999,Network,Low,8,2
19891,4153,Speed,Low,8,2
19892,5326,Speed,High,1,1
19893,7833,Refund,Medium,7,4
19894,5781,Billing,Low,5,2
19895,14222,Network,High,17,4
19896,11046,Login,High,11,5
19897,13413,Billing,Medium,20,5
19898,14701,Refund,High,10,3
19899,2254,Refund,Low,1,4
19900,2462,Refund,High,7,1
19901,4165,Network,High,5,5
19902,11962,Billing,High,11,1
19903,10586,Refund,Low,2,5
19904,9966,Speed,Low,6,5
19905,14875,Refund,Medium,17,1
19906,6963,Network,High,1,3
19907,10716,Login,Medium,15,2
19908,10162,Speed,High,15,3
19909,3432,Billing,High,9,2
19910,5574,Speed,High,17,4
19911,202,Speed,Low,18,2
19912,13338,Billing,High,18,3
19913,6121,Billing,High,9,2
19914,12741,Refund,Low,11,1
19915,6805,Speed,Low,5,4
19916,7372,Network,Low,5,1
19917,12918,Billing,Medium,10,2
19918,14488,Technical,High,20,3
19919,14339,Billing,Medium,14,2
19920,1216,Speed,Medium,20,2
19921,6462,Refund,Medium,15,2
19922,12241,Speed,Medium,12,4
19923,2070,Billing,Low,10,1
19924,2137,Network,Medium,5,3
19925,14416,Speed,High,16,3
19926,6983,Login,High,3,5
19927,8954,Login,Medium,13,3
19928,11421,Network,Low,1,1
19929,10355,Refund,Medium,20,2
19930,7263,Speed,High,13,1
19931,14026,Network,Low,1,1
19932,5971,Refund,Medium,13,2
19933,4234,Refund,Medium,2,5
19934,11735,Refund,High,7,4
19935,628,Network,High,7,2
19936,11677,Network,Low,17,5
19937,9014,Refund,Low,3,3
19938,3628,Refund,Low,10,3
19939,3403,Speed,High,10,1
19940,9323,Login,Medium,10,4
19941,10197,Technical,High,7,4
19942,9809,Refund,Low,8,4
19943,3096,Login,High,12,2
19944,7495,Login,Low,10,1
19945,2922,Network,Medium,6,1
19946,11785,Billing,High,13,5
19947,4472,Login,Low,14,3
19948,4023,Login,High,9,4
19949,7763,Network,High,11,1
19950,8422,Technical,Medium,20,5
19951,5051,Speed,Low,11,4
19952,512,Speed,High,16,2
19953,13907,Billing,Medium,8,3
19954,3262,Login,High,1,3
19955,7624,Network,Medium,4,4
19956,5844,Technical,High,20,3
19957,14521,Refund,Low,11,4
19958,7598,Login,High,1,2
19959,3461,Login,Medium,4,3
19960,3435,Technical,Medium,17,5
19961,12761,Login,High,4,3
19962,11796,Login,Medium,11,3
19963,7938,Billing,Medium,11,5
19964,11069,Technical,Low,2,2
19965,9230,Technical,Medium,1,2
19966,12940,Technical,Medium,8,2
19967,9855,Login,Low,9,4
19968,3088,Billing,Low,12,2
19969,10779,Speed,High,19,5
19970,4869,Speed,Low,18,4
19971,14956,Billing,High,8,1
19972,13725,Refund,Low,19,1
19973,4439,Technical,Medium,7,2
19974,1594,Technical,High,4,2
19975,6430,Login,Medium,16,1
19976,11983,Login,Medium,15,2
19977,5797,Billing,Medium,3,2
19978,2003,Billing,Medium,9,4
19979,14705,Technical,Medium,3,2
19980,2625,Technical,Medium,10,1
19981,5580,Refund,High,1,1
19982,12536,Login,High,17,1
19983,5537,Speed,Low,5,5
19984,4950,Speed,High,5,3
19985,8785,Refund,Medium,14,4
19986,11734,Billing,High,12,4
19987,45,Refund,Medium,10,1
19988,3176,Technical,High,8,3
19989,4084,Speed,High,10,2
19990,10443,Refund,Low,18,2
19991,10688,Speed,Low,3,2
19992,4710,Technical,Medium,6,3
19993,7955,Technical,Medium,18,4
19994,9992,Login,Medium,16,1
19995,1507,Network,High,7,5
19996,14105,Billing,Medium,8,4
19997,296,Speed,High,8,2
19998,11012,Technical,High,2,2
19999,3894,Refund,High,4,1
20000,9176,Billing,Low,17,5
